# 8064 triangles
o stadium
v 72.7742 -50.1374 1.0000
v 74.3037 -48.6016 1.0000
v 78.2144 -51.6281 2.7143
v 72.7742 -50.1374 1.0000
v 78.2144 -51.6281 2.7143
v 76.6044 -53.2595 2.7143
v 74.3037 -48.6016 1.0000
v 75.7850 -47.0344 1.0000
v 79.7737 -49.9633 2.7143
v 74.3037 -48.6016 1.0000
v 79.7737 -49.9633 2.7143
v 78.2144 -51.6281 2.7143
v 75.7850 -47.0344 1.0000
v 77.2174 -45.4367 1.0000
v 81.2815 -48.2661 2.7143
v 75.7850 -47.0344 1.0000
v 81.2815 -48.2661 2.7143
v 79.7737 -49.9633 2.7143
v 77.2174 -45.4367 1.0000
v 78.5998 -43.8097 1.0000
v 82.7366 -46.5378 2.7143
v 77.2174 -45.4367 1.0000
v 82.7366 -46.5378 2.7143
v 81.2815 -48.2661 2.7143
v 78.5998 -43.8097 1.0000
v 79.9314 -42.1543 1.0000
v 84.1383 -44.7793 2.7143
v 78.5998 -43.8097 1.0000
v 84.1383 -44.7793 2.7143
v 82.7366 -46.5378 2.7143
v 79.9314 -42.1543 1.0000
v 81.2112 -40.4716 1.0000
v 85.4855 -42.9918 2.7143
v 79.9314 -42.1543 1.0000
v 85.4855 -42.9918 2.7143
v 84.1383 -44.7793 2.7143
v 81.2112 -40.4716 1.0000
v 82.4385 -38.7628 1.0000
v 86.7774 -41.1766 2.7143
v 81.2112 -40.4716 1.0000
v 86.7774 -41.1766 2.7143
v 85.4855 -42.9918 2.7143
v 82.4385 -38.7628 1.0000
v 83.6125 -37.0289 1.0000
v 88.0132 -39.3347 2.7143
v 82.4385 -38.7628 1.0000
v 88.0132 -39.3347 2.7143
v 86.7774 -41.1766 2.7143
v 83.6125 -37.0289 1.0000
v 84.7324 -35.2710 1.0000
v 89.1921 -37.4674 2.7143
v 83.6125 -37.0289 1.0000
v 89.1921 -37.4674 2.7143
v 88.0132 -39.3347 2.7143
v 84.7324 -35.2710 1.0000
v 85.7975 -33.4903 1.0000
v 90.3132 -35.5758 2.7143
v 84.7324 -35.2710 1.0000
v 90.3132 -35.5758 2.7143
v 89.1921 -37.4674 2.7143
v 85.7975 -33.4903 1.0000
v 86.8071 -31.6880 1.0000
v 91.3759 -33.6612 2.7143
v 85.7975 -33.4903 1.0000
v 91.3759 -33.6612 2.7143
v 90.3132 -35.5758 2.7143
v 86.8071 -31.6880 1.0000
v 87.7606 -29.8651 1.0000
v 92.3796 -31.7248 2.7143
v 86.8071 -31.6880 1.0000
v 92.3796 -31.7248 2.7143
v 91.3759 -33.6612 2.7143
v 87.7606 -29.8651 1.0000
v 88.6573 -28.0229 1.0000
v 93.3234 -29.7680 2.7143
v 87.7606 -29.8651 1.0000
v 93.3234 -29.7680 2.7143
v 92.3796 -31.7248 2.7143
v 88.6573 -28.0229 1.0000
v 89.4966 -26.1626 1.0000
v 94.2069 -27.7918 2.7143
v 88.6573 -28.0229 1.0000
v 94.2069 -27.7918 2.7143
v 93.3234 -29.7680 2.7143
v 89.4966 -26.1626 1.0000
v 90.2780 -24.2854 1.0000
v 95.0295 -25.7977 2.7143
v 89.4966 -26.1626 1.0000
v 95.0295 -25.7977 2.7143
v 94.2069 -27.7918 2.7143
v 90.2780 -24.2854 1.0000
v 91.0010 -22.3925 1.0000
v 95.7906 -23.7869 2.7143
v 90.2780 -24.2854 1.0000
v 95.7906 -23.7869 2.7143
v 95.0295 -25.7977 2.7143
v 91.0010 -22.3925 1.0000
v 91.6652 -20.4851 1.0000
v 96.4897 -21.7607 2.7143
v 91.0010 -22.3925 1.0000
v 96.4897 -21.7607 2.7143
v 95.7906 -23.7869 2.7143
v 91.6652 -20.4851 1.0000
v 92.2701 -18.5644 1.0000
v 97.1264 -19.7204 2.7143
v 91.6652 -20.4851 1.0000
v 97.1264 -19.7204 2.7143
v 96.4897 -21.7607 2.7143
v 92.2701 -18.5644 1.0000
v 92.8152 -16.6317 1.0000
v 97.7003 -17.6674 2.7143
v 92.2701 -18.5644 1.0000
v 97.7003 -17.6674 2.7143
v 97.1264 -19.7204 2.7143
v 92.8152 -16.6317 1.0000
v 93.3004 -14.6883 1.0000
v 98.2109 -15.6030 2.7143
v 92.8152 -16.6317 1.0000
v 98.2109 -15.6030 2.7143
v 97.7003 -17.6674 2.7143
v 93.3004 -14.6883 1.0000
v 93.7252 -12.7354 1.0000
v 98.6581 -13.5284 2.7143
v 93.3004 -14.6883 1.0000
v 98.6581 -13.5284 2.7143
v 98.2109 -15.6030 2.7143
v 93.7252 -12.7354 1.0000
v 94.0893 -10.7742 1.0000
v 99.0414 -11.4451 2.7143
v 93.7252 -12.7354 1.0000
v 99.0414 -11.4451 2.7143
v 98.6581 -13.5284 2.7143
v 94.0893 -10.7742 1.0000
v 94.3926 -8.8061 1.0000
v 99.3607 -9.3544 2.7143
v 94.0893 -10.7742 1.0000
v 99.3607 -9.3544 2.7143
v 99.0414 -11.4451 2.7143
v 94.3926 -8.8061 1.0000
v 94.6349 -6.8322 1.0000
v 99.6156 -7.2577 2.7143
v 94.3926 -8.8061 1.0000
v 99.6156 -7.2577 2.7143
v 99.3607 -9.3544 2.7143
v 94.6349 -6.8322 1.0000
v 94.8159 -4.8540 1.0000
v 99.8062 -5.1562 2.7143
v 94.6349 -6.8322 1.0000
v 99.8062 -5.1562 2.7143
v 99.6156 -7.2577 2.7143
v 94.8159 -4.8540 1.0000
v 94.9356 -2.8726 1.0000
v 99.9322 -3.0514 2.7143
v 94.8159 -4.8540 1.0000
v 99.9322 -3.0514 2.7143
v 99.8062 -5.1562 2.7143
v 94.9356 -2.8726 1.0000
v 94.9938 -0.8893 1.0000
v 99.9935 -0.9447 2.7143
v 94.9356 -2.8726 1.0000
v 99.9935 -0.9447 2.7143
v 99.9322 -3.0514 2.7143
v 94.9938 -0.8893 1.0000
v 94.9906 1.0945 1.0000
v 99.9902 1.1627 2.7143
v 94.9938 -0.8893 1.0000
v 99.9902 1.1627 2.7143
v 99.9935 -0.9447 2.7143
v 94.9906 1.0945 1.0000
v 94.9260 3.0776 1.0000
v 99.9221 3.2693 2.7143
v 94.9906 1.0945 1.0000
v 99.9221 3.2693 2.7143
v 99.9902 1.1627 2.7143
v 94.9260 3.0776 1.0000
v 94.8000 5.0588 1.0000
v 99.7895 5.3738 2.7143
v 94.9260 3.0776 1.0000
v 99.7895 5.3738 2.7143
v 99.9221 3.2693 2.7143
v 94.8000 5.0588 1.0000
v 94.6126 7.0366 1.0000
v 99.5922 7.4748 2.7143
v 94.8000 5.0588 1.0000
v 99.5922 7.4748 2.7143
v 99.7895 5.3738 2.7143
v 94.6126 7.0366 1.0000
v 94.3641 9.0099 1.0000
v 99.3306 9.5710 2.7143
v 94.6126 7.0366 1.0000
v 99.3306 9.5710 2.7143
v 99.5922 7.4748 2.7143
v 94.3641 9.0099 1.0000
v 94.0545 10.9774 1.0000
v 99.0047 11.6610 2.7143
v 94.3641 9.0099 1.0000
v 99.0047 11.6610 2.7143
v 99.3306 9.5710 2.7143
v 94.0545 10.9774 1.0000
v 93.6840 12.9378 1.0000
v 98.6148 13.7435 2.7143
v 94.0545 10.9774 1.0000
v 98.6148 13.7435 2.7143
v 99.0047 11.6610 2.7143
v 93.6840 12.9378 1.0000
v 93.2530 14.8898 1.0000
v 98.1610 15.8170 2.7143
v 93.6840 12.9378 1.0000
v 98.1610 15.8170 2.7143
v 98.6148 13.7435 2.7143
v 93.2530 14.8898 1.0000
v 92.7616 16.8322 1.0000
v 97.6438 17.8804 2.7143
v 93.2530 14.8898 1.0000
v 97.6438 17.8804 2.7143
v 98.1610 15.8170 2.7143
v 92.7616 16.8322 1.0000
v 92.2103 18.7637 1.0000
v 97.0634 19.9321 2.7143
v 92.7616 16.8322 1.0000
v 97.0634 19.9321 2.7143
v 97.6438 17.8804 2.7143
v 92.2103 18.7637 1.0000
v 91.5992 20.6830 1.0000
v 96.4202 21.9710 2.7143
v 92.2103 18.7637 1.0000
v 96.4202 21.9710 2.7143
v 97.0634 19.9321 2.7143
v 91.5992 20.6830 1.0000
v 90.9290 22.5890 1.0000
v 95.7147 23.9957 2.7143
v 91.5992 20.6830 1.0000
v 95.7147 23.9957 2.7143
v 96.4202 21.9710 2.7143
v 90.9290 22.5890 1.0000
v 90.1999 24.4804 1.0000
v 94.9472 26.0048 2.7143
v 90.9290 22.5890 1.0000
v 94.9472 26.0048 2.7143
v 95.7147 23.9957 2.7143
v 90.1999 24.4804 1.0000
v 89.4124 26.3559 1.0000
v 94.1183 27.9971 2.7143
v 90.1999 24.4804 1.0000
v 94.1183 27.9971 2.7143
v 94.9472 26.0048 2.7143
v 89.4124 26.3559 1.0000
v 88.5671 28.2144 1.0000
v 93.2286 29.9713 2.7143
v 89.4124 26.3559 1.0000
v 93.2286 29.9713 2.7143
v 94.1183 27.9971 2.7143
v 88.5671 28.2144 1.0000
v 87.6646 30.0546 1.0000
v 92.2785 31.9261 2.7143
v 88.5671 28.2144 1.0000
v 92.2785 31.9261 2.7143
v 93.2286 29.9713 2.7143
v 87.6646 30.0546 1.0000
v 86.7053 31.8754 1.0000
v 91.2687 33.8603 2.7143
v 87.6646 30.0546 1.0000
v 91.2687 33.8603 2.7143
v 92.2785 31.9261 2.7143
v 86.7053 31.8754 1.0000
v 85.6899 33.6755 1.0000
v 90.1999 35.7726 2.7143
v 86.7053 31.8754 1.0000
v 90.1999 35.7726 2.7143
v 91.2687 33.8603 2.7143
v 85.6899 33.6755 1.0000
v 84.6191 35.4539 1.0000
v 89.0728 37.6617 2.7143
v 85.6899 33.6755 1.0000
v 89.0728 37.6617 2.7143
v 90.1999 35.7726 2.7143
v 84.6191 35.4539 1.0000
v 83.4936 37.2094 1.0000
v 87.8880 39.5264 2.7143
v 84.6191 35.4539 1.0000
v 87.8880 39.5264 2.7143
v 89.0728 37.6617 2.7143
v 83.4936 37.2094 1.0000
v 82.3140 38.9407 1.0000
v 86.6464 41.3656 2.7143
v 83.4936 37.2094 1.0000
v 86.6464 41.3656 2.7143
v 87.8880 39.5264 2.7143
v 82.3140 38.9407 1.0000
v 81.0812 40.6469 1.0000
v 85.3487 43.1781 2.7143
v 82.3140 38.9407 1.0000
v 85.3487 43.1781 2.7143
v 86.6464 41.3656 2.7143
v 81.0812 40.6469 1.0000
v 79.7960 42.3268 1.0000
v 83.9958 44.9626 2.7143
v 81.0812 40.6469 1.0000
v 83.9958 44.9626 2.7143
v 85.3487 43.1781 2.7143
v 79.7960 42.3268 1.0000
v 78.4591 43.9793 1.0000
v 82.5886 46.7180 2.7143
v 79.7960 42.3268 1.0000
v 82.5886 46.7180 2.7143
v 83.9958 44.9626 2.7143
v 78.4591 43.9793 1.0000
v 77.0715 45.6034 1.0000
v 81.1279 48.4432 2.7143
v 78.4591 43.9793 1.0000
v 81.1279 48.4432 2.7143
v 82.5886 46.7180 2.7143
v 77.0715 45.6034 1.0000
v 75.6341 47.1980 1.0000
v 79.6148 50.1370 2.7143
v 77.0715 45.6034 1.0000
v 79.6148 50.1370 2.7143
v 81.1279 48.4432 2.7143
v 75.6341 47.1980 1.0000
v 74.1477 48.7620 1.0000
v 78.0502 51.7984 2.7143
v 75.6341 47.1980 1.0000
v 78.0502 51.7984 2.7143
v 79.6148 50.1370 2.7143
v 74.1477 48.7620 1.0000
v 72.6133 50.2945 1.0000
v 76.4351 53.4264 2.7143
v 74.1477 48.7620 1.0000
v 76.4351 53.4264 2.7143
v 78.0502 51.7984 2.7143
v 72.6133 50.2945 1.0000
v 71.0320 51.7944 1.0000
v 74.7705 55.0197 2.7143
v 72.6133 50.2945 1.0000
v 74.7705 55.0197 2.7143
v 76.4351 53.4264 2.7143
v 71.0320 51.7944 1.0000
v 69.4047 53.2609 1.0000
v 73.0576 56.5775 2.7143
v 71.0320 51.7944 1.0000
v 73.0576 56.5775 2.7143
v 74.7705 55.0197 2.7143
v 69.4047 53.2609 1.0000
v 67.7325 54.6929 1.0000
v 71.2974 58.0987 2.7143
v 69.4047 53.2609 1.0000
v 71.2974 58.0987 2.7143
v 73.0576 56.5775 2.7143
v 67.7325 54.6929 1.0000
v 66.0165 56.0895 1.0000
v 69.4911 59.5822 2.7143
v 67.7325 54.6929 1.0000
v 69.4911 59.5822 2.7143
v 71.2974 58.0987 2.7143
v 66.0165 56.0895 1.0000
v 64.2578 57.4498 1.0000
v 67.6398 61.0273 2.7143
v 66.0165 56.0895 1.0000
v 67.6398 61.0273 2.7143
v 69.4911 59.5822 2.7143
v 64.2578 57.4498 1.0000
v 62.4576 58.7730 1.0000
v 65.7448 62.4329 2.7143
v 64.2578 57.4498 1.0000
v 65.7448 62.4329 2.7143
v 67.6398 61.0273 2.7143
v 62.4576 58.7730 1.0000
v 60.6169 60.0581 1.0000
v 63.8073 63.7980 2.7143
v 62.4576 58.7730 1.0000
v 63.8073 63.7980 2.7143
v 65.7448 62.4329 2.7143
v 60.6169 60.0581 1.0000
v 58.7370 61.3045 1.0000
v 61.8284 65.1219 2.7143
v 60.6169 60.0581 1.0000
v 61.8284 65.1219 2.7143
v 63.8073 63.7980 2.7143
v 58.7370 61.3045 1.0000
v 56.8191 62.5111 1.0000
v 59.8096 66.4037 2.7143
v 58.7370 61.3045 1.0000
v 59.8096 66.4037 2.7143
v 61.8284 65.1219 2.7143
v 56.8191 62.5111 1.0000
v 54.8645 63.6773 1.0000
v 57.7521 67.6426 2.7143
v 56.8191 62.5111 1.0000
v 57.7521 67.6426 2.7143
v 59.8096 66.4037 2.7143
v 54.8645 63.6773 1.0000
v 52.8744 64.8023 1.0000
v 55.6573 68.8376 2.7143
v 54.8645 63.6773 1.0000
v 55.6573 68.8376 2.7143
v 57.7521 67.6426 2.7143
v 52.8744 64.8023 1.0000
v 50.8501 65.8854 1.0000
v 53.5264 69.9882 2.7143
v 52.8744 64.8023 1.0000
v 53.5264 69.9882 2.7143
v 55.6573 68.8376 2.7143
v 50.8501 65.8854 1.0000
v 48.7929 66.9259 1.0000
v 51.3609 71.0934 2.7143
v 50.8501 65.8854 1.0000
v 51.3609 71.0934 2.7143
v 53.5264 69.9882 2.7143
v 48.7929 66.9259 1.0000
v 46.7041 67.9231 1.0000
v 49.1622 72.1527 2.7143
v 48.7929 66.9259 1.0000
v 49.1622 72.1527 2.7143
v 51.3609 71.0934 2.7143
v 46.7041 67.9231 1.0000
v 44.5851 68.8763 1.0000
v 46.9317 73.1653 2.7143
v 46.7041 67.9231 1.0000
v 46.9317 73.1653 2.7143
v 49.1622 72.1527 2.7143
v 44.5851 68.8763 1.0000
v 42.4373 69.7850 1.0000
v 44.6708 74.1306 2.7143
v 44.5851 68.8763 1.0000
v 44.6708 74.1306 2.7143
v 46.9317 73.1653 2.7143
v 42.4373 69.7850 1.0000
v 40.2620 70.6486 1.0000
v 42.3810 75.0479 2.7143
v 42.4373 69.7850 1.0000
v 42.3810 75.0479 2.7143
v 44.6708 74.1306 2.7143
v 40.2620 70.6486 1.0000
v 38.0606 71.4664 1.0000
v 40.0638 75.9167 2.7143
v 40.2620 70.6486 1.0000
v 40.0638 75.9167 2.7143
v 42.3810 75.0479 2.7143
v 38.0606 71.4664 1.0000
v 35.8347 72.2381 1.0000
v 37.7207 76.7364 2.7143
v 38.0606 71.4664 1.0000
v 37.7207 76.7364 2.7143
v 40.0638 75.9167 2.7143
v 35.8347 72.2381 1.0000
v 33.5856 72.9629 1.0000
v 35.3532 77.5064 2.7143
v 35.8347 72.2381 1.0000
v 35.3532 77.5064 2.7143
v 37.7207 76.7364 2.7143
v 33.5856 72.9629 1.0000
v 31.3147 73.6406 1.0000
v 32.9629 78.2263 2.7143
v 33.5856 72.9629 1.0000
v 32.9629 78.2263 2.7143
v 35.3532 77.5064 2.7143
v 31.3147 73.6406 1.0000
v 29.0236 74.2707 1.0000
v 30.5512 78.8956 2.7143
v 31.3147 73.6406 1.0000
v 30.5512 78.8956 2.7143
v 32.9629 78.2263 2.7143
v 29.0236 74.2707 1.0000
v 26.7137 74.8527 1.0000
v 28.1197 79.5139 2.7143
v 29.0236 74.2707 1.0000
v 28.1197 79.5139 2.7143
v 30.5512 78.8956 2.7143
v 26.7137 74.8527 1.0000
v 24.3865 75.3863 1.0000
v 25.6701 80.0807 2.7143
v 26.7137 74.8527 1.0000
v 25.6701 80.0807 2.7143
v 28.1197 79.5139 2.7143
v 24.3865 75.3863 1.0000
v 22.0436 75.8711 1.0000
v 23.2038 80.5957 2.7143
v 24.3865 75.3863 1.0000
v 23.2038 80.5957 2.7143
v 25.6701 80.0807 2.7143
v 22.0436 75.8711 1.0000
v 19.6864 76.3069 1.0000
v 20.7225 81.0586 2.7143
v 22.0436 75.8711 1.0000
v 20.7225 81.0586 2.7143
v 23.2038 80.5957 2.7143
v 19.6864 76.3069 1.0000
v 17.3165 76.6933 1.0000
v 18.2279 81.4690 2.7143
v 19.6864 76.3069 1.0000
v 18.2279 81.4690 2.7143
v 20.7225 81.0586 2.7143
v 17.3165 76.6933 1.0000
v 14.9353 77.0300 1.0000
v 15.7214 81.8268 2.7143
v 17.3165 76.6933 1.0000
v 15.7214 81.8268 2.7143
v 18.2279 81.4690 2.7143
v 14.9353 77.0300 1.0000
v 12.5445 77.3170 1.0000
v 13.2048 82.1316 2.7143
v 14.9353 77.0300 1.0000
v 13.2048 82.1316 2.7143
v 15.7214 81.8268 2.7143
v 12.5445 77.3170 1.0000
v 10.1456 77.5539 1.0000
v 10.6796 82.3833 2.7143
v 12.5445 77.3170 1.0000
v 10.6796 82.3833 2.7143
v 13.2048 82.1316 2.7143
v 10.1456 77.5539 1.0000
v 7.7401 77.7407 1.0000
v 8.1475 82.5817 2.7143
v 10.1456 77.5539 1.0000
v 8.1475 82.5817 2.7143
v 10.6796 82.3833 2.7143
v 7.7401 77.7407 1.0000
v 5.3297 77.8772 1.0000
v 5.6102 82.7266 2.7143
v 7.7401 77.7407 1.0000
v 5.6102 82.7266 2.7143
v 8.1475 82.5817 2.7143
v 5.3297 77.8772 1.0000
v 2.9157 77.9633 1.0000
v 3.0692 82.8181 2.7143
v 5.3297 77.8772 1.0000
v 3.0692 82.8181 2.7143
v 5.6102 82.7266 2.7143
v 2.9157 77.9633 1.0000
v 0.4999 77.9989 1.0000
v 0.5262 82.8560 2.7143
v 2.9157 77.9633 1.0000
v 0.5262 82.8560 2.7143
v 3.0692 82.8181 2.7143
v 0.4999 77.9989 1.0000
v -1.9162 77.9841 1.0000
v -2.0171 82.8403 2.7143
v 0.4999 77.9989 1.0000
v -2.0171 82.8403 2.7143
v 0.5262 82.8560 2.7143
v -1.9162 77.9841 1.0000
v -4.3311 77.9189 1.0000
v -4.5591 82.7710 2.7143
v -1.9162 77.9841 1.0000
v -4.5591 82.7710 2.7143
v -2.0171 82.8403 2.7143
v -4.3311 77.9189 1.0000
v -6.7432 77.8033 1.0000
v -7.0981 82.6481 2.7143
v -4.3311 77.9189 1.0000
v -7.0981 82.6481 2.7143
v -4.5591 82.7710 2.7143
v -6.7432 77.8033 1.0000
v -9.1510 77.6373 1.0000
v -9.6326 82.4718 2.7143
v -6.7432 77.8033 1.0000
v -9.6326 82.4718 2.7143
v -7.0981 82.6481 2.7143
v -9.1510 77.6373 1.0000
v -11.5528 77.4211 1.0000
v -12.1608 82.2422 2.7143
v -9.1510 77.6373 1.0000
v -12.1608 82.2422 2.7143
v -9.6326 82.4718 2.7143
v -11.5528 77.4211 1.0000
v -13.9471 77.1548 1.0000
v -14.6812 81.9593 2.7143
v -11.5528 77.4211 1.0000
v -14.6812 81.9593 2.7143
v -12.1608 82.2422 2.7143
v -13.9471 77.1548 1.0000
v -16.3324 76.8386 1.0000
v -17.1920 81.6235 2.7143
v -13.9471 77.1548 1.0000
v -17.1920 81.6235 2.7143
v -14.6812 81.9593 2.7143
v -16.3324 76.8386 1.0000
v -18.7072 76.4728 1.0000
v -19.6918 81.2348 2.7143
v -16.3324 76.8386 1.0000
v -19.6918 81.2348 2.7143
v -17.1920 81.6235 2.7143
v -18.7072 76.4728 1.0000
v -21.0699 76.0574 1.0000
v -22.1788 80.7936 2.7143
v -18.7072 76.4728 1.0000
v -22.1788 80.7936 2.7143
v -19.6918 81.2348 2.7143
v -21.0699 76.0574 1.0000
v -23.4189 75.5928 1.0000
v -24.6515 80.3001 2.7143
v -21.0699 76.0574 1.0000
v -24.6515 80.3001 2.7143
v -22.1788 80.7936 2.7143
v -23.4189 75.5928 1.0000
v -25.7528 75.0794 1.0000
v -27.1082 79.7547 2.7143
v -23.4189 75.5928 1.0000
v -27.1082 79.7547 2.7143
v -24.6515 80.3001 2.7143
v -25.7528 75.0794 1.0000
v -28.0700 74.5174 1.0000
v -29.5473 79.1577 2.7143
v -25.7528 75.0794 1.0000
v -29.5473 79.1577 2.7143
v -27.1082 79.7547 2.7143
v -28.0700 74.5174 1.0000
v -30.3690 73.9071 1.0000
v -31.9674 78.5094 2.7143
v -28.0700 74.5174 1.0000
v -31.9674 78.5094 2.7143
v -29.5473 79.1577 2.7143
v -30.3690 73.9071 1.0000
v -32.6485 73.2491 1.0000
v -34.3668 77.8104 2.7143
v -30.3690 73.9071 1.0000
v -34.3668 77.8104 2.7143
v -31.9674 78.5094 2.7143
v -32.6485 73.2491 1.0000
v -34.9067 72.5437 1.0000
v -36.7439 77.0611 2.7143
v -32.6485 73.2491 1.0000
v -36.7439 77.0611 2.7143
v -34.3668 77.8104 2.7143
v -34.9067 72.5437 1.0000
v -37.1425 71.7914 1.0000
v -39.0973 76.2619 2.7143
v -34.9067 72.5437 1.0000
v -39.0973 76.2619 2.7143
v -36.7439 77.0611 2.7143
v -37.1425 71.7914 1.0000
v -39.3542 70.9926 1.0000
v -41.4254 75.4134 2.7143
v -37.1425 71.7914 1.0000
v -41.4254 75.4134 2.7143
v -39.0973 76.2619 2.7143
v -39.3542 70.9926 1.0000
v -41.5404 70.1479 1.0000
v -43.7267 74.5160 2.7143
v -39.3542 70.9926 1.0000
v -43.7267 74.5160 2.7143
v -41.4254 75.4134 2.7143
v -41.5404 70.1479 1.0000
v -43.6997 69.2578 1.0000
v -45.9997 73.5705 2.7143
v -41.5404 70.1479 1.0000
v -45.9997 73.5705 2.7143
v -43.7267 74.5160 2.7143
v -43.6997 69.2578 1.0000
v -45.8308 68.3229 1.0000
v -48.2430 72.5774 2.7143
v -43.6997 69.2578 1.0000
v -48.2430 72.5774 2.7143
v -45.9997 73.5705 2.7143
v -45.8308 68.3229 1.0000
v -47.9323 67.3438 1.0000
v -50.4550 71.5374 2.7143
v -45.8308 68.3229 1.0000
v -50.4550 71.5374 2.7143
v -48.2430 72.5774 2.7143
v -47.9323 67.3438 1.0000
v -50.0027 66.3212 1.0000
v -52.6344 70.4511 2.7143
v -47.9323 67.3438 1.0000
v -52.6344 70.4511 2.7143
v -50.4550 71.5374 2.7143
v -50.0027 66.3212 1.0000
v -52.0408 65.2556 1.0000
v -54.7798 69.3192 2.7143
v -50.0027 66.3212 1.0000
v -54.7798 69.3192 2.7143
v -52.6344 70.4511 2.7143
v -52.0408 65.2556 1.0000
v -54.0452 64.1479 1.0000
v -56.8897 68.1424 2.7143
v -52.0408 65.2556 1.0000
v -56.8897 68.1424 2.7143
v -54.7798 69.3192 2.7143
v -54.0452 64.1479 1.0000
v -56.0147 62.9986 1.0000
v -58.9629 66.9216 2.7143
v -54.0452 64.1479 1.0000
v -58.9629 66.9216 2.7143
v -56.8897 68.1424 2.7143
v -56.0147 62.9986 1.0000
v -57.9479 61.8086 1.0000
v -60.9978 65.6575 2.7143
v -56.0147 62.9986 1.0000
v -60.9978 65.6575 2.7143
v -58.9629 66.9216 2.7143
v -57.9479 61.8086 1.0000
v -59.8437 60.5786 1.0000
v -62.9934 64.3509 2.7143
v -57.9479 61.8086 1.0000
v -62.9934 64.3509 2.7143
v -60.9978 65.6575 2.7143
v -59.8437 60.5786 1.0000
v -61.7007 59.3094 1.0000
v -64.9481 63.0027 2.7143
v -59.8437 60.5786 1.0000
v -64.9481 63.0027 2.7143
v -62.9934 64.3509 2.7143
v -61.7007 59.3094 1.0000
v -63.5179 58.0019 1.0000
v -66.8609 61.6137 2.7143
v -61.7007 59.3094 1.0000
v -66.8609 61.6137 2.7143
v -64.9481 63.0027 2.7143
v -63.5179 58.0019 1.0000
v -65.2939 56.6568 1.0000
v -68.7304 60.1849 2.7143
v -63.5179 58.0019 1.0000
v -68.7304 60.1849 2.7143
v -66.8609 61.6137 2.7143
v -65.2939 56.6568 1.0000
v -67.0277 55.2751 1.0000
v -70.5555 58.7172 2.7143
v -65.2939 56.6568 1.0000
v -70.5555 58.7172 2.7143
v -68.7304 60.1849 2.7143
v -67.0277 55.2751 1.0000
v -68.7181 53.8577 1.0000
v -72.3349 57.2114 2.7143
v -67.0277 55.2751 1.0000
v -72.3349 57.2114 2.7143
v -70.5555 58.7172 2.7143
v -68.7181 53.8577 1.0000
v -70.3641 52.4054 1.0000
v -74.0675 55.6687 2.7143
v -68.7181 53.8577 1.0000
v -74.0675 55.6687 2.7143
v -72.3349 57.2114 2.7143
v -70.3641 52.4054 1.0000
v -71.9646 50.9191 1.0000
v -75.7522 54.0899 2.7143
v -70.3641 52.4054 1.0000
v -75.7522 54.0899 2.7143
v -74.0675 55.6687 2.7143
v -71.9646 50.9191 1.0000
v -73.5185 49.4000 1.0000
v -77.3879 52.4762 2.7143
v -71.9646 50.9191 1.0000
v -77.3879 52.4762 2.7143
v -75.7522 54.0899 2.7143
v -73.5185 49.4000 1.0000
v -75.0249 47.8489 1.0000
v -78.9736 50.8285 2.7143
v -73.5185 49.4000 1.0000
v -78.9736 50.8285 2.7143
v -77.3879 52.4762 2.7143
v -75.0249 47.8489 1.0000
v -76.4827 46.2668 1.0000
v -80.5081 49.1479 2.7143
v -75.0249 47.8489 1.0000
v -80.5081 49.1479 2.7143
v -78.9736 50.8285 2.7143
v -76.4827 46.2668 1.0000
v -77.8911 44.6549 1.0000
v -81.9906 47.4356 2.7143
v -76.4827 46.2668 1.0000
v -81.9906 47.4356 2.7143
v -80.5081 49.1479 2.7143
v -77.8911 44.6549 1.0000
v -79.2490 43.0140 1.0000
v -83.4200 45.6925 2.7143
v -77.8911 44.6549 1.0000
v -83.4200 45.6925 2.7143
v -81.9906 47.4356 2.7143
v -79.2490 43.0140 1.0000
v -80.5557 41.3453 1.0000
v -84.7955 43.9199 2.7143
v -79.2490 43.0140 1.0000
v -84.7955 43.9199 2.7143
v -83.4200 45.6925 2.7143
v -80.5557 41.3453 1.0000
v -81.8103 39.6499 1.0000
v -86.1161 42.1189 2.7143
v -80.5557 41.3453 1.0000
v -86.1161 42.1189 2.7143
v -84.7955 43.9199 2.7143
v -81.8103 39.6499 1.0000
v -83.0120 37.9288 1.0000
v -87.3811 40.2906 2.7143
v -81.8103 39.6499 1.0000
v -87.3811 40.2906 2.7143
v -86.1161 42.1189 2.7143
v -83.0120 37.9288 1.0000
v -84.1600 36.1832 1.0000
v -88.5895 38.4363 2.7143
v -83.0120 37.9288 1.0000
v -88.5895 38.4363 2.7143
v -87.3811 40.2906 2.7143
v -84.1600 36.1832 1.0000
v -85.2535 34.4141 1.0000
v -89.7405 36.5571 2.7143
v -84.1600 36.1832 1.0000
v -89.7405 36.5571 2.7143
v -88.5895 38.4363 2.7143
v -85.2535 34.4141 1.0000
v -86.2919 32.6228 1.0000
v -90.8336 34.6543 2.7143
v -85.2535 34.4141 1.0000
v -90.8336 34.6543 2.7143
v -89.7405 36.5571 2.7143
v -86.2919 32.6228 1.0000
v -87.2745 30.8104 1.0000
v -91.8679 32.7290 2.7143
v -86.2919 32.6228 1.0000
v -91.8679 32.7290 2.7143
v -90.8336 34.6543 2.7143
v -87.2745 30.8104 1.0000
v -88.2006 28.9781 1.0000
v -92.8427 30.7826 2.7143
v -87.2745 30.8104 1.0000
v -92.8427 30.7826 2.7143
v -91.8679 32.7290 2.7143
v -88.2006 28.9781 1.0000
v -89.0696 27.1271 1.0000
v -93.7575 28.8163 2.7143
v -88.2006 28.9781 1.0000
v -93.7575 28.8163 2.7143
v -92.8427 30.7826 2.7143
v -89.0696 27.1271 1.0000
v -89.8811 25.2584 1.0000
v -94.6117 26.8313 2.7143
v -89.0696 27.1271 1.0000
v -94.6117 26.8313 2.7143
v -93.7575 28.8163 2.7143
v -89.8811 25.2584 1.0000
v -90.6344 23.3735 1.0000
v -95.4046 24.8290 2.7143
v -89.8811 25.2584 1.0000
v -95.4046 24.8290 2.7143
v -94.6117 26.8313 2.7143
v -90.6344 23.3735 1.0000
v -91.3290 21.4734 1.0000
v -96.1358 22.8106 2.7143
v -90.6344 23.3735 1.0000
v -96.1358 22.8106 2.7143
v -95.4046 24.8290 2.7143
v -91.3290 21.4734 1.0000
v -91.9646 19.5594 1.0000
v -96.8049 20.7774 2.7143
v -91.3290 21.4734 1.0000
v -96.8049 20.7774 2.7143
v -96.1358 22.8106 2.7143
v -91.9646 19.5594 1.0000
v -92.5407 17.6328 1.0000
v -97.4113 18.7308 2.7143
v -91.9646 19.5594 1.0000
v -97.4113 18.7308 2.7143
v -96.8049 20.7774 2.7143
v -92.5407 17.6328 1.0000
v -93.0570 15.6948 1.0000
v -97.9547 16.6721 2.7143
v -92.5407 17.6328 1.0000
v -97.9547 16.6721 2.7143
v -97.4113 18.7308 2.7143
v -93.0570 15.6948 1.0000
v -93.5130 13.7466 1.0000
v -98.4347 14.6026 2.7143
v -93.0570 15.6948 1.0000
v -98.4347 14.6026 2.7143
v -97.9547 16.6721 2.7143
v -93.5130 13.7466 1.0000
v -93.9086 11.7896 1.0000
v -98.8511 12.5237 2.7143
v -93.5130 13.7466 1.0000
v -98.8511 12.5237 2.7143
v -98.4347 14.6026 2.7143
v -93.9086 11.7896 1.0000
v -94.2434 9.8249 1.0000
v -99.2035 10.4367 2.7143
v -93.9086 11.7896 1.0000
v -99.2035 10.4367 2.7143
v -98.8511 12.5237 2.7143
v -94.2434 9.8249 1.0000
v -94.5172 7.8538 1.0000
v -99.4918 8.3429 2.7143
v -94.2434 9.8249 1.0000
v -99.4918 8.3429 2.7143
v -99.2035 10.4367 2.7143
v -94.5172 7.8538 1.0000
v -94.7299 5.8777 1.0000
v -99.7157 6.2437 2.7143
v -94.5172 7.8538 1.0000
v -99.7157 6.2437 2.7143
v -99.4918 8.3429 2.7143
v -94.7299 5.8777 1.0000
v -94.8813 3.8977 1.0000
v -99.8751 4.1405 2.7143
v -94.7299 5.8777 1.0000
v -99.8751 4.1405 2.7143
v -99.7157 6.2437 2.7143
v -94.8813 3.8977 1.0000
v -94.9714 1.9153 1.0000
v -99.9698 2.0346 2.7143
v -94.8813 3.8977 1.0000
v -99.9698 2.0346 2.7143
v -99.8751 4.1405 2.7143
v -94.9714 1.9153 1.0000
v -95.0000 -0.0684 1.0000
v -100.0000 -0.0727 2.7143
v -94.9714 1.9153 1.0000
v -100.0000 -0.0727 2.7143
v -99.9698 2.0346 2.7143
v -95.0000 -0.0684 1.0000
v -94.9671 -2.0521 1.0000
v -99.9654 -2.1798 2.7143
v -95.0000 -0.0684 1.0000
v -99.9654 -2.1798 2.7143
v -100.0000 -0.0727 2.7143
v -94.9671 -2.0521 1.0000
v -94.8728 -4.0344 1.0000
v -99.8661 -4.2856 2.7143
v -94.9671 -2.0521 1.0000
v -99.8661 -4.2856 2.7143
v -99.9654 -2.1798 2.7143
v -94.8728 -4.0344 1.0000
v -94.7172 -6.0141 1.0000
v -99.7023 -6.3886 2.7143
v -94.8728 -4.0344 1.0000
v -99.7023 -6.3886 2.7143
v -99.8661 -4.2856 2.7143
v -94.7172 -6.0141 1.0000
v -94.5003 -7.9899 1.0000
v -99.4740 -8.4875 2.7143
v -94.7172 -6.0141 1.0000
v -99.4740 -8.4875 2.7143
v -99.7023 -6.3886 2.7143
v -94.5003 -7.9899 1.0000
v -94.2222 -9.9606 1.0000
v -99.1813 -10.5808 2.7143
v -94.5003 -7.9899 1.0000
v -99.1813 -10.5808 2.7143
v -99.4740 -8.4875 2.7143
v -94.2222 -9.9606 1.0000
v -93.8832 -11.9248 1.0000
v -98.8244 -12.6674 2.7143
v -94.2222 -9.9606 1.0000
v -98.8244 -12.6674 2.7143
v -99.1813 -10.5808 2.7143
v -93.8832 -11.9248 1.0000
v -93.4835 -13.8813 1.0000
v -98.4037 -14.7457 2.7143
v -93.8832 -11.9248 1.0000
v -98.4037 -14.7457 2.7143
v -98.8244 -12.6674 2.7143
v -93.4835 -13.8813 1.0000
v -93.0233 -15.8288 1.0000
v -97.9193 -16.8145 2.7143
v -93.4835 -13.8813 1.0000
v -97.9193 -16.8145 2.7143
v -98.4037 -14.7457 2.7143
v -93.0233 -15.8288 1.0000
v -92.5029 -17.7661 1.0000
v -97.3715 -18.8724 2.7143
v -93.0233 -15.8288 1.0000
v -97.3715 -18.8724 2.7143
v -97.9193 -16.8145 2.7143
v -92.5029 -17.7661 1.0000
v -91.9227 -19.6919 1.0000
v -96.7607 -20.9181 2.7143
v -92.5029 -17.7661 1.0000
v -96.7607 -20.9181 2.7143
v -97.3715 -18.8724 2.7143
v -91.9227 -19.6919 1.0000
v -91.2830 -21.6049 1.0000
v -96.0874 -22.9503 2.7143
v -91.9227 -19.6919 1.0000
v -96.0874 -22.9503 2.7143
v -96.7607 -20.9181 2.7143
v -91.2830 -21.6049 1.0000
v -90.5843 -23.5040 1.0000
v -95.3519 -24.9676 2.7143
v -91.2830 -21.6049 1.0000
v -95.3519 -24.9676 2.7143
v -96.0874 -22.9503 2.7143
v -90.5843 -23.5040 1.0000
v -89.8270 -25.3878 1.0000
v -94.5547 -26.9688 2.7143
v -90.5843 -23.5040 1.0000
v -94.5547 -26.9688 2.7143
v -95.3519 -24.9676 2.7143
v -89.8270 -25.3878 1.0000
v -89.0115 -27.2553 1.0000
v -93.6964 -28.9525 2.7143
v -89.8270 -25.3878 1.0000
v -93.6964 -28.9525 2.7143
v -94.5547 -26.9688 2.7143
v -89.0115 -27.2553 1.0000
v -88.1385 -29.1051 1.0000
v -92.7774 -30.9175 2.7143
v -89.0115 -27.2553 1.0000
v -92.7774 -30.9175 2.7143
v -93.6964 -28.9525 2.7143
v -88.1385 -29.1051 1.0000
v -87.2085 -30.9361 1.0000
v -91.7984 -32.8625 2.7143
v -88.1385 -29.1051 1.0000
v -91.7984 -32.8625 2.7143
v -92.7774 -30.9175 2.7143
v -87.2085 -30.9361 1.0000
v -86.2221 -32.7471 1.0000
v -90.7601 -34.7863 2.7143
v -87.2085 -30.9361 1.0000
v -90.7601 -34.7863 2.7143
v -91.7984 -32.8625 2.7143
v -86.2221 -32.7471 1.0000
v -85.1799 -34.5369 1.0000
v -89.6630 -36.6875 2.7143
v -86.2221 -32.7471 1.0000
v -89.6630 -36.6875 2.7143
v -90.7601 -34.7863 2.7143
v -85.1799 -34.5369 1.0000
v -84.0826 -36.3043 1.0000
v -88.5080 -38.5650 2.7143
v -85.1799 -34.5369 1.0000
v -88.5080 -38.5650 2.7143
v -89.6630 -36.6875 2.7143
v -84.0826 -36.3043 1.0000
v -82.9308 -38.0483 1.0000
v -87.2956 -40.4176 2.7143
v -84.0826 -36.3043 1.0000
v -87.2956 -40.4176 2.7143
v -88.5080 -38.5650 2.7143
v -82.9308 -38.0483 1.0000
v -81.7255 -39.7676 1.0000
v -86.0268 -42.2440 2.7143
v -82.9308 -38.0483 1.0000
v -86.0268 -42.2440 2.7143
v -87.2956 -40.4176 2.7143
v -81.7255 -39.7676 1.0000
v -80.4673 -41.4613 1.0000
v -84.7024 -44.0431 2.7143
v -81.7255 -39.7676 1.0000
v -84.7024 -44.0431 2.7143
v -86.0268 -42.2440 2.7143
v -80.4673 -41.4613 1.0000
v -79.1570 -43.1281 1.0000
v -83.3232 -45.8137 2.7143
v -80.4673 -41.4613 1.0000
v -83.3232 -45.8137 2.7143
v -84.7024 -44.0431 2.7143
v -79.1570 -43.1281 1.0000
v -77.7955 -44.7670 1.0000
v -81.8900 -47.5547 2.7143
v -79.1570 -43.1281 1.0000
v -81.8900 -47.5547 2.7143
v -83.3232 -45.8137 2.7143
v -77.7955 -44.7670 1.0000
v -76.3837 -46.3769 1.0000
v -80.4039 -49.2649 2.7143
v -77.7955 -44.7670 1.0000
v -80.4039 -49.2649 2.7143
v -81.8900 -47.5547 2.7143
v -76.3837 -46.3769 1.0000
v -74.9225 -47.9569 1.0000
v -78.8658 -50.9432 2.7143
v -76.3837 -46.3769 1.0000
v -78.8658 -50.9432 2.7143
v -80.4039 -49.2649 2.7143
v -74.9225 -47.9569 1.0000
v -73.4129 -49.5058 1.0000
v -77.2767 -52.5886 2.7143
v -74.9225 -47.9569 1.0000
v -77.2767 -52.5886 2.7143
v -78.8658 -50.9432 2.7143
v -73.4129 -49.5058 1.0000
v -71.8557 -51.0227 1.0000
v -75.6376 -54.2000 2.7143
v -73.4129 -49.5058 1.0000
v -75.6376 -54.2000 2.7143
v -77.2767 -52.5886 2.7143
v -71.8557 -51.0227 1.0000
v -70.2521 -52.5066 1.0000
v -73.9495 -55.7763 2.7143
v -71.8557 -51.0227 1.0000
v -73.9495 -55.7763 2.7143
v -75.6376 -54.2000 2.7143
v -70.2521 -52.5066 1.0000
v -68.6030 -53.9565 1.0000
v -72.2136 -57.3165 2.7143
v -70.2521 -52.5066 1.0000
v -72.2136 -57.3165 2.7143
v -73.9495 -55.7763 2.7143
v -68.6030 -53.9565 1.0000
v -66.9095 -55.3716 1.0000
v -70.4311 -58.8196 2.7143
v -68.6030 -53.9565 1.0000
v -70.4311 -58.8196 2.7143
v -72.2136 -57.3165 2.7143
v -66.9095 -55.3716 1.0000
v -65.1728 -56.7508 1.0000
v -68.6029 -60.2847 2.7143
v -66.9095 -55.3716 1.0000
v -68.6029 -60.2847 2.7143
v -70.4311 -58.8196 2.7143
v -65.1728 -56.7508 1.0000
v -63.3938 -58.0933 1.0000
v -66.7304 -61.7108 2.7143
v -65.1728 -56.7508 1.0000
v -66.7304 -61.7108 2.7143
v -68.6029 -60.2847 2.7143
v -63.3938 -58.0933 1.0000
v -61.5739 -59.3982 1.0000
v -64.8147 -63.0970 2.7143
v -63.3938 -58.0933 1.0000
v -64.8147 -63.0970 2.7143
v -66.7304 -61.7108 2.7143
v -61.5739 -59.3982 1.0000
v -59.7142 -60.6647 1.0000
v -62.8570 -64.4424 2.7143
v -61.5739 -59.3982 1.0000
v -62.8570 -64.4424 2.7143
v -64.8147 -63.0970 2.7143
v -59.7142 -60.6647 1.0000
v -57.8158 -61.8920 1.0000
v -60.8587 -65.7460 2.7143
v -59.7142 -60.6647 1.0000
v -60.8587 -65.7460 2.7143
v -62.8570 -64.4424 2.7143
v -57.8158 -61.8920 1.0000
v -55.8800 -63.0792 1.0000
v -58.8211 -67.0072 2.7143
v -57.8158 -61.8920 1.0000
v -58.8211 -67.0072 2.7143
v -60.8587 -65.7460 2.7143
v -55.8800 -63.0792 1.0000
v -53.9081 -64.2256 1.0000
v -56.7454 -68.2250 2.7143
v -55.8800 -63.0792 1.0000
v -56.7454 -68.2250 2.7143
v -58.8211 -67.0072 2.7143
v -53.9081 -64.2256 1.0000
v -51.9013 -65.3305 1.0000
v -54.6330 -69.3987 2.7143
v -53.9081 -64.2256 1.0000
v -54.6330 -69.3987 2.7143
v -56.7454 -68.2250 2.7143
v -51.9013 -65.3305 1.0000
v -49.8610 -66.3931 1.0000
v -52.4852 -70.5275 2.7143
v -51.9013 -65.3305 1.0000
v -52.4852 -70.5275 2.7143
v -54.6330 -69.3987 2.7143
v -49.8610 -66.3931 1.0000
v -47.7883 -67.4127 1.0000
v -50.3035 -71.6106 2.7143
v -49.8610 -66.3931 1.0000
v -50.3035 -71.6106 2.7143
v -52.4852 -70.5275 2.7143
v -47.7883 -67.4127 1.0000
v -45.6848 -68.3888 1.0000
v -48.0893 -72.6474 2.7143
v -47.7883 -67.4127 1.0000
v -48.0893 -72.6474 2.7143
v -50.3035 -71.6106 2.7143
v -45.6848 -68.3888 1.0000
v -43.5517 -69.3206 1.0000
v -45.8439 -73.6373 2.7143
v -45.6848 -68.3888 1.0000
v -45.8439 -73.6373 2.7143
v -48.0893 -72.6474 2.7143
v -43.5517 -69.3206 1.0000
v -41.3905 -70.2076 1.0000
v -43.5689 -74.5795 2.7143
v -43.5517 -69.3206 1.0000
v -43.5689 -74.5795 2.7143
v -45.8439 -73.6373 2.7143
v -41.3905 -70.2076 1.0000
v -39.2024 -71.0491 1.0000
v -41.2657 -75.4734 2.7143
v -41.3905 -70.2076 1.0000
v -41.2657 -75.4734 2.7143
v -43.5689 -74.5795 2.7143
v -39.2024 -71.0491 1.0000
v -36.9890 -71.8447 1.0000
v -38.9358 -76.3186 2.7143
v -39.2024 -71.0491 1.0000
v -38.9358 -76.3186 2.7143
v -41.2657 -75.4734 2.7143
v -36.9890 -71.8447 1.0000
v -34.7517 -72.5939 1.0000
v -36.5808 -77.1144 2.7143
v -36.9890 -71.8447 1.0000
v -36.5808 -77.1144 2.7143
v -38.9358 -76.3186 2.7143
v -34.7517 -72.5939 1.0000
v -32.4919 -73.2960 1.0000
v -34.2020 -77.8602 2.7143
v -34.7517 -72.5939 1.0000
v -34.2020 -77.8602 2.7143
v -36.5808 -77.1144 2.7143
v 76.6044 -53.2595 2.7143
v 78.2144 -51.6281 2.7143
v 82.1251 -54.6546 4.4286
v 76.6044 -53.2595 2.7143
v 82.1251 -54.6546 4.4286
v 80.4347 -56.3817 4.4286
v 78.2144 -51.6281 2.7143
v 79.7737 -49.9633 2.7143
v 83.7624 -52.8922 4.4286
v 78.2144 -51.6281 2.7143
v 83.7624 -52.8922 4.4286
v 82.1251 -54.6546 4.4286
v 79.7737 -49.9633 2.7143
v 81.2815 -48.2661 2.7143
v 85.3455 -51.0955 4.4286
v 79.7737 -49.9633 2.7143
v 85.3455 -51.0955 4.4286
v 83.7624 -52.8922 4.4286
v 81.2815 -48.2661 2.7143
v 82.7366 -46.5378 2.7143
v 86.8735 -49.2658 4.4286
v 81.2815 -48.2661 2.7143
v 86.8735 -49.2658 4.4286
v 85.3455 -51.0955 4.4286
v 82.7366 -46.5378 2.7143
v 84.1383 -44.7793 2.7143
v 88.3452 -47.4043 4.4286
v 82.7366 -46.5378 2.7143
v 88.3452 -47.4043 4.4286
v 86.8735 -49.2658 4.4286
v 84.1383 -44.7793 2.7143
v 85.4855 -42.9918 2.7143
v 89.7598 -45.5120 4.4286
v 84.1383 -44.7793 2.7143
v 89.7598 -45.5120 4.4286
v 88.3452 -47.4043 4.4286
v 85.4855 -42.9918 2.7143
v 86.7774 -41.1766 2.7143
v 91.1163 -43.5904 4.4286
v 85.4855 -42.9918 2.7143
v 91.1163 -43.5904 4.4286
v 89.7598 -45.5120 4.4286
v 86.7774 -41.1766 2.7143
v 88.0132 -39.3347 2.7143
v 92.4139 -41.6405 4.4286
v 86.7774 -41.1766 2.7143
v 92.4139 -41.6405 4.4286
v 91.1163 -43.5904 4.4286
v 88.0132 -39.3347 2.7143
v 89.1921 -37.4674 2.7143
v 93.6517 -39.6637 4.4286
v 88.0132 -39.3347 2.7143
v 93.6517 -39.6637 4.4286
v 92.4139 -41.6405 4.4286
v 89.1921 -37.4674 2.7143
v 90.3132 -35.5758 2.7143
v 94.8289 -37.6613 4.4286
v 89.1921 -37.4674 2.7143
v 94.8289 -37.6613 4.4286
v 93.6517 -39.6637 4.4286
v 90.3132 -35.5758 2.7143
v 91.3759 -33.6612 2.7143
v 95.9447 -35.6344 4.4286
v 90.3132 -35.5758 2.7143
v 95.9447 -35.6344 4.4286
v 94.8289 -37.6613 4.4286
v 91.3759 -33.6612 2.7143
v 92.3796 -31.7248 2.7143
v 96.9985 -33.5846 4.4286
v 91.3759 -33.6612 2.7143
v 96.9985 -33.5846 4.4286
v 95.9447 -35.6344 4.4286
v 92.3796 -31.7248 2.7143
v 93.3234 -29.7680 2.7143
v 97.9896 -31.5130 4.4286
v 92.3796 -31.7248 2.7143
v 97.9896 -31.5130 4.4286
v 96.9985 -33.5846 4.4286
v 93.3234 -29.7680 2.7143
v 94.2069 -27.7918 2.7143
v 98.9173 -29.4210 4.4286
v 93.3234 -29.7680 2.7143
v 98.9173 -29.4210 4.4286
v 97.9896 -31.5130 4.4286
v 94.2069 -27.7918 2.7143
v 95.0295 -25.7977 2.7143
v 99.7810 -27.3100 4.4286
v 94.2069 -27.7918 2.7143
v 99.7810 -27.3100 4.4286
v 98.9173 -29.4210 4.4286
v 95.0295 -25.7977 2.7143
v 95.7906 -23.7869 2.7143
v 100.5801 -25.1813 4.4286
v 95.0295 -25.7977 2.7143
v 100.5801 -25.1813 4.4286
v 99.7810 -27.3100 4.4286
v 95.7906 -23.7869 2.7143
v 96.4897 -21.7607 2.7143
v 101.3142 -23.0363 4.4286
v 95.7906 -23.7869 2.7143
v 101.3142 -23.0363 4.4286
v 100.5801 -25.1813 4.4286
v 96.4897 -21.7607 2.7143
v 97.1264 -19.7204 2.7143
v 101.9827 -20.8765 4.4286
v 96.4897 -21.7607 2.7143
v 101.9827 -20.8765 4.4286
v 101.3142 -23.0363 4.4286
v 97.1264 -19.7204 2.7143
v 97.7003 -17.6674 2.7143
v 102.5853 -18.7031 4.4286
v 97.1264 -19.7204 2.7143
v 102.5853 -18.7031 4.4286
v 101.9827 -20.8765 4.4286
v 97.7003 -17.6674 2.7143
v 98.2109 -15.6030 2.7143
v 103.1215 -16.5176 4.4286
v 97.7003 -17.6674 2.7143
v 103.1215 -16.5176 4.4286
v 102.5853 -18.7031 4.4286
v 98.2109 -15.6030 2.7143
v 98.6581 -13.5284 2.7143
v 103.5910 -14.3215 4.4286
v 98.2109 -15.6030 2.7143
v 103.5910 -14.3215 4.4286
v 103.1215 -16.5176 4.4286
v 98.6581 -13.5284 2.7143
v 99.0414 -11.4451 2.7143
v 103.9935 -12.1160 4.4286
v 98.6581 -13.5284 2.7143
v 103.9935 -12.1160 4.4286
v 103.5910 -14.3215 4.4286
v 99.0414 -11.4451 2.7143
v 99.3607 -9.3544 2.7143
v 104.3287 -9.9028 4.4286
v 99.0414 -11.4451 2.7143
v 104.3287 -9.9028 4.4286
v 103.9935 -12.1160 4.4286
v 99.3607 -9.3544 2.7143
v 99.6156 -7.2577 2.7143
v 104.5964 -7.6831 4.4286
v 99.3607 -9.3544 2.7143
v 104.5964 -7.6831 4.4286
v 104.3287 -9.9028 4.4286
v 99.6156 -7.2577 2.7143
v 99.8062 -5.1562 2.7143
v 104.7965 -5.4585 4.4286
v 99.6156 -7.2577 2.7143
v 104.7965 -5.4585 4.4286
v 104.5964 -7.6831 4.4286
v 99.8062 -5.1562 2.7143
v 99.9322 -3.0514 2.7143
v 104.9288 -3.2303 4.4286
v 99.8062 -5.1562 2.7143
v 104.9288 -3.2303 4.4286
v 104.7965 -5.4585 4.4286
v 99.9322 -3.0514 2.7143
v 99.9935 -0.9447 2.7143
v 104.9932 -1.0001 4.4286
v 99.9322 -3.0514 2.7143
v 104.9932 -1.0001 4.4286
v 104.9288 -3.2303 4.4286
v 99.9935 -0.9447 2.7143
v 99.9902 1.1627 2.7143
v 104.9897 1.2308 4.4286
v 99.9935 -0.9447 2.7143
v 104.9897 1.2308 4.4286
v 104.9932 -1.0001 4.4286
v 99.9902 1.1627 2.7143
v 99.9221 3.2693 2.7143
v 104.9182 3.4609 4.4286
v 99.9902 1.1627 2.7143
v 104.9182 3.4609 4.4286
v 104.9897 1.2308 4.4286
v 99.9221 3.2693 2.7143
v 99.7895 5.3738 2.7143
v 104.7789 5.6888 4.4286
v 99.9221 3.2693 2.7143
v 104.7789 5.6888 4.4286
v 104.9182 3.4609 4.4286
v 99.7895 5.3738 2.7143
v 99.5922 7.4748 2.7143
v 104.5719 7.9130 4.4286
v 99.7895 5.3738 2.7143
v 104.5719 7.9130 4.4286
v 104.7789 5.6888 4.4286
v 99.5922 7.4748 2.7143
v 99.3306 9.5710 2.7143
v 104.2971 10.1321 4.4286
v 99.5922 7.4748 2.7143
v 104.2971 10.1321 4.4286
v 104.5719 7.9130 4.4286
v 99.3306 9.5710 2.7143
v 99.0047 11.6610 2.7143
v 103.9549 12.3446 4.4286
v 99.3306 9.5710 2.7143
v 103.9549 12.3446 4.4286
v 104.2971 10.1321 4.4286
v 99.0047 11.6610 2.7143
v 98.6148 13.7435 2.7143
v 103.5455 14.5491 4.4286
v 99.0047 11.6610 2.7143
v 103.5455 14.5491 4.4286
v 103.9549 12.3446 4.4286
v 98.6148 13.7435 2.7143
v 98.1610 15.8170 2.7143
v 103.0691 16.7442 4.4286
v 98.6148 13.7435 2.7143
v 103.0691 16.7442 4.4286
v 103.5455 14.5491 4.4286
v 98.1610 15.8170 2.7143
v 97.6438 17.8804 2.7143
v 102.5260 18.9285 4.4286
v 98.1610 15.8170 2.7143
v 102.5260 18.9285 4.4286
v 103.0691 16.7442 4.4286
v 97.6438 17.8804 2.7143
v 97.0634 19.9321 2.7143
v 101.9166 21.1006 4.4286
v 97.6438 17.8804 2.7143
v 101.9166 21.1006 4.4286
v 102.5260 18.9285 4.4286
v 97.0634 19.9321 2.7143
v 96.4202 21.9710 2.7143
v 101.2413 23.2589 4.4286
v 97.0634 19.9321 2.7143
v 101.2413 23.2589 4.4286
v 101.9166 21.1006 4.4286
v 96.4202 21.9710 2.7143
v 95.7147 23.9957 2.7143
v 100.5004 25.4023 4.4286
v 96.4202 21.9710 2.7143
v 100.5004 25.4023 4.4286
v 101.2413 23.2589 4.4286
v 95.7147 23.9957 2.7143
v 94.9472 26.0048 2.7143
v 99.6946 27.5292 4.4286
v 95.7147 23.9957 2.7143
v 99.6946 27.5292 4.4286
v 100.5004 25.4023 4.4286
v 94.9472 26.0048 2.7143
v 94.1183 27.9971 2.7143
v 98.8243 29.6383 4.4286
v 94.9472 26.0048 2.7143
v 98.8243 29.6383 4.4286
v 99.6946 27.5292 4.4286
v 94.1183 27.9971 2.7143
v 93.2286 29.9713 2.7143
v 97.8900 31.7282 4.4286
v 94.1183 27.9971 2.7143
v 97.8900 31.7282 4.4286
v 98.8243 29.6383 4.4286
v 93.2286 29.9713 2.7143
v 92.2785 31.9261 2.7143
v 96.8924 33.7977 4.4286
v 93.2286 29.9713 2.7143
v 96.8924 33.7977 4.4286
v 97.8900 31.7282 4.4286
v 92.2785 31.9261 2.7143
v 91.2687 33.8603 2.7143
v 95.8322 35.8452 4.4286
v 92.2785 31.9261 2.7143
v 95.8322 35.8452 4.4286
v 96.8924 33.7977 4.4286
v 91.2687 33.8603 2.7143
v 90.1999 35.7726 2.7143
v 94.7099 37.8696 4.4286
v 91.2687 33.8603 2.7143
v 94.7099 37.8696 4.4286
v 95.8322 35.8452 4.4286
v 90.1999 35.7726 2.7143
v 89.0728 37.6617 2.7143
v 93.5264 39.8694 4.4286
v 90.1999 35.7726 2.7143
v 93.5264 39.8694 4.4286
v 94.7099 37.8696 4.4286
v 89.0728 37.6617 2.7143
v 87.8880 39.5264 2.7143
v 92.2824 41.8435 4.4286
v 89.0728 37.6617 2.7143
v 92.2824 41.8435 4.4286
v 93.5264 39.8694 4.4286
v 87.8880 39.5264 2.7143
v 86.6464 41.3656 2.7143
v 90.9787 43.7905 4.4286
v 87.8880 39.5264 2.7143
v 90.9787 43.7905 4.4286
v 92.2824 41.8435 4.4286
v 86.6464 41.3656 2.7143
v 85.3487 43.1781 2.7143
v 89.6161 45.7092 4.4286
v 86.6464 41.3656 2.7143
v 89.6161 45.7092 4.4286
v 90.9787 43.7905 4.4286
v 85.3487 43.1781 2.7143
v 83.9958 44.9626 2.7143
v 88.1956 47.5983 4.4286
v 85.3487 43.1781 2.7143
v 88.1956 47.5983 4.4286
v 89.6161 45.7092 4.4286
v 83.9958 44.9626 2.7143
v 82.5886 46.7180 2.7143
v 86.7180 49.4566 4.4286
v 83.9958 44.9626 2.7143
v 86.7180 49.4566 4.4286
v 88.1956 47.5983 4.4286
v 82.5886 46.7180 2.7143
v 81.1279 48.4432 2.7143
v 85.1843 51.2829 4.4286
v 82.5886 46.7180 2.7143
v 85.1843 51.2829 4.4286
v 86.7180 49.4566 4.4286
v 81.1279 48.4432 2.7143
v 79.6148 50.1370 2.7143
v 83.5955 53.0761 4.4286
v 81.1279 48.4432 2.7143
v 83.5955 53.0761 4.4286
v 85.1843 51.2829 4.4286
v 79.6148 50.1370 2.7143
v 78.0502 51.7984 2.7143
v 81.9527 54.8349 4.4286
v 79.6148 50.1370 2.7143
v 81.9527 54.8349 4.4286
v 83.5955 53.0761 4.4286
v 78.0502 51.7984 2.7143
v 76.4351 53.4264 2.7143
v 80.2568 56.5583 4.4286
v 78.0502 51.7984 2.7143
v 80.2568 56.5583 4.4286
v 81.9527 54.8349 4.4286
v 76.4351 53.4264 2.7143
v 74.7705 55.0197 2.7143
v 78.5090 58.2450 4.4286
v 76.4351 53.4264 2.7143
v 78.5090 58.2450 4.4286
v 80.2568 56.5583 4.4286
v 74.7705 55.0197 2.7143
v 73.0576 56.5775 2.7143
v 76.7104 59.8941 4.4286
v 74.7705 55.0197 2.7143
v 76.7104 59.8941 4.4286
v 78.5090 58.2450 4.4286
v 73.0576 56.5775 2.7143
v 71.2974 58.0987 2.7143
v 74.8622 61.5044 4.4286
v 73.0576 56.5775 2.7143
v 74.8622 61.5044 4.4286
v 76.7104 59.8941 4.4286
v 71.2974 58.0987 2.7143
v 69.4911 59.5822 2.7143
v 72.9656 63.0750 4.4286
v 71.2974 58.0987 2.7143
v 72.9656 63.0750 4.4286
v 74.8622 61.5044 4.4286
v 69.4911 59.5822 2.7143
v 67.6398 61.0273 2.7143
v 71.0218 64.6047 4.4286
v 69.4911 59.5822 2.7143
v 71.0218 64.6047 4.4286
v 72.9656 63.0750 4.4286
v 67.6398 61.0273 2.7143
v 65.7448 62.4329 2.7143
v 69.0320 66.0927 4.4286
v 67.6398 61.0273 2.7143
v 69.0320 66.0927 4.4286
v 71.0218 64.6047 4.4286
v 65.7448 62.4329 2.7143
v 63.8073 63.7980 2.7143
v 66.9976 67.5379 4.4286
v 65.7448 62.4329 2.7143
v 66.9976 67.5379 4.4286
v 69.0320 66.0927 4.4286
v 63.8073 63.7980 2.7143
v 61.8284 65.1219 2.7143
v 64.9199 68.9394 4.4286
v 63.8073 63.7980 2.7143
v 64.9199 68.9394 4.4286
v 66.9976 67.5379 4.4286
v 61.8284 65.1219 2.7143
v 59.8096 66.4037 2.7143
v 62.8001 70.2964 4.4286
v 61.8284 65.1219 2.7143
v 62.8001 70.2964 4.4286
v 64.9199 68.9394 4.4286
v 59.8096 66.4037 2.7143
v 57.7521 67.6426 2.7143
v 60.6397 71.6078 4.4286
v 59.8096 66.4037 2.7143
v 60.6397 71.6078 4.4286
v 62.8001 70.2964 4.4286
v 57.7521 67.6426 2.7143
v 55.6573 68.8376 2.7143
v 58.4401 72.8729 4.4286
v 57.7521 67.6426 2.7143
v 58.4401 72.8729 4.4286
v 60.6397 71.6078 4.4286
v 55.6573 68.8376 2.7143
v 53.5264 69.9882 2.7143
v 56.2027 74.0909 4.4286
v 55.6573 68.8376 2.7143
v 56.2027 74.0909 4.4286
v 58.4401 72.8729 4.4286
v 53.5264 69.9882 2.7143
v 51.3609 71.0934 2.7143
v 53.9289 75.2610 4.4286
v 53.5264 69.9882 2.7143
v 53.9289 75.2610 4.4286
v 56.2027 74.0909 4.4286
v 51.3609 71.0934 2.7143
v 49.1622 72.1527 2.7143
v 51.6203 76.3824 4.4286
v 51.3609 71.0934 2.7143
v 51.6203 76.3824 4.4286
v 53.9289 75.2610 4.4286
v 49.1622 72.1527 2.7143
v 46.9317 73.1653 2.7143
v 49.2783 77.4543 4.4286
v 49.1622 72.1527 2.7143
v 49.2783 77.4543 4.4286
v 51.6203 76.3824 4.4286
v 46.9317 73.1653 2.7143
v 44.6708 74.1306 2.7143
v 46.9043 78.4762 4.4286
v 46.9317 73.1653 2.7143
v 46.9043 78.4762 4.4286
v 49.2783 77.4543 4.4286
v 44.6708 74.1306 2.7143
v 42.3810 75.0479 2.7143
v 44.5001 79.4473 4.4286
v 44.6708 74.1306 2.7143
v 44.5001 79.4473 4.4286
v 46.9043 78.4762 4.4286
v 42.3810 75.0479 2.7143
v 40.0638 75.9167 2.7143
v 42.0670 80.3670 4.4286
v 42.3810 75.0479 2.7143
v 42.0670 80.3670 4.4286
v 44.5001 79.4473 4.4286
v 40.0638 75.9167 2.7143
v 37.7207 76.7364 2.7143
v 39.6068 81.2347 4.4286
v 40.0638 75.9167 2.7143
v 39.6068 81.2347 4.4286
v 42.0670 80.3670 4.4286
v 37.7207 76.7364 2.7143
v 35.3532 77.5064 2.7143
v 37.1209 82.0499 4.4286
v 37.7207 76.7364 2.7143
v 37.1209 82.0499 4.4286
v 39.6068 81.2347 4.4286
v 35.3532 77.5064 2.7143
v 32.9629 78.2263 2.7143
v 34.6110 82.8120 4.4286
v 35.3532 77.5064 2.7143
v 34.6110 82.8120 4.4286
v 37.1209 82.0499 4.4286
v 32.9629 78.2263 2.7143
v 30.5512 78.8956 2.7143
v 32.0787 83.5205 4.4286
v 32.9629 78.2263 2.7143
v 32.0787 83.5205 4.4286
v 34.6110 82.8120 4.4286
v 30.5512 78.8956 2.7143
v 28.1197 79.5139 2.7143
v 29.5257 84.1750 4.4286
v 30.5512 78.8956 2.7143
v 29.5257 84.1750 4.4286
v 32.0787 83.5205 4.4286
v 28.1197 79.5139 2.7143
v 25.6701 80.0807 2.7143
v 26.9536 84.7751 4.4286
v 28.1197 79.5139 2.7143
v 26.9536 84.7751 4.4286
v 29.5257 84.1750 4.4286
v 25.6701 80.0807 2.7143
v 23.2038 80.5957 2.7143
v 24.3640 85.3203 4.4286
v 25.6701 80.0807 2.7143
v 24.3640 85.3203 4.4286
v 26.9536 84.7751 4.4286
v 23.2038 80.5957 2.7143
v 20.7225 81.0586 2.7143
v 21.7587 85.8103 4.4286
v 23.2038 80.5957 2.7143
v 21.7587 85.8103 4.4286
v 24.3640 85.3203 4.4286
v 20.7225 81.0586 2.7143
v 18.2279 81.4690 2.7143
v 19.1393 86.2448 4.4286
v 20.7225 81.0586 2.7143
v 19.1393 86.2448 4.4286
v 21.7587 85.8103 4.4286
v 18.2279 81.4690 2.7143
v 15.7214 81.8268 2.7143
v 16.5075 86.6235 4.4286
v 18.2279 81.4690 2.7143
v 16.5075 86.6235 4.4286
v 19.1393 86.2448 4.4286
v 15.7214 81.8268 2.7143
v 13.2048 82.1316 2.7143
v 13.8650 86.9462 4.4286
v 15.7214 81.8268 2.7143
v 13.8650 86.9462 4.4286
v 16.5075 86.6235 4.4286
v 13.2048 82.1316 2.7143
v 10.6796 82.3833 2.7143
v 11.2136 87.2126 4.4286
v 13.2048 82.1316 2.7143
v 11.2136 87.2126 4.4286
v 13.8650 86.9462 4.4286
v 10.6796 82.3833 2.7143
v 8.1475 82.5817 2.7143
v 8.5549 87.4227 4.4286
v 10.6796 82.3833 2.7143
v 8.5549 87.4227 4.4286
v 11.2136 87.2126 4.4286
v 8.1475 82.5817 2.7143
v 5.6102 82.7266 2.7143
v 5.8907 87.5761 4.4286
v 8.1475 82.5817 2.7143
v 5.8907 87.5761 4.4286
v 8.5549 87.4227 4.4286
v 5.6102 82.7266 2.7143
v 3.0692 82.8181 2.7143
v 3.2227 87.6730 4.4286
v 5.6102 82.7266 2.7143
v 3.2227 87.6730 4.4286
v 5.8907 87.5761 4.4286
v 3.0692 82.8181 2.7143
v 0.5262 82.8560 2.7143
v 0.5525 87.7131 4.4286
v 3.0692 82.8181 2.7143
v 0.5525 87.7131 4.4286
v 3.2227 87.6730 4.4286
v 0.5262 82.8560 2.7143
v -2.0171 82.8403 2.7143
v -2.1179 87.6964 4.4286
v 0.5262 82.8560 2.7143
v -2.1179 87.6964 4.4286
v 0.5525 87.7131 4.4286
v -2.0171 82.8403 2.7143
v -4.5591 82.7710 2.7143
v -4.7870 87.6231 4.4286
v -2.0171 82.8403 2.7143
v -4.7870 87.6231 4.4286
v -2.1179 87.6964 4.4286
v -4.5591 82.7710 2.7143
v -7.0981 82.6481 2.7143
v -7.4530 87.4930 4.4286
v -4.5591 82.7710 2.7143
v -7.4530 87.4930 4.4286
v -4.7870 87.6231 4.4286
v -7.0981 82.6481 2.7143
v -9.6326 82.4718 2.7143
v -10.1142 87.3064 4.4286
v -7.0981 82.6481 2.7143
v -10.1142 87.3064 4.4286
v -7.4530 87.4930 4.4286
v -9.6326 82.4718 2.7143
v -12.1608 82.2422 2.7143
v -12.7689 87.0633 4.4286
v -9.6326 82.4718 2.7143
v -12.7689 87.0633 4.4286
v -10.1142 87.3064 4.4286
v -12.1608 82.2422 2.7143
v -14.6812 81.9593 2.7143
v -15.4152 86.7639 4.4286
v -12.1608 82.2422 2.7143
v -15.4152 86.7639 4.4286
v -12.7689 87.0633 4.4286
v -14.6812 81.9593 2.7143
v -17.1920 81.6235 2.7143
v -18.0516 86.4083 4.4286
v -14.6812 81.9593 2.7143
v -18.0516 86.4083 4.4286
v -15.4152 86.7639 4.4286
v -17.1920 81.6235 2.7143
v -19.6918 81.2348 2.7143
v -20.6764 85.9968 4.4286
v -17.1920 81.6235 2.7143
v -20.6764 85.9968 4.4286
v -18.0516 86.4083 4.4286
v -19.6918 81.2348 2.7143
v -22.1788 80.7936 2.7143
v -23.2877 85.5298 4.4286
v -19.6918 81.2348 2.7143
v -23.2877 85.5298 4.4286
v -20.6764 85.9968 4.4286
v -22.1788 80.7936 2.7143
v -24.6515 80.3001 2.7143
v -25.8840 85.0073 4.4286
v -22.1788 80.7936 2.7143
v -25.8840 85.0073 4.4286
v -23.2877 85.5298 4.4286
v -24.6515 80.3001 2.7143
v -27.1082 79.7547 2.7143
v -28.4636 84.4299 4.4286
v -24.6515 80.3001 2.7143
v -28.4636 84.4299 4.4286
v -25.8840 85.0073 4.4286
v -27.1082 79.7547 2.7143
v -29.5473 79.1577 2.7143
v -31.0247 83.7979 4.4286
v -27.1082 79.7547 2.7143
v -31.0247 83.7979 4.4286
v -28.4636 84.4299 4.4286
v -29.5473 79.1577 2.7143
v -31.9674 78.5094 2.7143
v -33.5658 83.1117 4.4286
v -29.5473 79.1577 2.7143
v -33.5658 83.1117 4.4286
v -31.0247 83.7979 4.4286
v -31.9674 78.5094 2.7143
v -34.3668 77.8104 2.7143
v -36.0851 82.3717 4.4286
v -31.9674 78.5094 2.7143
v -36.0851 82.3717 4.4286
v -33.5658 83.1117 4.4286
v -34.3668 77.8104 2.7143
v -36.7439 77.0611 2.7143
v -38.5811 81.5784 4.4286
v -34.3668 77.8104 2.7143
v -38.5811 81.5784 4.4286
v -36.0851 82.3717 4.4286
v -36.7439 77.0611 2.7143
v -39.0973 76.2619 2.7143
v -41.0522 80.7324 4.4286
v -36.7439 77.0611 2.7143
v -41.0522 80.7324 4.4286
v -38.5811 81.5784 4.4286
v -39.0973 76.2619 2.7143
v -41.4254 75.4134 2.7143
v -43.4967 79.8341 4.4286
v -39.0973 76.2619 2.7143
v -43.4967 79.8341 4.4286
v -41.0522 80.7324 4.4286
v -41.4254 75.4134 2.7143
v -43.7267 74.5160 2.7143
v -45.9131 78.8842 4.4286
v -41.4254 75.4134 2.7143
v -45.9131 78.8842 4.4286
v -43.4967 79.8341 4.4286
v -43.7267 74.5160 2.7143
v -45.9997 73.5705 2.7143
v -48.2997 77.8833 4.4286
v -43.7267 74.5160 2.7143
v -48.2997 77.8833 4.4286
v -45.9131 78.8842 4.4286
v -45.9997 73.5705 2.7143
v -48.2430 72.5774 2.7143
v -50.6551 76.8320 4.4286
v -45.9997 73.5705 2.7143
v -50.6551 76.8320 4.4286
v -48.2997 77.8833 4.4286
v -48.2430 72.5774 2.7143
v -50.4550 71.5374 2.7143
v -52.9778 75.7310 4.4286
v -48.2430 72.5774 2.7143
v -52.9778 75.7310 4.4286
v -50.6551 76.8320 4.4286
v -50.4550 71.5374 2.7143
v -52.6344 70.4511 2.7143
v -55.2662 74.5810 4.4286
v -50.4550 71.5374 2.7143
v -55.2662 74.5810 4.4286
v -52.9778 75.7310 4.4286
v -52.6344 70.4511 2.7143
v -54.7798 69.3192 2.7143
v -57.5188 73.3827 4.4286
v -52.6344 70.4511 2.7143
v -57.5188 73.3827 4.4286
v -55.2662 74.5810 4.4286
v -54.7798 69.3192 2.7143
v -56.8897 68.1424 2.7143
v -59.7342 72.1370 4.4286
v -54.7798 69.3192 2.7143
v -59.7342 72.1370 4.4286
v -57.5188 73.3827 4.4286
v -56.8897 68.1424 2.7143
v -58.9629 66.9216 2.7143
v -61.9110 70.8446 4.4286
v -56.8897 68.1424 2.7143
v -61.9110 70.8446 4.4286
v -59.7342 72.1370 4.4286
v -58.9629 66.9216 2.7143
v -60.9978 65.6575 2.7143
v -64.0477 69.5064 4.4286
v -58.9629 66.9216 2.7143
v -64.0477 69.5064 4.4286
v -61.9110 70.8446 4.4286
v -60.9978 65.6575 2.7143
v -62.9934 64.3509 2.7143
v -66.1430 68.1232 4.4286
v -60.9978 65.6575 2.7143
v -66.1430 68.1232 4.4286
v -64.0477 69.5064 4.4286
v -62.9934 64.3509 2.7143
v -64.9481 63.0027 2.7143
v -68.1955 66.6960 4.4286
v -62.9934 64.3509 2.7143
v -68.1955 66.6960 4.4286
v -66.1430 68.1232 4.4286
v -64.9481 63.0027 2.7143
v -66.8609 61.6137 2.7143
v -70.2039 65.2256 4.4286
v -64.9481 63.0027 2.7143
v -70.2039 65.2256 4.4286
v -68.1955 66.6960 4.4286
v -66.8609 61.6137 2.7143
v -68.7304 60.1849 2.7143
v -72.1669 63.7130 4.4286
v -66.8609 61.6137 2.7143
v -72.1669 63.7130 4.4286
v -70.2039 65.2256 4.4286
v -68.7304 60.1849 2.7143
v -70.5555 58.7172 2.7143
v -74.0832 62.1592 4.4286
v -68.7304 60.1849 2.7143
v -74.0832 62.1592 4.4286
v -72.1669 63.7130 4.4286
v -70.5555 58.7172 2.7143
v -72.3349 57.2114 2.7143
v -75.9516 60.5652 4.4286
v -70.5555 58.7172 2.7143
v -75.9516 60.5652 4.4286
v -74.0832 62.1592 4.4286
v -72.3349 57.2114 2.7143
v -74.0675 55.6687 2.7143
v -77.7709 58.9320 4.4286
v -72.3349 57.2114 2.7143
v -77.7709 58.9320 4.4286
v -75.9516 60.5652 4.4286
v -74.0675 55.6687 2.7143
v -75.7522 54.0899 2.7143
v -79.5398 57.2607 4.4286
v -74.0675 55.6687 2.7143
v -79.5398 57.2607 4.4286
v -77.7709 58.9320 4.4286
v -75.7522 54.0899 2.7143
v -77.3879 52.4762 2.7143
v -81.2573 55.5524 4.4286
v -75.7522 54.0899 2.7143
v -81.2573 55.5524 4.4286
v -79.5398 57.2607 4.4286
v -77.3879 52.4762 2.7143
v -78.9736 50.8285 2.7143
v -82.9222 53.8081 4.4286
v -77.3879 52.4762 2.7143
v -82.9222 53.8081 4.4286
v -81.2573 55.5524 4.4286
v -78.9736 50.8285 2.7143
v -80.5081 49.1479 2.7143
v -84.5335 52.0290 4.4286
v -78.9736 50.8285 2.7143
v -84.5335 52.0290 4.4286
v -82.9222 53.8081 4.4286
v -80.5081 49.1479 2.7143
v -81.9906 47.4356 2.7143
v -86.0901 50.2163 4.4286
v -80.5081 49.1479 2.7143
v -86.0901 50.2163 4.4286
v -84.5335 52.0290 4.4286
v -81.9906 47.4356 2.7143
v -83.4200 45.6925 2.7143
v -87.5910 48.3711 4.4286
v -81.9906 47.4356 2.7143
v -87.5910 48.3711 4.4286
v -86.0901 50.2163 4.4286
v -83.4200 45.6925 2.7143
v -84.7955 43.9199 2.7143
v -89.0353 46.4945 4.4286
v -83.4200 45.6925 2.7143
v -89.0353 46.4945 4.4286
v -87.5910 48.3711 4.4286
v -84.7955 43.9199 2.7143
v -86.1161 42.1189 2.7143
v -90.4219 44.5879 4.4286
v -84.7955 43.9199 2.7143
v -90.4219 44.5879 4.4286
v -89.0353 46.4945 4.4286
v -86.1161 42.1189 2.7143
v -87.3811 40.2906 2.7143
v -91.7501 42.6525 4.4286
v -86.1161 42.1189 2.7143
v -91.7501 42.6525 4.4286
v -90.4219 44.5879 4.4286
v -87.3811 40.2906 2.7143
v -88.5895 38.4363 2.7143
v -93.0189 40.6895 4.4286
v -87.3811 40.2906 2.7143
v -93.0189 40.6895 4.4286
v -91.7501 42.6525 4.4286
v -88.5895 38.4363 2.7143
v -89.7405 36.5571 2.7143
v -94.2276 38.7001 4.4286
v -88.5895 38.4363 2.7143
v -94.2276 38.7001 4.4286
v -93.0189 40.6895 4.4286
v -89.7405 36.5571 2.7143
v -90.8336 34.6543 2.7143
v -95.3753 36.6858 4.4286
v -89.7405 36.5571 2.7143
v -95.3753 36.6858 4.4286
v -94.2276 38.7001 4.4286
v -90.8336 34.6543 2.7143
v -91.8679 32.7290 2.7143
v -96.4613 34.6476 4.4286
v -90.8336 34.6543 2.7143
v -96.4613 34.6476 4.4286
v -95.3753 36.6858 4.4286
v -91.8679 32.7290 2.7143
v -92.8427 30.7826 2.7143
v -97.4849 32.5871 4.4286
v -91.8679 32.7290 2.7143
v -97.4849 32.5871 4.4286
v -96.4613 34.6476 4.4286
v -92.8427 30.7826 2.7143
v -93.7575 28.8163 2.7143
v -98.4454 30.5055 4.4286
v -92.8427 30.7826 2.7143
v -98.4454 30.5055 4.4286
v -97.4849 32.5871 4.4286
v -93.7575 28.8163 2.7143
v -94.6117 26.8313 2.7143
v -99.3422 28.4042 4.4286
v -93.7575 28.8163 2.7143
v -99.3422 28.4042 4.4286
v -98.4454 30.5055 4.4286
v -94.6117 26.8313 2.7143
v -95.4046 24.8290 2.7143
v -100.1748 26.2845 4.4286
v -94.6117 26.8313 2.7143
v -100.1748 26.2845 4.4286
v -99.3422 28.4042 4.4286
v -95.4046 24.8290 2.7143
v -96.1358 22.8106 2.7143
v -100.9426 24.1478 4.4286
v -95.4046 24.8290 2.7143
v -100.9426 24.1478 4.4286
v -100.1748 26.2845 4.4286
v -96.1358 22.8106 2.7143
v -96.8049 20.7774 2.7143
v -101.6451 21.9954 4.4286
v -96.1358 22.8106 2.7143
v -101.6451 21.9954 4.4286
v -100.9426 24.1478 4.4286
v -96.8049 20.7774 2.7143
v -97.4113 18.7308 2.7143
v -102.2819 19.8289 4.4286
v -96.8049 20.7774 2.7143
v -102.2819 19.8289 4.4286
v -101.6451 21.9954 4.4286
v -97.4113 18.7308 2.7143
v -97.9547 16.6721 2.7143
v -102.8524 17.6495 4.4286
v -97.4113 18.7308 2.7143
v -102.8524 17.6495 4.4286
v -102.2819 19.8289 4.4286
v -97.9547 16.6721 2.7143
v -98.4347 14.6026 2.7143
v -103.3565 15.4587 4.4286
v -97.9547 16.6721 2.7143
v -103.3565 15.4587 4.4286
v -102.8524 17.6495 4.4286
v -98.4347 14.6026 2.7143
v -98.8511 12.5237 2.7143
v -103.7937 13.2578 4.4286
v -98.4347 14.6026 2.7143
v -103.7937 13.2578 4.4286
v -103.3565 15.4587 4.4286
v -98.8511 12.5237 2.7143
v -99.2035 10.4367 2.7143
v -104.1637 11.0485 4.4286
v -98.8511 12.5237 2.7143
v -104.1637 11.0485 4.4286
v -103.7937 13.2578 4.4286
v -99.2035 10.4367 2.7143
v -99.4918 8.3429 2.7143
v -104.4664 8.8319 4.4286
v -99.2035 10.4367 2.7143
v -104.4664 8.8319 4.4286
v -104.1637 11.0485 4.4286
v -99.4918 8.3429 2.7143
v -99.7157 6.2437 2.7143
v -104.7015 6.6097 4.4286
v -99.4918 8.3429 2.7143
v -104.7015 6.6097 4.4286
v -104.4664 8.8319 4.4286
v -99.7157 6.2437 2.7143
v -99.8751 4.1405 2.7143
v -104.8688 4.3832 4.4286
v -99.7157 6.2437 2.7143
v -104.8688 4.3832 4.4286
v -104.7015 6.6097 4.4286
v -99.8751 4.1405 2.7143
v -99.9698 2.0346 2.7143
v -104.9683 2.1538 4.4286
v -99.8751 4.1405 2.7143
v -104.9683 2.1538 4.4286
v -104.8688 4.3832 4.4286
v -99.9698 2.0346 2.7143
v -100.0000 -0.0727 2.7143
v -105.0000 -0.0769 4.4286
v -99.9698 2.0346 2.7143
v -105.0000 -0.0769 4.4286
v -104.9683 2.1538 4.4286
v -100.0000 -0.0727 2.7143
v -99.9654 -2.1798 2.7143
v -104.9637 -2.3076 4.4286
v -100.0000 -0.0727 2.7143
v -104.9637 -2.3076 4.4286
v -105.0000 -0.0769 4.4286
v -99.9654 -2.1798 2.7143
v -99.8661 -4.2856 2.7143
v -104.8595 -4.5368 4.4286
v -99.9654 -2.1798 2.7143
v -104.8595 -4.5368 4.4286
v -104.9637 -2.3076 4.4286
v -99.8661 -4.2856 2.7143
v -99.7023 -6.3886 2.7143
v -104.6874 -6.7631 4.4286
v -99.8661 -4.2856 2.7143
v -104.6874 -6.7631 4.4286
v -104.8595 -4.5368 4.4286
v -99.7023 -6.3886 2.7143
v -99.4740 -8.4875 2.7143
v -104.4477 -8.9850 4.4286
v -99.7023 -6.3886 2.7143
v -104.4477 -8.9850 4.4286
v -104.6874 -6.7631 4.4286
v -99.4740 -8.4875 2.7143
v -99.1813 -10.5808 2.7143
v -104.1404 -11.2011 4.4286
v -99.4740 -8.4875 2.7143
v -104.1404 -11.2011 4.4286
v -104.4477 -8.9850 4.4286
v -99.1813 -10.5808 2.7143
v -98.8244 -12.6674 2.7143
v -103.7657 -13.4099 4.4286
v -99.1813 -10.5808 2.7143
v -103.7657 -13.4099 4.4286
v -104.1404 -11.2011 4.4286
v -98.8244 -12.6674 2.7143
v -98.4037 -14.7457 2.7143
v -103.3239 -15.6101 4.4286
v -98.8244 -12.6674 2.7143
v -103.3239 -15.6101 4.4286
v -103.7657 -13.4099 4.4286
v -98.4037 -14.7457 2.7143
v -97.9193 -16.8145 2.7143
v -102.8152 -17.8001 4.4286
v -98.4037 -14.7457 2.7143
v -102.8152 -17.8001 4.4286
v -103.3239 -15.6101 4.4286
v -97.9193 -16.8145 2.7143
v -97.3715 -18.8724 2.7143
v -102.2401 -19.9787 4.4286
v -97.9193 -16.8145 2.7143
v -102.2401 -19.9787 4.4286
v -102.8152 -17.8001 4.4286
v -97.3715 -18.8724 2.7143
v -96.7607 -20.9181 2.7143
v -101.5988 -22.1443 4.4286
v -97.3715 -18.8724 2.7143
v -101.5988 -22.1443 4.4286
v -102.2401 -19.9787 4.4286
v -96.7607 -20.9181 2.7143
v -96.0874 -22.9503 2.7143
v -100.8918 -24.2956 4.4286
v -96.7607 -20.9181 2.7143
v -100.8918 -24.2956 4.4286
v -101.5988 -22.1443 4.4286
v -96.0874 -22.9503 2.7143
v -95.3519 -24.9676 2.7143
v -100.1195 -26.4312 4.4286
v -96.0874 -22.9503 2.7143
v -100.1195 -26.4312 4.4286
v -100.8918 -24.2956 4.4286
v -95.3519 -24.9676 2.7143
v -94.5547 -26.9688 2.7143
v -99.2824 -28.5497 4.4286
v -95.3519 -24.9676 2.7143
v -99.2824 -28.5497 4.4286
v -100.1195 -26.4312 4.4286
v -94.5547 -26.9688 2.7143
v -93.6964 -28.9525 2.7143
v -98.3812 -30.6497 4.4286
v -94.5547 -26.9688 2.7143
v -98.3812 -30.6497 4.4286
v -99.2824 -28.5497 4.4286
v -93.6964 -28.9525 2.7143
v -92.7774 -30.9175 2.7143
v -97.4163 -32.7299 4.4286
v -93.6964 -28.9525 2.7143
v -97.4163 -32.7299 4.4286
v -98.3812 -30.6497 4.4286
v -92.7774 -30.9175 2.7143
v -91.7984 -32.8625 2.7143
v -96.3884 -34.7889 4.4286
v -92.7774 -30.9175 2.7143
v -96.3884 -34.7889 4.4286
v -97.4163 -32.7299 4.4286
v -91.7984 -32.8625 2.7143
v -90.7601 -34.7863 2.7143
v -95.2981 -36.8255 4.4286
v -91.7984 -32.8625 2.7143
v -95.2981 -36.8255 4.4286
v -96.3884 -34.7889 4.4286
v -90.7601 -34.7863 2.7143
v -89.6630 -36.6875 2.7143
v -94.1462 -38.8382 4.4286
v -90.7601 -34.7863 2.7143
v -94.1462 -38.8382 4.4286
v -95.2981 -36.8255 4.4286
v -89.6630 -36.6875 2.7143
v -88.5080 -38.5650 2.7143
v -92.9333 -40.8257 4.4286
v -89.6630 -36.6875 2.7143
v -92.9333 -40.8257 4.4286
v -94.1462 -38.8382 4.4286
v -88.5080 -38.5650 2.7143
v -87.2956 -40.4176 2.7143
v -91.6604 -42.7869 4.4286
v -88.5080 -38.5650 2.7143
v -91.6604 -42.7869 4.4286
v -92.9333 -40.8257 4.4286
v -87.2956 -40.4176 2.7143
v -86.0268 -42.2440 2.7143
v -90.3282 -44.7204 4.4286
v -87.2956 -40.4176 2.7143
v -90.3282 -44.7204 4.4286
v -91.6604 -42.7869 4.4286
v -86.0268 -42.2440 2.7143
v -84.7024 -44.0431 2.7143
v -88.9375 -46.6249 4.4286
v -86.0268 -42.2440 2.7143
v -88.9375 -46.6249 4.4286
v -90.3282 -44.7204 4.4286
v -84.7024 -44.0431 2.7143
v -83.3232 -45.8137 2.7143
v -87.4893 -48.4993 4.4286
v -84.7024 -44.0431 2.7143
v -87.4893 -48.4993 4.4286
v -88.9375 -46.6249 4.4286
v -83.3232 -45.8137 2.7143
v -81.8900 -47.5547 2.7143
v -85.9845 -50.3424 4.4286
v -83.3232 -45.8137 2.7143
v -85.9845 -50.3424 4.4286
v -87.4893 -48.4993 4.4286
v -81.8900 -47.5547 2.7143
v -80.4039 -49.2649 2.7143
v -84.4241 -52.1528 4.4286
v -81.8900 -47.5547 2.7143
v -84.4241 -52.1528 4.4286
v -85.9845 -50.3424 4.4286
v -80.4039 -49.2649 2.7143
v -78.8658 -50.9432 2.7143
v -82.8091 -53.9295 4.4286
v -80.4039 -49.2649 2.7143
v -82.8091 -53.9295 4.4286
v -84.4241 -52.1528 4.4286
v -78.8658 -50.9432 2.7143
v -77.2767 -52.5886 2.7143
v -81.1405 -55.6714 4.4286
v -78.8658 -50.9432 2.7143
v -81.1405 -55.6714 4.4286
v -82.8091 -53.9295 4.4286
v -77.2767 -52.5886 2.7143
v -75.6376 -54.2000 2.7143
v -79.4195 -57.3772 4.4286
v -77.2767 -52.5886 2.7143
v -79.4195 -57.3772 4.4286
v -81.1405 -55.6714 4.4286
v -75.6376 -54.2000 2.7143
v -73.9495 -55.7763 2.7143
v -77.6470 -59.0459 4.4286
v -75.6376 -54.2000 2.7143
v -77.6470 -59.0459 4.4286
v -79.4195 -57.3772 4.4286
v -73.9495 -55.7763 2.7143
v -72.2136 -57.3165 2.7143
v -75.8243 -60.6764 4.4286
v -73.9495 -55.7763 2.7143
v -75.8243 -60.6764 4.4286
v -77.6470 -59.0459 4.4286
v -72.2136 -57.3165 2.7143
v -70.4311 -58.8196 2.7143
v -73.9526 -62.2677 4.4286
v -72.2136 -57.3165 2.7143
v -73.9526 -62.2677 4.4286
v -75.8243 -60.6764 4.4286
v -70.4311 -58.8196 2.7143
v -68.6029 -60.2847 2.7143
v -72.0330 -63.8187 4.4286
v -70.4311 -58.8196 2.7143
v -72.0330 -63.8187 4.4286
v -73.9526 -62.2677 4.4286
v -68.6029 -60.2847 2.7143
v -66.7304 -61.7108 2.7143
v -70.0669 -65.3284 4.4286
v -68.6029 -60.2847 2.7143
v -70.0669 -65.3284 4.4286
v -72.0330 -63.8187 4.4286
v -66.7304 -61.7108 2.7143
v -64.8147 -63.0970 2.7143
v -68.0554 -66.7958 4.4286
v -66.7304 -61.7108 2.7143
v -68.0554 -66.7958 4.4286
v -70.0669 -65.3284 4.4286
v -64.8147 -63.0970 2.7143
v -62.8570 -64.4424 2.7143
v -65.9999 -68.2200 4.4286
v -64.8147 -63.0970 2.7143
v -65.9999 -68.2200 4.4286
v -68.0554 -66.7958 4.4286
v -62.8570 -64.4424 2.7143
v -60.8587 -65.7460 2.7143
v -63.9017 -69.6001 4.4286
v -62.8570 -64.4424 2.7143
v -63.9017 -69.6001 4.4286
v -65.9999 -68.2200 4.4286
v -60.8587 -65.7460 2.7143
v -58.8211 -67.0072 2.7143
v -61.7621 -70.9352 4.4286
v -60.8587 -65.7460 2.7143
v -61.7621 -70.9352 4.4286
v -63.9017 -69.6001 4.4286
v -58.8211 -67.0072 2.7143
v -56.7454 -68.2250 2.7143
v -59.5827 -72.2244 4.4286
v -58.8211 -67.0072 2.7143
v -59.5827 -72.2244 4.4286
v -61.7621 -70.9352 4.4286
v -56.7454 -68.2250 2.7143
v -54.6330 -69.3987 2.7143
v -57.3646 -73.4669 4.4286
v -56.7454 -68.2250 2.7143
v -57.3646 -73.4669 4.4286
v -59.5827 -72.2244 4.4286
v -54.6330 -69.3987 2.7143
v -52.4852 -70.5275 2.7143
v -55.1095 -74.6618 4.4286
v -54.6330 -69.3987 2.7143
v -55.1095 -74.6618 4.4286
v -57.3646 -73.4669 4.4286
v -52.4852 -70.5275 2.7143
v -50.3035 -71.6106 2.7143
v -52.8187 -75.8085 4.4286
v -52.4852 -70.5275 2.7143
v -52.8187 -75.8085 4.4286
v -55.1095 -74.6618 4.4286
v -50.3035 -71.6106 2.7143
v -48.0893 -72.6474 2.7143
v -50.4937 -76.9061 4.4286
v -50.3035 -71.6106 2.7143
v -50.4937 -76.9061 4.4286
v -52.8187 -75.8085 4.4286
v -48.0893 -72.6474 2.7143
v -45.8439 -73.6373 2.7143
v -48.1361 -77.9540 4.4286
v -48.0893 -72.6474 2.7143
v -48.1361 -77.9540 4.4286
v -50.4937 -76.9061 4.4286
v -45.8439 -73.6373 2.7143
v -43.5689 -74.5795 2.7143
v -45.7473 -78.9514 4.4286
v -45.8439 -73.6373 2.7143
v -45.7473 -78.9514 4.4286
v -48.1361 -77.9540 4.4286
v -43.5689 -74.5795 2.7143
v -41.2657 -75.4734 2.7143
v -43.3290 -79.8978 4.4286
v -43.5689 -74.5795 2.7143
v -43.3290 -79.8978 4.4286
v -45.7473 -78.9514 4.4286
v -41.2657 -75.4734 2.7143
v -38.9358 -76.3186 2.7143
v -40.8826 -80.7924 4.4286
v -41.2657 -75.4734 2.7143
v -40.8826 -80.7924 4.4286
v -43.3290 -79.8978 4.4286
v -38.9358 -76.3186 2.7143
v -36.5808 -77.1144 2.7143
v -38.4098 -81.6349 4.4286
v -38.9358 -76.3186 2.7143
v -38.4098 -81.6349 4.4286
v -40.8826 -80.7924 4.4286
v -36.5808 -77.1144 2.7143
v -34.2020 -77.8602 2.7143
v -35.9121 -82.4245 4.4286
v -36.5808 -77.1144 2.7143
v -35.9121 -82.4245 4.4286
v -38.4098 -81.6349 4.4286
v 80.4347 -56.3817 4.4286
v 82.1251 -54.6546 4.4286
v 86.0358 -57.6811 6.1429
v 80.4347 -56.3817 4.4286
v 86.0358 -57.6811 6.1429
v 84.2649 -59.5038 6.1429
v 82.1251 -54.6546 4.4286
v 83.7624 -52.8922 4.4286
v 87.7511 -55.8210 6.1429
v 82.1251 -54.6546 4.4286
v 87.7511 -55.8210 6.1429
v 86.0358 -57.6811 6.1429
v 83.7624 -52.8922 4.4286
v 85.3455 -51.0955 4.4286
v 89.4096 -53.9249 6.1429
v 83.7624 -52.8922 4.4286
v 89.4096 -53.9249 6.1429
v 87.7511 -55.8210 6.1429
v 85.3455 -51.0955 4.4286
v 86.8735 -49.2658 4.4286
v 91.0103 -51.9939 6.1429
v 85.3455 -51.0955 4.4286
v 91.0103 -51.9939 6.1429
v 89.4096 -53.9249 6.1429
v 86.8735 -49.2658 4.4286
v 88.3452 -47.4043 4.4286
v 92.5521 -50.0293 6.1429
v 86.8735 -49.2658 4.4286
v 92.5521 -50.0293 6.1429
v 91.0103 -51.9939 6.1429
v 88.3452 -47.4043 4.4286
v 89.7598 -45.5120 4.4286
v 94.0340 -48.0323 6.1429
v 88.3452 -47.4043 4.4286
v 94.0340 -48.0323 6.1429
v 92.5521 -50.0293 6.1429
v 89.7598 -45.5120 4.4286
v 91.1163 -43.5904 4.4286
v 95.4552 -46.0042 6.1429
v 89.7598 -45.5120 4.4286
v 95.4552 -46.0042 6.1429
v 94.0340 -48.0323 6.1429
v 91.1163 -43.5904 4.4286
v 92.4139 -41.6405 4.4286
v 96.8145 -43.9463 6.1429
v 91.1163 -43.5904 4.4286
v 96.8145 -43.9463 6.1429
v 95.4552 -46.0042 6.1429
v 92.4139 -41.6405 4.4286
v 93.6517 -39.6637 4.4286
v 98.1113 -41.8601 6.1429
v 92.4139 -41.6405 4.4286
v 98.1113 -41.8601 6.1429
v 96.8145 -43.9463 6.1429
v 93.6517 -39.6637 4.4286
v 94.8289 -37.6613 4.4286
v 99.3445 -39.7467 6.1429
v 93.6517 -39.6637 4.4286
v 99.3445 -39.7467 6.1429
v 98.1113 -41.8601 6.1429
v 94.8289 -37.6613 4.4286
v 95.9447 -35.6344 4.4286
v 100.5135 -37.6077 6.1429
v 94.8289 -37.6613 4.4286
v 100.5135 -37.6077 6.1429
v 99.3445 -39.7467 6.1429
v 95.9447 -35.6344 4.4286
v 96.9985 -33.5846 4.4286
v 101.6175 -35.4443 6.1429
v 95.9447 -35.6344 4.4286
v 101.6175 -35.4443 6.1429
v 100.5135 -37.6077 6.1429
v 96.9985 -33.5846 4.4286
v 97.9896 -31.5130 4.4286
v 102.6558 -33.2580 6.1429
v 96.9985 -33.5846 4.4286
v 102.6558 -33.2580 6.1429
v 101.6175 -35.4443 6.1429
v 97.9896 -31.5130 4.4286
v 98.9173 -29.4210 4.4286
v 103.6276 -31.0502 6.1429
v 97.9896 -31.5130 4.4286
v 103.6276 -31.0502 6.1429
v 102.6558 -33.2580 6.1429
v 98.9173 -29.4210 4.4286
v 99.7810 -27.3100 4.4286
v 104.5324 -28.8223 6.1429
v 98.9173 -29.4210 4.4286
v 104.5324 -28.8223 6.1429
v 103.6276 -31.0502 6.1429
v 99.7810 -27.3100 4.4286
v 100.5801 -25.1813 4.4286
v 105.3696 -26.5757 6.1429
v 99.7810 -27.3100 4.4286
v 105.3696 -26.5757 6.1429
v 104.5324 -28.8223 6.1429
v 100.5801 -25.1813 4.4286
v 101.3142 -23.0363 4.4286
v 106.1387 -24.3120 6.1429
v 100.5801 -25.1813 4.4286
v 106.1387 -24.3120 6.1429
v 105.3696 -26.5757 6.1429
v 101.3142 -23.0363 4.4286
v 101.9827 -20.8765 4.4286
v 106.8390 -22.0325 6.1429
v 101.3142 -23.0363 4.4286
v 106.8390 -22.0325 6.1429
v 106.1387 -24.3120 6.1429
v 101.9827 -20.8765 4.4286
v 102.5853 -18.7031 4.4286
v 107.4703 -19.7388 6.1429
v 101.9827 -20.8765 4.4286
v 107.4703 -19.7388 6.1429
v 106.8390 -22.0325 6.1429
v 102.5853 -18.7031 4.4286
v 103.1215 -16.5176 4.4286
v 108.0320 -17.4323 6.1429
v 102.5853 -18.7031 4.4286
v 108.0320 -17.4323 6.1429
v 107.4703 -19.7388 6.1429
v 103.1215 -16.5176 4.4286
v 103.5910 -14.3215 4.4286
v 108.5239 -15.1145 6.1429
v 103.1215 -16.5176 4.4286
v 108.5239 -15.1145 6.1429
v 108.0320 -17.4323 6.1429
v 103.5910 -14.3215 4.4286
v 103.9935 -12.1160 4.4286
v 108.9455 -12.7870 6.1429
v 103.5910 -14.3215 4.4286
v 108.9455 -12.7870 6.1429
v 108.5239 -15.1145 6.1429
v 103.9935 -12.1160 4.4286
v 104.3287 -9.9028 4.4286
v 109.2967 -10.4511 6.1429
v 103.9935 -12.1160 4.4286
v 109.2967 -10.4511 6.1429
v 108.9455 -12.7870 6.1429
v 104.3287 -9.9028 4.4286
v 104.5964 -7.6831 4.4286
v 109.5772 -8.1086 6.1429
v 104.3287 -9.9028 4.4286
v 109.5772 -8.1086 6.1429
v 109.2967 -10.4511 6.1429
v 104.5964 -7.6831 4.4286
v 104.7965 -5.4585 4.4286
v 109.7868 -5.7607 6.1429
v 104.5964 -7.6831 4.4286
v 109.7868 -5.7607 6.1429
v 109.5772 -8.1086 6.1429
v 104.7965 -5.4585 4.4286
v 104.9288 -3.2303 4.4286
v 109.9254 -3.4092 6.1429
v 104.7965 -5.4585 4.4286
v 109.9254 -3.4092 6.1429
v 109.7868 -5.7607 6.1429
v 104.9288 -3.2303 4.4286
v 104.9932 -1.0001 4.4286
v 109.9929 -1.0554 6.1429
v 104.9288 -3.2303 4.4286
v 109.9929 -1.0554 6.1429
v 109.9254 -3.4092 6.1429
v 104.9932 -1.0001 4.4286
v 104.9897 1.2308 4.4286
v 109.9892 1.2990 6.1429
v 104.9932 -1.0001 4.4286
v 109.9892 1.2990 6.1429
v 109.9929 -1.0554 6.1429
v 104.9897 1.2308 4.4286
v 104.9182 3.4609 4.4286
v 109.9143 3.6526 6.1429
v 104.9897 1.2308 4.4286
v 109.9143 3.6526 6.1429
v 109.9892 1.2990 6.1429
v 104.9182 3.4609 4.4286
v 104.7789 5.6888 4.4286
v 109.7684 6.0038 6.1429
v 104.9182 3.4609 4.4286
v 109.7684 6.0038 6.1429
v 109.9143 3.6526 6.1429
v 104.7789 5.6888 4.4286
v 104.5719 7.9130 4.4286
v 109.5515 8.3512 6.1429
v 104.7789 5.6888 4.4286
v 109.5515 8.3512 6.1429
v 109.7684 6.0038 6.1429
v 104.5719 7.9130 4.4286
v 104.2971 10.1321 4.4286
v 109.2637 10.6931 6.1429
v 104.5719 7.9130 4.4286
v 109.2637 10.6931 6.1429
v 109.5515 8.3512 6.1429
v 104.2971 10.1321 4.4286
v 103.9549 12.3446 4.4286
v 108.9052 13.0282 6.1429
v 104.2971 10.1321 4.4286
v 108.9052 13.0282 6.1429
v 109.2637 10.6931 6.1429
v 103.9549 12.3446 4.4286
v 103.5455 14.5491 4.4286
v 108.4763 15.3548 6.1429
v 103.9549 12.3446 4.4286
v 108.4763 15.3548 6.1429
v 108.9052 13.0282 6.1429
v 103.5455 14.5491 4.4286
v 103.0691 16.7442 4.4286
v 107.9771 17.6714 6.1429
v 103.5455 14.5491 4.4286
v 107.9771 17.6714 6.1429
v 108.4763 15.3548 6.1429
v 103.0691 16.7442 4.4286
v 102.5260 18.9285 4.4286
v 107.4082 19.9767 6.1429
v 103.0691 16.7442 4.4286
v 107.4082 19.9767 6.1429
v 107.9771 17.6714 6.1429
v 102.5260 18.9285 4.4286
v 101.9166 21.1006 4.4286
v 106.7698 22.2690 6.1429
v 102.5260 18.9285 4.4286
v 106.7698 22.2690 6.1429
v 107.4082 19.9767 6.1429
v 101.9166 21.1006 4.4286
v 101.2413 23.2589 4.4286
v 106.0623 24.5469 6.1429
v 101.9166 21.1006 4.4286
v 106.0623 24.5469 6.1429
v 106.7698 22.2690 6.1429
v 101.2413 23.2589 4.4286
v 100.5004 25.4023 4.4286
v 105.2862 26.8089 6.1429
v 101.2413 23.2589 4.4286
v 105.2862 26.8089 6.1429
v 106.0623 24.5469 6.1429
v 100.5004 25.4023 4.4286
v 99.6946 27.5292 4.4286
v 104.4420 29.0536 6.1429
v 100.5004 25.4023 4.4286
v 104.4420 29.0536 6.1429
v 105.2862 26.8089 6.1429
v 99.6946 27.5292 4.4286
v 98.8243 29.6383 4.4286
v 103.5302 31.2795 6.1429
v 99.6946 27.5292 4.4286
v 103.5302 31.2795 6.1429
v 104.4420 29.0536 6.1429
v 98.8243 29.6383 4.4286
v 97.8900 31.7282 4.4286
v 102.5514 33.4852 6.1429
v 98.8243 29.6383 4.4286
v 102.5514 33.4852 6.1429
v 103.5302 31.2795 6.1429
v 97.8900 31.7282 4.4286
v 96.8924 33.7977 4.4286
v 101.5063 35.6692 6.1429
v 97.8900 31.7282 4.4286
v 101.5063 35.6692 6.1429
v 102.5514 33.4852 6.1429
v 96.8924 33.7977 4.4286
v 95.8322 35.8452 4.4286
v 100.3956 37.8301 6.1429
v 96.8924 33.7977 4.4286
v 100.3956 37.8301 6.1429
v 101.5063 35.6692 6.1429
v 95.8322 35.8452 4.4286
v 94.7099 37.8696 4.4286
v 99.2199 39.9666 6.1429
v 95.8322 35.8452 4.4286
v 99.2199 39.9666 6.1429
v 100.3956 37.8301 6.1429
v 94.7099 37.8696 4.4286
v 93.5264 39.8694 4.4286
v 97.9800 42.0772 6.1429
v 94.7099 37.8696 4.4286
v 97.9800 42.0772 6.1429
v 99.2199 39.9666 6.1429
v 93.5264 39.8694 4.4286
v 92.2824 41.8435 4.4286
v 96.6768 44.1606 6.1429
v 93.5264 39.8694 4.4286
v 96.6768 44.1606 6.1429
v 97.9800 42.0772 6.1429
v 92.2824 41.8435 4.4286
v 90.9787 43.7905 4.4286
v 95.3110 46.2154 6.1429
v 92.2824 41.8435 4.4286
v 95.3110 46.2154 6.1429
v 96.6768 44.1606 6.1429
v 90.9787 43.7905 4.4286
v 89.6161 45.7092 4.4286
v 93.8835 48.2403 6.1429
v 90.9787 43.7905 4.4286
v 93.8835 48.2403 6.1429
v 95.3110 46.2154 6.1429
v 89.6161 45.7092 4.4286
v 88.1956 47.5983 4.4286
v 92.3954 50.2340 6.1429
v 89.6161 45.7092 4.4286
v 92.3954 50.2340 6.1429
v 93.8835 48.2403 6.1429
v 88.1956 47.5983 4.4286
v 86.7180 49.4566 4.4286
v 90.8474 52.1952 6.1429
v 88.1956 47.5983 4.4286
v 90.8474 52.1952 6.1429
v 92.3954 50.2340 6.1429
v 86.7180 49.4566 4.4286
v 85.1843 51.2829 4.4286
v 89.2407 54.1227 6.1429
v 86.7180 49.4566 4.4286
v 89.2407 54.1227 6.1429
v 90.8474 52.1952 6.1429
v 85.1843 51.2829 4.4286
v 83.5955 53.0761 4.4286
v 87.5763 56.0152 6.1429
v 85.1843 51.2829 4.4286
v 87.5763 56.0152 6.1429
v 89.2407 54.1227 6.1429
v 83.5955 53.0761 4.4286
v 81.9527 54.8349 4.4286
v 85.8552 57.8714 6.1429
v 83.5955 53.0761 4.4286
v 85.8552 57.8714 6.1429
v 87.5763 56.0152 6.1429
v 81.9527 54.8349 4.4286
v 80.2568 56.5583 4.4286
v 84.0786 59.6901 6.1429
v 81.9527 54.8349 4.4286
v 84.0786 59.6901 6.1429
v 85.8552 57.8714 6.1429
v 80.2568 56.5583 4.4286
v 78.5090 58.2450 4.4286
v 82.2475 61.4703 6.1429
v 80.2568 56.5583 4.4286
v 82.2475 61.4703 6.1429
v 84.0786 59.6901 6.1429
v 78.5090 58.2450 4.4286
v 76.7104 59.8941 4.4286
v 80.3633 63.2107 6.1429
v 78.5090 58.2450 4.4286
v 80.3633 63.2107 6.1429
v 82.2475 61.4703 6.1429
v 76.7104 59.8941 4.4286
v 74.8622 61.5044 4.4286
v 78.4271 64.9102 6.1429
v 76.7104 59.8941 4.4286
v 78.4271 64.9102 6.1429
v 80.3633 63.2107 6.1429
v 74.8622 61.5044 4.4286
v 72.9656 63.0750 4.4286
v 76.4402 66.5677 6.1429
v 74.8622 61.5044 4.4286
v 76.4402 66.5677 6.1429
v 78.4271 64.9102 6.1429
v 72.9656 63.0750 4.4286
v 71.0218 64.6047 4.4286
v 74.4038 68.1822 6.1429
v 72.9656 63.0750 4.4286
v 74.4038 68.1822 6.1429
v 76.4402 66.5677 6.1429
v 71.0218 64.6047 4.4286
v 69.0320 66.0927 4.4286
v 72.3193 69.7526 6.1429
v 71.0218 64.6047 4.4286
v 72.3193 69.7526 6.1429
v 74.4038 68.1822 6.1429
v 69.0320 66.0927 4.4286
v 66.9976 67.5379 4.4286
v 70.1880 71.2778 6.1429
v 69.0320 66.0927 4.4286
v 70.1880 71.2778 6.1429
v 72.3193 69.7526 6.1429
v 66.9976 67.5379 4.4286
v 64.9199 68.9394 4.4286
v 68.0113 72.7569 6.1429
v 66.9976 67.5379 4.4286
v 68.0113 72.7569 6.1429
v 70.1880 71.2778 6.1429
v 64.9199 68.9394 4.4286
v 62.8001 70.2964 4.4286
v 65.7906 74.1890 6.1429
v 64.9199 68.9394 4.4286
v 65.7906 74.1890 6.1429
v 68.0113 72.7569 6.1429
v 62.8001 70.2964 4.4286
v 60.6397 71.6078 4.4286
v 63.5273 75.5731 6.1429
v 62.8001 70.2964 4.4286
v 63.5273 75.5731 6.1429
v 65.7906 74.1890 6.1429
v 60.6397 71.6078 4.4286
v 58.4401 72.8729 4.4286
v 61.2230 76.9083 6.1429
v 60.6397 71.6078 4.4286
v 61.2230 76.9083 6.1429
v 63.5273 75.5731 6.1429
v 58.4401 72.8729 4.4286
v 56.2027 74.0909 4.4286
v 58.8790 78.1937 6.1429
v 58.4401 72.8729 4.4286
v 58.8790 78.1937 6.1429
v 61.2230 76.9083 6.1429
v 56.2027 74.0909 4.4286
v 53.9289 75.2610 4.4286
v 56.4970 79.4285 6.1429
v 56.2027 74.0909 4.4286
v 56.4970 79.4285 6.1429
v 58.8790 78.1937 6.1429
v 53.9289 75.2610 4.4286
v 51.6203 76.3824 4.4286
v 54.0784 80.6120 6.1429
v 53.9289 75.2610 4.4286
v 54.0784 80.6120 6.1429
v 56.4970 79.4285 6.1429
v 51.6203 76.3824 4.4286
v 49.2783 77.4543 4.4286
v 51.6248 81.7433 6.1429
v 51.6203 76.3824 4.4286
v 51.6248 81.7433 6.1429
v 54.0784 80.6120 6.1429
v 49.2783 77.4543 4.4286
v 46.9043 78.4762 4.4286
v 49.1379 82.8218 6.1429
v 49.2783 77.4543 4.4286
v 49.1379 82.8218 6.1429
v 51.6248 81.7433 6.1429
v 46.9043 78.4762 4.4286
v 44.5001 79.4473 4.4286
v 46.6191 83.8467 6.1429
v 46.9043 78.4762 4.4286
v 46.6191 83.8467 6.1429
v 49.1379 82.8218 6.1429
v 44.5001 79.4473 4.4286
v 42.0670 80.3670 4.4286
v 44.0702 84.8173 6.1429
v 44.5001 79.4473 4.4286
v 44.0702 84.8173 6.1429
v 46.6191 83.8467 6.1429
v 42.0670 80.3670 4.4286
v 39.6068 81.2347 4.4286
v 41.4928 85.7331 6.1429
v 42.0670 80.3670 4.4286
v 41.4928 85.7331 6.1429
v 44.0702 84.8173 6.1429
v 39.6068 81.2347 4.4286
v 37.1209 82.0499 4.4286
v 38.8886 86.5934 6.1429
v 39.6068 81.2347 4.4286
v 38.8886 86.5934 6.1429
v 41.4928 85.7331 6.1429
v 37.1209 82.0499 4.4286
v 34.6110 82.8120 4.4286
v 36.2591 87.3977 6.1429
v 37.1209 82.0499 4.4286
v 36.2591 87.3977 6.1429
v 38.8886 86.5934 6.1429
v 34.6110 82.8120 4.4286
v 32.0787 83.5205 4.4286
v 33.6063 88.1454 6.1429
v 34.6110 82.8120 4.4286
v 33.6063 88.1454 6.1429
v 36.2591 87.3977 6.1429
v 32.0787 83.5205 4.4286
v 29.5257 84.1750 4.4286
v 30.9317 88.8362 6.1429
v 32.0787 83.5205 4.4286
v 30.9317 88.8362 6.1429
v 33.6063 88.1454 6.1429
v 29.5257 84.1750 4.4286
v 26.9536 84.7751 4.4286
v 28.2371 89.4695 6.1429
v 29.5257 84.1750 4.4286
v 28.2371 89.4695 6.1429
v 30.9317 88.8362 6.1429
v 26.9536 84.7751 4.4286
v 24.3640 85.3203 4.4286
v 25.5242 90.0449 6.1429
v 26.9536 84.7751 4.4286
v 25.5242 90.0449 6.1429
v 28.2371 89.4695 6.1429
v 24.3640 85.3203 4.4286
v 21.7587 85.8103 4.4286
v 22.7948 90.5620 6.1429
v 24.3640 85.3203 4.4286
v 22.7948 90.5620 6.1429
v 25.5242 90.0449 6.1429
v 21.7587 85.8103 4.4286
v 19.1393 86.2448 4.4286
v 20.0507 91.0206 6.1429
v 21.7587 85.8103 4.4286
v 20.0507 91.0206 6.1429
v 22.7948 90.5620 6.1429
v 19.1393 86.2448 4.4286
v 16.5075 86.6235 4.4286
v 17.2935 91.4203 6.1429
v 19.1393 86.2448 4.4286
v 17.2935 91.4203 6.1429
v 20.0507 91.0206 6.1429
v 16.5075 86.6235 4.4286
v 13.8650 86.9462 4.4286
v 14.5253 91.7608 6.1429
v 16.5075 86.6235 4.4286
v 14.5253 91.7608 6.1429
v 17.2935 91.4203 6.1429
v 13.8650 86.9462 4.4286
v 11.2136 87.2126 4.4286
v 11.7476 92.0420 6.1429
v 13.8650 86.9462 4.4286
v 11.7476 92.0420 6.1429
v 14.5253 91.7608 6.1429
v 11.2136 87.2126 4.4286
v 8.5549 87.4227 4.4286
v 8.9623 92.2637 6.1429
v 11.2136 87.2126 4.4286
v 8.9623 92.2637 6.1429
v 11.7476 92.0420 6.1429
v 8.5549 87.4227 4.4286
v 5.8907 87.5761 4.4286
v 6.1712 92.4256 6.1429
v 8.5549 87.4227 4.4286
v 6.1712 92.4256 6.1429
v 8.9623 92.2637 6.1429
v 5.8907 87.5761 4.4286
v 3.2227 87.6730 4.4286
v 3.3761 92.5278 6.1429
v 5.8907 87.5761 4.4286
v 3.3761 92.5278 6.1429
v 6.1712 92.4256 6.1429
v 3.2227 87.6730 4.4286
v 0.5525 87.7131 4.4286
v 0.5789 92.5701 6.1429
v 3.2227 87.6730 4.4286
v 0.5789 92.5701 6.1429
v 3.3761 92.5278 6.1429
v 0.5525 87.7131 4.4286
v -2.1179 87.6964 4.4286
v -2.2188 92.5526 6.1429
v 0.5525 87.7131 4.4286
v -2.2188 92.5526 6.1429
v 0.5789 92.5701 6.1429
v -2.1179 87.6964 4.4286
v -4.7870 87.6231 4.4286
v -5.0150 92.4752 6.1429
v -2.1179 87.6964 4.4286
v -5.0150 92.4752 6.1429
v -2.2188 92.5526 6.1429
v -4.7870 87.6231 4.4286
v -7.4530 87.4930 4.4286
v -7.8079 92.3379 6.1429
v -4.7870 87.6231 4.4286
v -7.8079 92.3379 6.1429
v -5.0150 92.4752 6.1429
v -7.4530 87.4930 4.4286
v -10.1142 87.3064 4.4286
v -10.5958 92.1410 6.1429
v -7.4530 87.4930 4.4286
v -10.5958 92.1410 6.1429
v -7.8079 92.3379 6.1429
v -10.1142 87.3064 4.4286
v -12.7689 87.0633 4.4286
v -13.3769 91.8844 6.1429
v -10.1142 87.3064 4.4286
v -13.3769 91.8844 6.1429
v -10.5958 92.1410 6.1429
v -12.7689 87.0633 4.4286
v -15.4152 86.7639 4.4286
v -16.1493 91.5684 6.1429
v -12.7689 87.0633 4.4286
v -16.1493 91.5684 6.1429
v -13.3769 91.8844 6.1429
v -15.4152 86.7639 4.4286
v -18.0516 86.4083 4.4286
v -18.9113 91.1931 6.1429
v -15.4152 86.7639 4.4286
v -18.9113 91.1931 6.1429
v -16.1493 91.5684 6.1429
v -18.0516 86.4083 4.4286
v -20.6764 85.9968 4.4286
v -21.6610 90.7589 6.1429
v -18.0516 86.4083 4.4286
v -21.6610 90.7589 6.1429
v -18.9113 91.1931 6.1429
v -20.6764 85.9968 4.4286
v -23.2877 85.5298 4.4286
v -24.3967 90.2659 6.1429
v -20.6764 85.9968 4.4286
v -24.3967 90.2659 6.1429
v -21.6610 90.7589 6.1429
v -23.2877 85.5298 4.4286
v -25.8840 85.0073 4.4286
v -27.1166 89.7146 6.1429
v -23.2877 85.5298 4.4286
v -27.1166 89.7146 6.1429
v -24.3967 90.2659 6.1429
v -25.8840 85.0073 4.4286
v -28.4636 84.4299 4.4286
v -29.8190 89.1052 6.1429
v -25.8840 85.0073 4.4286
v -29.8190 89.1052 6.1429
v -27.1166 89.7146 6.1429
v -28.4636 84.4299 4.4286
v -31.0247 83.7979 4.4286
v -32.5021 88.4382 6.1429
v -28.4636 84.4299 4.4286
v -32.5021 88.4382 6.1429
v -29.8190 89.1052 6.1429
v -31.0247 83.7979 4.4286
v -33.5658 83.1117 4.4286
v -35.1641 87.7140 6.1429
v -31.0247 83.7979 4.4286
v -35.1641 87.7140 6.1429
v -32.5021 88.4382 6.1429
v -33.5658 83.1117 4.4286
v -36.0851 82.3717 4.4286
v -37.8035 86.9330 6.1429
v -33.5658 83.1117 4.4286
v -37.8035 86.9330 6.1429
v -35.1641 87.7140 6.1429
v -36.0851 82.3717 4.4286
v -38.5811 81.5784 4.4286
v -40.4183 86.0958 6.1429
v -36.0851 82.3717 4.4286
v -40.4183 86.0958 6.1429
v -37.8035 86.9330 6.1429
v -38.5811 81.5784 4.4286
v -41.0522 80.7324 4.4286
v -43.0071 85.2029 6.1429
v -38.5811 81.5784 4.4286
v -43.0071 85.2029 6.1429
v -40.4183 86.0958 6.1429
v -41.0522 80.7324 4.4286
v -43.4967 79.8341 4.4286
v -45.5680 84.2549 6.1429
v -41.0522 80.7324 4.4286
v -45.5680 84.2549 6.1429
v -43.0071 85.2029 6.1429
v -43.4967 79.8341 4.4286
v -45.9131 78.8842 4.4286
v -48.0994 83.2524 6.1429
v -43.4967 79.8341 4.4286
v -48.0994 83.2524 6.1429
v -45.5680 84.2549 6.1429
v -45.9131 78.8842 4.4286
v -48.2997 77.8833 4.4286
v -50.5997 82.1961 6.1429
v -45.9131 78.8842 4.4286
v -50.5997 82.1961 6.1429
v -48.0994 83.2524 6.1429
v -48.2997 77.8833 4.4286
v -50.6551 76.8320 4.4286
v -53.0673 81.0865 6.1429
v -48.2997 77.8833 4.4286
v -53.0673 81.0865 6.1429
v -50.5997 82.1961 6.1429
v -50.6551 76.8320 4.4286
v -52.9778 75.7310 4.4286
v -55.5005 79.9245 6.1429
v -50.6551 76.8320 4.4286
v -55.5005 79.9245 6.1429
v -53.0673 81.0865 6.1429
v -52.9778 75.7310 4.4286
v -55.2662 74.5810 4.4286
v -57.8979 78.7108 6.1429
v -52.9778 75.7310 4.4286
v -57.8979 78.7108 6.1429
v -55.5005 79.9245 6.1429
v -55.2662 74.5810 4.4286
v -57.5188 73.3827 4.4286
v -60.2578 77.4462 6.1429
v -55.2662 74.5810 4.4286
v -60.2578 77.4462 6.1429
v -57.8979 78.7108 6.1429
v -57.5188 73.3827 4.4286
v -59.7342 72.1370 4.4286
v -62.5787 76.1315 6.1429
v -57.5188 73.3827 4.4286
v -62.5787 76.1315 6.1429
v -60.2578 77.4462 6.1429
v -59.7342 72.1370 4.4286
v -61.9110 70.8446 4.4286
v -64.8591 74.7676 6.1429
v -59.7342 72.1370 4.4286
v -64.8591 74.7676 6.1429
v -62.5787 76.1315 6.1429
v -61.9110 70.8446 4.4286
v -64.0477 69.5064 4.4286
v -67.0976 73.3553 6.1429
v -61.9110 70.8446 4.4286
v -67.0976 73.3553 6.1429
v -64.8591 74.7676 6.1429
v -64.0477 69.5064 4.4286
v -66.1430 68.1232 4.4286
v -69.2927 71.8955 6.1429
v -64.0477 69.5064 4.4286
v -69.2927 71.8955 6.1429
v -67.0976 73.3553 6.1429
v -66.1430 68.1232 4.4286
v -68.1955 66.6960 4.4286
v -71.4430 70.3892 6.1429
v -66.1430 68.1232 4.4286
v -71.4430 70.3892 6.1429
v -69.2927 71.8955 6.1429
v -68.1955 66.6960 4.4286
v -70.2039 65.2256 4.4286
v -73.5470 68.8374 6.1429
v -68.1955 66.6960 4.4286
v -73.5470 68.8374 6.1429
v -71.4430 70.3892 6.1429
v -70.2039 65.2256 4.4286
v -72.1669 63.7130 4.4286
v -75.6035 67.2411 6.1429
v -70.2039 65.2256 4.4286
v -75.6035 67.2411 6.1429
v -73.5470 68.8374 6.1429
v -72.1669 63.7130 4.4286
v -74.0832 62.1592 4.4286
v -77.6110 65.6013 6.1429
v -72.1669 63.7130 4.4286
v -77.6110 65.6013 6.1429
v -75.6035 67.2411 6.1429
v -74.0832 62.1592 4.4286
v -75.9516 60.5652 4.4286
v -79.5684 63.9190 6.1429
v -74.0832 62.1592 4.4286
v -79.5684 63.9190 6.1429
v -77.6110 65.6013 6.1429
v -75.9516 60.5652 4.4286
v -77.7709 58.9320 4.4286
v -81.4742 62.1954 6.1429
v -75.9516 60.5652 4.4286
v -81.4742 62.1954 6.1429
v -79.5684 63.9190 6.1429
v -77.7709 58.9320 4.4286
v -79.5398 57.2607 4.4286
v -83.3274 60.4315 6.1429
v -77.7709 58.9320 4.4286
v -83.3274 60.4315 6.1429
v -81.4742 62.1954 6.1429
v -79.5398 57.2607 4.4286
v -81.2573 55.5524 4.4286
v -85.1267 58.6286 6.1429
v -79.5398 57.2607 4.4286
v -85.1267 58.6286 6.1429
v -83.3274 60.4315 6.1429
v -81.2573 55.5524 4.4286
v -82.9222 53.8081 4.4286
v -86.8709 56.7877 6.1429
v -81.2573 55.5524 4.4286
v -86.8709 56.7877 6.1429
v -85.1267 58.6286 6.1429
v -82.9222 53.8081 4.4286
v -84.5335 52.0290 4.4286
v -88.5589 54.9101 6.1429
v -82.9222 53.8081 4.4286
v -88.5589 54.9101 6.1429
v -86.8709 56.7877 6.1429
v -84.5335 52.0290 4.4286
v -86.0901 50.2163 4.4286
v -90.1897 52.9970 6.1429
v -84.5335 52.0290 4.4286
v -90.1897 52.9970 6.1429
v -88.5589 54.9101 6.1429
v -86.0901 50.2163 4.4286
v -87.5910 48.3711 4.4286
v -91.7620 51.0496 6.1429
v -86.0901 50.2163 4.4286
v -91.7620 51.0496 6.1429
v -90.1897 52.9970 6.1429
v -87.5910 48.3711 4.4286
v -89.0353 46.4945 4.4286
v -93.2751 49.0692 6.1429
v -87.5910 48.3711 4.4286
v -93.2751 49.0692 6.1429
v -91.7620 51.0496 6.1429
v -89.0353 46.4945 4.4286
v -90.4219 44.5879 4.4286
v -94.7278 47.0570 6.1429
v -89.0353 46.4945 4.4286
v -94.7278 47.0570 6.1429
v -93.2751 49.0692 6.1429
v -90.4219 44.5879 4.4286
v -91.7501 42.6525 4.4286
v -96.1192 45.0144 6.1429
v -90.4219 44.5879 4.4286
v -96.1192 45.0144 6.1429
v -94.7278 47.0570 6.1429
v -91.7501 42.6525 4.4286
v -93.0189 40.6895 4.4286
v -97.4484 42.9426 6.1429
v -91.7501 42.6525 4.4286
v -97.4484 42.9426 6.1429
v -96.1192 45.0144 6.1429
v -93.0189 40.6895 4.4286
v -94.2276 38.7001 4.4286
v -98.7146 40.8431 6.1429
v -93.0189 40.6895 4.4286
v -98.7146 40.8431 6.1429
v -97.4484 42.9426 6.1429
v -94.2276 38.7001 4.4286
v -95.3753 36.6858 4.4286
v -99.9169 38.7172 6.1429
v -94.2276 38.7001 4.4286
v -99.9169 38.7172 6.1429
v -98.7146 40.8431 6.1429
v -95.3753 36.6858 4.4286
v -96.4613 34.6476 4.4286
v -101.0547 36.5662 6.1429
v -95.3753 36.6858 4.4286
v -101.0547 36.5662 6.1429
v -99.9169 38.7172 6.1429
v -96.4613 34.6476 4.4286
v -97.4849 32.5871 4.4286
v -102.1270 34.3916 6.1429
v -96.4613 34.6476 4.4286
v -102.1270 34.3916 6.1429
v -101.0547 36.5662 6.1429
v -97.4849 32.5871 4.4286
v -98.4454 30.5055 4.4286
v -103.1333 32.1947 6.1429
v -97.4849 32.5871 4.4286
v -103.1333 32.1947 6.1429
v -102.1270 34.3916 6.1429
v -98.4454 30.5055 4.4286
v -99.3422 28.4042 4.4286
v -104.0728 29.9770 6.1429
v -98.4454 30.5055 4.4286
v -104.0728 29.9770 6.1429
v -103.1333 32.1947 6.1429
v -99.3422 28.4042 4.4286
v -100.1748 26.2845 4.4286
v -104.9451 27.7400 6.1429
v -99.3422 28.4042 4.4286
v -104.9451 27.7400 6.1429
v -104.0728 29.9770 6.1429
v -100.1748 26.2845 4.4286
v -100.9426 24.1478 4.4286
v -105.7494 25.4849 6.1429
v -100.1748 26.2845 4.4286
v -105.7494 25.4849 6.1429
v -104.9451 27.7400 6.1429
v -100.9426 24.1478 4.4286
v -101.6451 21.9954 4.4286
v -106.4854 23.2134 6.1429
v -100.9426 24.1478 4.4286
v -106.4854 23.2134 6.1429
v -105.7494 25.4849 6.1429
v -101.6451 21.9954 4.4286
v -102.2819 19.8289 4.4286
v -107.1524 20.9269 6.1429
v -101.6451 21.9954 4.4286
v -107.1524 20.9269 6.1429
v -106.4854 23.2134 6.1429
v -102.2819 19.8289 4.4286
v -102.8524 17.6495 4.4286
v -107.7502 18.6268 6.1429
v -102.2819 19.8289 4.4286
v -107.7502 18.6268 6.1429
v -107.1524 20.9269 6.1429
v -102.8524 17.6495 4.4286
v -103.3565 15.4587 4.4286
v -108.2782 16.3147 6.1429
v -102.8524 17.6495 4.4286
v -108.2782 16.3147 6.1429
v -107.7502 18.6268 6.1429
v -103.3565 15.4587 4.4286
v -103.7937 13.2578 4.4286
v -108.7362 13.9920 6.1429
v -103.3565 15.4587 4.4286
v -108.7362 13.9920 6.1429
v -108.2782 16.3147 6.1429
v -103.7937 13.2578 4.4286
v -104.1637 11.0485 4.4286
v -109.1239 11.6603 6.1429
v -103.7937 13.2578 4.4286
v -109.1239 11.6603 6.1429
v -108.7362 13.9920 6.1429
v -104.1637 11.0485 4.4286
v -104.4664 8.8319 4.4286
v -109.4410 9.3210 6.1429
v -104.1637 11.0485 4.4286
v -109.4410 9.3210 6.1429
v -109.1239 11.6603 6.1429
v -104.4664 8.8319 4.4286
v -104.7015 6.6097 4.4286
v -109.6872 6.9757 6.1429
v -104.4664 8.8319 4.4286
v -109.6872 6.9757 6.1429
v -109.4410 9.3210 6.1429
v -104.7015 6.6097 4.4286
v -104.8688 4.3832 4.4286
v -109.8626 4.6259 6.1429
v -104.7015 6.6097 4.4286
v -109.8626 4.6259 6.1429
v -109.6872 6.9757 6.1429
v -104.8688 4.3832 4.4286
v -104.9683 2.1538 4.4286
v -109.9668 2.2731 6.1429
v -104.8688 4.3832 4.4286
v -109.9668 2.2731 6.1429
v -109.8626 4.6259 6.1429
v -104.9683 2.1538 4.4286
v -105.0000 -0.0769 4.4286
v -110.0000 -0.0812 6.1429
v -104.9683 2.1538 4.4286
v -110.0000 -0.0812 6.1429
v -109.9668 2.2731 6.1429
v -105.0000 -0.0769 4.4286
v -104.9637 -2.3076 4.4286
v -109.9619 -2.4354 6.1429
v -105.0000 -0.0769 4.4286
v -109.9619 -2.4354 6.1429
v -110.0000 -0.0812 6.1429
v -104.9637 -2.3076 4.4286
v -104.8595 -4.5368 4.4286
v -109.8528 -4.7881 6.1429
v -104.9637 -2.3076 4.4286
v -109.8528 -4.7881 6.1429
v -109.9619 -2.4354 6.1429
v -104.8595 -4.5368 4.4286
v -104.6874 -6.7631 4.4286
v -109.6725 -7.1376 6.1429
v -104.8595 -4.5368 4.4286
v -109.6725 -7.1376 6.1429
v -109.8528 -4.7881 6.1429
v -104.6874 -6.7631 4.4286
v -104.4477 -8.9850 4.4286
v -109.4214 -9.4825 6.1429
v -104.6874 -6.7631 4.4286
v -109.4214 -9.4825 6.1429
v -109.6725 -7.1376 6.1429
v -104.4477 -8.9850 4.4286
v -104.1404 -11.2011 4.4286
v -109.0994 -11.8213 6.1429
v -104.4477 -8.9850 4.4286
v -109.0994 -11.8213 6.1429
v -109.4214 -9.4825 6.1429
v -104.1404 -11.2011 4.4286
v -103.7657 -13.4099 4.4286
v -108.7069 -14.1525 6.1429
v -104.1404 -11.2011 4.4286
v -108.7069 -14.1525 6.1429
v -109.0994 -11.8213 6.1429
v -103.7657 -13.4099 4.4286
v -103.3239 -15.6101 4.4286
v -108.2440 -16.4745 6.1429
v -103.7657 -13.4099 4.4286
v -108.2440 -16.4745 6.1429
v -108.7069 -14.1525 6.1429
v -103.3239 -15.6101 4.4286
v -102.8152 -17.8001 4.4286
v -107.7112 -18.7858 6.1429
v -103.3239 -15.6101 4.4286
v -107.7112 -18.7858 6.1429
v -108.2440 -16.4745 6.1429
v -102.8152 -17.8001 4.4286
v -102.2401 -19.9787 4.4286
v -107.1086 -21.0850 6.1429
v -102.8152 -17.8001 4.4286
v -107.1086 -21.0850 6.1429
v -107.7112 -18.7858 6.1429
v -102.2401 -19.9787 4.4286
v -101.5988 -22.1443 4.4286
v -106.4368 -23.3706 6.1429
v -102.2401 -19.9787 4.4286
v -106.4368 -23.3706 6.1429
v -107.1086 -21.0850 6.1429
v -101.5988 -22.1443 4.4286
v -100.8918 -24.2956 4.4286
v -105.6961 -25.6410 6.1429
v -101.5988 -22.1443 4.4286
v -105.6961 -25.6410 6.1429
v -106.4368 -23.3706 6.1429
v -100.8918 -24.2956 4.4286
v -100.1195 -26.4312 4.4286
v -104.8871 -27.8948 6.1429
v -100.8918 -24.2956 4.4286
v -104.8871 -27.8948 6.1429
v -105.6961 -25.6410 6.1429
v -100.1195 -26.4312 4.4286
v -99.2824 -28.5497 4.4286
v -104.0102 -30.1306 6.1429
v -100.1195 -26.4312 4.4286
v -104.0102 -30.1306 6.1429
v -104.8871 -27.8948 6.1429
v -99.2824 -28.5497 4.4286
v -98.3812 -30.6497 4.4286
v -103.0660 -32.3469 6.1429
v -99.2824 -28.5497 4.4286
v -103.0660 -32.3469 6.1429
v -104.0102 -30.1306 6.1429
v -98.3812 -30.6497 4.4286
v -97.4163 -32.7299 4.4286
v -102.0551 -34.5423 6.1429
v -98.3812 -30.6497 4.4286
v -102.0551 -34.5423 6.1429
v -103.0660 -32.3469 6.1429
v -97.4163 -32.7299 4.4286
v -96.3884 -34.7889 4.4286
v -100.9783 -36.7154 6.1429
v -97.4163 -32.7299 4.4286
v -100.9783 -36.7154 6.1429
v -102.0551 -34.5423 6.1429
v -96.3884 -34.7889 4.4286
v -95.2981 -36.8255 4.4286
v -99.8361 -38.8647 6.1429
v -96.3884 -34.7889 4.4286
v -99.8361 -38.8647 6.1429
v -100.9783 -36.7154 6.1429
v -95.2981 -36.8255 4.4286
v -94.1462 -38.8382 4.4286
v -98.6293 -40.9888 6.1429
v -95.2981 -36.8255 4.4286
v -98.6293 -40.9888 6.1429
v -99.8361 -38.8647 6.1429
v -94.1462 -38.8382 4.4286
v -92.9333 -40.8257 4.4286
v -97.3587 -43.0864 6.1429
v -94.1462 -38.8382 4.4286
v -97.3587 -43.0864 6.1429
v -98.6293 -40.9888 6.1429
v -92.9333 -40.8257 4.4286
v -91.6604 -42.7869 4.4286
v -96.0252 -45.1562 6.1429
v -92.9333 -40.8257 4.4286
v -96.0252 -45.1562 6.1429
v -97.3587 -43.0864 6.1429
v -91.6604 -42.7869 4.4286
v -90.3282 -44.7204 4.4286
v -94.6295 -47.1967 6.1429
v -91.6604 -42.7869 4.4286
v -94.6295 -47.1967 6.1429
v -96.0252 -45.1562 6.1429
v -90.3282 -44.7204 4.4286
v -88.9375 -46.6249 4.4286
v -93.1726 -49.2068 6.1429
v -90.3282 -44.7204 4.4286
v -93.1726 -49.2068 6.1429
v -94.6295 -47.1967 6.1429
v -88.9375 -46.6249 4.4286
v -87.4893 -48.4993 4.4286
v -91.6555 -51.1850 6.1429
v -88.9375 -46.6249 4.4286
v -91.6555 -51.1850 6.1429
v -93.1726 -49.2068 6.1429
v -87.4893 -48.4993 4.4286
v -85.9845 -50.3424 4.4286
v -90.0790 -53.1300 6.1429
v -87.4893 -48.4993 4.4286
v -90.0790 -53.1300 6.1429
v -91.6555 -51.1850 6.1429
v -85.9845 -50.3424 4.4286
v -84.4241 -52.1528 4.4286
v -88.4443 -55.0407 6.1429
v -85.9845 -50.3424 4.4286
v -88.4443 -55.0407 6.1429
v -90.0790 -53.1300 6.1429
v -84.4241 -52.1528 4.4286
v -82.8091 -53.9295 4.4286
v -86.7524 -56.9159 6.1429
v -84.4241 -52.1528 4.4286
v -86.7524 -56.9159 6.1429
v -88.4443 -55.0407 6.1429
v -82.8091 -53.9295 4.4286
v -81.1405 -55.6714 4.4286
v -85.0044 -58.7541 6.1429
v -82.8091 -53.9295 4.4286
v -85.0044 -58.7541 6.1429
v -86.7524 -56.9159 6.1429
v -81.1405 -55.6714 4.4286
v -79.4195 -57.3772 4.4286
v -83.2013 -60.5544 6.1429
v -81.1405 -55.6714 4.4286
v -83.2013 -60.5544 6.1429
v -85.0044 -58.7541 6.1429
v -79.4195 -57.3772 4.4286
v -77.6470 -59.0459 4.4286
v -81.3445 -62.3155 6.1429
v -79.4195 -57.3772 4.4286
v -81.3445 -62.3155 6.1429
v -83.2013 -60.5544 6.1429
v -77.6470 -59.0459 4.4286
v -75.8243 -60.6764 4.4286
v -79.4350 -64.0363 6.1429
v -77.6470 -59.0459 4.4286
v -79.4350 -64.0363 6.1429
v -81.3445 -62.3155 6.1429
v -75.8243 -60.6764 4.4286
v -73.9526 -62.2677 4.4286
v -77.4742 -65.7157 6.1429
v -75.8243 -60.6764 4.4286
v -77.4742 -65.7157 6.1429
v -79.4350 -64.0363 6.1429
v -73.9526 -62.2677 4.4286
v -72.0330 -63.8187 4.4286
v -75.4632 -67.3526 6.1429
v -73.9526 -62.2677 4.4286
v -75.4632 -67.3526 6.1429
v -77.4742 -65.7157 6.1429
v -72.0330 -63.8187 4.4286
v -70.0669 -65.3284 4.4286
v -73.4034 -68.9459 6.1429
v -72.0330 -63.8187 4.4286
v -73.4034 -68.9459 6.1429
v -75.4632 -67.3526 6.1429
v -70.0669 -65.3284 4.4286
v -68.0554 -66.7958 4.4286
v -71.2961 -70.4946 6.1429
v -70.0669 -65.3284 4.4286
v -71.2961 -70.4946 6.1429
v -73.4034 -68.9459 6.1429
v -68.0554 -66.7958 4.4286
v -65.9999 -68.2200 4.4286
v -69.1427 -71.9977 6.1429
v -68.0554 -66.7958 4.4286
v -69.1427 -71.9977 6.1429
v -71.2961 -70.4946 6.1429
v -65.9999 -68.2200 4.4286
v -63.9017 -69.6001 4.4286
v -66.9446 -73.4542 6.1429
v -65.9999 -68.2200 4.4286
v -66.9446 -73.4542 6.1429
v -69.1427 -71.9977 6.1429
v -63.9017 -69.6001 4.4286
v -61.7621 -70.9352 4.4286
v -64.7032 -74.8632 6.1429
v -63.9017 -69.6001 4.4286
v -64.7032 -74.8632 6.1429
v -66.9446 -73.4542 6.1429
v -61.7621 -70.9352 4.4286
v -59.5827 -72.2244 4.4286
v -62.4199 -76.2238 6.1429
v -61.7621 -70.9352 4.4286
v -62.4199 -76.2238 6.1429
v -64.7032 -74.8632 6.1429
v -59.5827 -72.2244 4.4286
v -57.3646 -73.4669 4.4286
v -60.0963 -77.5351 6.1429
v -59.5827 -72.2244 4.4286
v -60.0963 -77.5351 6.1429
v -62.4199 -76.2238 6.1429
v -57.3646 -73.4669 4.4286
v -55.1095 -74.6618 4.4286
v -57.7337 -78.7962 6.1429
v -57.3646 -73.4669 4.4286
v -57.7337 -78.7962 6.1429
v -60.0963 -77.5351 6.1429
v -55.1095 -74.6618 4.4286
v -52.8187 -75.8085 4.4286
v -55.3339 -80.0063 6.1429
v -55.1095 -74.6618 4.4286
v -55.3339 -80.0063 6.1429
v -57.7337 -78.7962 6.1429
v -52.8187 -75.8085 4.4286
v -50.4937 -76.9061 4.4286
v -52.8982 -81.1647 6.1429
v -52.8187 -75.8085 4.4286
v -52.8982 -81.1647 6.1429
v -55.3339 -80.0063 6.1429
v -50.4937 -76.9061 4.4286
v -48.1361 -77.9540 4.4286
v -50.4283 -82.2706 6.1429
v -50.4937 -76.9061 4.4286
v -50.4283 -82.2706 6.1429
v -52.8982 -81.1647 6.1429
v -48.1361 -77.9540 4.4286
v -45.7473 -78.9514 4.4286
v -47.9258 -83.3233 6.1429
v -48.1361 -77.9540 4.4286
v -47.9258 -83.3233 6.1429
v -50.4283 -82.2706 6.1429
v -45.7473 -78.9514 4.4286
v -43.3290 -79.8978 4.4286
v -45.3923 -84.3221 6.1429
v -45.7473 -78.9514 4.4286
v -45.3923 -84.3221 6.1429
v -47.9258 -83.3233 6.1429
v -43.3290 -79.8978 4.4286
v -40.8826 -80.7924 4.4286
v -42.8294 -85.2663 6.1429
v -43.3290 -79.8978 4.4286
v -42.8294 -85.2663 6.1429
v -45.3923 -84.3221 6.1429
v -40.8826 -80.7924 4.4286
v -38.4098 -81.6349 4.4286
v -40.2388 -86.1554 6.1429
v -40.8826 -80.7924 4.4286
v -40.2388 -86.1554 6.1429
v -42.8294 -85.2663 6.1429
v -38.4098 -81.6349 4.4286
v -35.9121 -82.4245 4.4286
v -37.6222 -86.9887 6.1429
v -38.4098 -81.6349 4.4286
v -37.6222 -86.9887 6.1429
v -40.2388 -86.1554 6.1429
v 84.2649 -59.5038 6.1429
v 86.0358 -57.6811 6.1429
v 89.9465 -60.7075 7.8571
v 84.2649 -59.5038 6.1429
v 89.9465 -60.7075 7.8571
v 88.0951 -62.6259 7.8571
v 86.0358 -57.6811 6.1429
v 87.7511 -55.8210 6.1429
v 91.7398 -58.7499 7.8571
v 86.0358 -57.6811 6.1429
v 91.7398 -58.7499 7.8571
v 89.9465 -60.7075 7.8571
v 87.7511 -55.8210 6.1429
v 89.4096 -53.9249 6.1429
v 93.4737 -56.7543 7.8571
v 87.7511 -55.8210 6.1429
v 93.4737 -56.7543 7.8571
v 91.7398 -58.7499 7.8571
v 89.4096 -53.9249 6.1429
v 91.0103 -51.9939 6.1429
v 95.1471 -54.7220 7.8571
v 89.4096 -53.9249 6.1429
v 95.1471 -54.7220 7.8571
v 93.4737 -56.7543 7.8571
v 91.0103 -51.9939 6.1429
v 92.5521 -50.0293 6.1429
v 96.7590 -52.6543 7.8571
v 91.0103 -51.9939 6.1429
v 96.7590 -52.6543 7.8571
v 95.1471 -54.7220 7.8571
v 92.5521 -50.0293 6.1429
v 94.0340 -48.0323 6.1429
v 98.3083 -50.5525 7.8571
v 92.5521 -50.0293 6.1429
v 98.3083 -50.5525 7.8571
v 96.7590 -52.6543 7.8571
v 94.0340 -48.0323 6.1429
v 95.4552 -46.0042 6.1429
v 99.7940 -48.4180 7.8571
v 94.0340 -48.0323 6.1429
v 99.7940 -48.4180 7.8571
v 98.3083 -50.5525 7.8571
v 95.4552 -46.0042 6.1429
v 96.8145 -43.9463 6.1429
v 101.2152 -46.2522 7.8571
v 95.4552 -46.0042 6.1429
v 101.2152 -46.2522 7.8571
v 99.7940 -48.4180 7.8571
v 96.8145 -43.9463 6.1429
v 98.1113 -41.8601 6.1429
v 102.5709 -44.0564 7.8571
v 96.8145 -43.9463 6.1429
v 102.5709 -44.0564 7.8571
v 101.2152 -46.2522 7.8571
v 98.1113 -41.8601 6.1429
v 99.3445 -39.7467 6.1429
v 103.8602 -41.8322 7.8571
v 98.1113 -41.8601 6.1429
v 103.8602 -41.8322 7.8571
v 102.5709 -44.0564 7.8571
v 99.3445 -39.7467 6.1429
v 100.5135 -37.6077 6.1429
v 105.0823 -39.5809 7.8571
v 99.3445 -39.7467 6.1429
v 105.0823 -39.5809 7.8571
v 103.8602 -41.8322 7.8571
v 100.5135 -37.6077 6.1429
v 101.6175 -35.4443 6.1429
v 106.2365 -37.3040 7.8571
v 100.5135 -37.6077 6.1429
v 106.2365 -37.3040 7.8571
v 105.0823 -39.5809 7.8571
v 101.6175 -35.4443 6.1429
v 102.6558 -33.2580 6.1429
v 107.3219 -35.0030 7.8571
v 101.6175 -35.4443 6.1429
v 107.3219 -35.0030 7.8571
v 106.2365 -37.3040 7.8571
v 102.6558 -33.2580 6.1429
v 103.6276 -31.0502 6.1429
v 108.3380 -32.6793 7.8571
v 102.6558 -33.2580 6.1429
v 108.3380 -32.6793 7.8571
v 107.3219 -35.0030 7.8571
v 103.6276 -31.0502 6.1429
v 104.5324 -28.8223 6.1429
v 109.2839 -30.3345 7.8571
v 103.6276 -31.0502 6.1429
v 109.2839 -30.3345 7.8571
v 108.3380 -32.6793 7.8571
v 104.5324 -28.8223 6.1429
v 105.3696 -26.5757 6.1429
v 110.1591 -27.9701 7.8571
v 104.5324 -28.8223 6.1429
v 110.1591 -27.9701 7.8571
v 109.2839 -30.3345 7.8571
v 105.3696 -26.5757 6.1429
v 106.1387 -24.3120 6.1429
v 110.9631 -25.5876 7.8571
v 105.3696 -26.5757 6.1429
v 110.9631 -25.5876 7.8571
v 110.1591 -27.9701 7.8571
v 106.1387 -24.3120 6.1429
v 106.8390 -22.0325 6.1429
v 111.6953 -23.1885 7.8571
v 106.1387 -24.3120 6.1429
v 111.6953 -23.1885 7.8571
v 110.9631 -25.5876 7.8571
v 106.8390 -22.0325 6.1429
v 107.4703 -19.7388 6.1429
v 112.3553 -20.7744 7.8571
v 106.8390 -22.0325 6.1429
v 112.3553 -20.7744 7.8571
v 111.6953 -23.1885 7.8571
v 107.4703 -19.7388 6.1429
v 108.0320 -17.4323 6.1429
v 112.9426 -18.3469 7.8571
v 107.4703 -19.7388 6.1429
v 112.9426 -18.3469 7.8571
v 112.3553 -20.7744 7.8571
v 108.0320 -17.4323 6.1429
v 108.5239 -15.1145 6.1429
v 113.4568 -15.9076 7.8571
v 108.0320 -17.4323 6.1429
v 113.4568 -15.9076 7.8571
v 112.9426 -18.3469 7.8571
v 108.5239 -15.1145 6.1429
v 108.9455 -12.7870 6.1429
v 113.8976 -13.4579 7.8571
v 108.5239 -15.1145 6.1429
v 113.8976 -13.4579 7.8571
v 113.4568 -15.9076 7.8571
v 108.9455 -12.7870 6.1429
v 109.2967 -10.4511 6.1429
v 114.2648 -10.9995 7.8571
v 108.9455 -12.7870 6.1429
v 114.2648 -10.9995 7.8571
v 113.8976 -13.4579 7.8571
v 109.2967 -10.4511 6.1429
v 109.5772 -8.1086 6.1429
v 114.5580 -8.5340 7.8571
v 109.2967 -10.4511 6.1429
v 114.5580 -8.5340 7.8571
v 114.2648 -10.9995 7.8571
v 109.5772 -8.1086 6.1429
v 109.7868 -5.7607 6.1429
v 114.7771 -6.0630 7.8571
v 109.5772 -8.1086 6.1429
v 114.7771 -6.0630 7.8571
v 114.5580 -8.5340 7.8571
v 109.7868 -5.7607 6.1429
v 109.9254 -3.4092 6.1429
v 114.9220 -3.5881 7.8571
v 109.7868 -5.7607 6.1429
v 114.9220 -3.5881 7.8571
v 114.7771 -6.0630 7.8571
v 109.9254 -3.4092 6.1429
v 109.9929 -1.0554 6.1429
v 114.9925 -1.1108 7.8571
v 109.9254 -3.4092 6.1429
v 114.9925 -1.1108 7.8571
v 114.9220 -3.5881 7.8571
v 109.9929 -1.0554 6.1429
v 109.9892 1.2990 6.1429
v 114.9887 1.3672 7.8571
v 109.9929 -1.0554 6.1429
v 114.9887 1.3672 7.8571
v 114.9925 -1.1108 7.8571
v 109.9892 1.2990 6.1429
v 109.9143 3.6526 6.1429
v 114.9104 3.8442 7.8571
v 109.9892 1.2990 6.1429
v 114.9104 3.8442 7.8571
v 114.9887 1.3672 7.8571
v 109.9143 3.6526 6.1429
v 109.7684 6.0038 6.1429
v 114.7579 6.3188 7.8571
v 109.9143 3.6526 6.1429
v 114.7579 6.3188 7.8571
v 114.9104 3.8442 7.8571
v 109.7684 6.0038 6.1429
v 109.5515 8.3512 6.1429
v 114.5311 8.7894 7.8571
v 109.7684 6.0038 6.1429
v 114.5311 8.7894 7.8571
v 114.7579 6.3188 7.8571
v 109.5515 8.3512 6.1429
v 109.2637 10.6931 6.1429
v 114.2302 11.2542 7.8571
v 109.5515 8.3512 6.1429
v 114.2302 11.2542 7.8571
v 114.5311 8.7894 7.8571
v 109.2637 10.6931 6.1429
v 108.9052 13.0282 6.1429
v 113.8554 13.7117 7.8571
v 109.2637 10.6931 6.1429
v 113.8554 13.7117 7.8571
v 114.2302 11.2542 7.8571
v 108.9052 13.0282 6.1429
v 108.4763 15.3548 6.1429
v 113.4070 16.1604 7.8571
v 108.9052 13.0282 6.1429
v 113.4070 16.1604 7.8571
v 113.8554 13.7117 7.8571
v 108.4763 15.3548 6.1429
v 107.9771 17.6714 6.1429
v 112.8852 18.5986 7.8571
v 108.4763 15.3548 6.1429
v 112.8852 18.5986 7.8571
v 113.4070 16.1604 7.8571
v 107.9771 17.6714 6.1429
v 107.4082 19.9767 6.1429
v 112.2904 21.0248 7.8571
v 107.9771 17.6714 6.1429
v 112.2904 21.0248 7.8571
v 112.8852 18.5986 7.8571
v 107.4082 19.9767 6.1429
v 106.7698 22.2690 6.1429
v 111.6229 23.4374 7.8571
v 107.4082 19.9767 6.1429
v 111.6229 23.4374 7.8571
v 112.2904 21.0248 7.8571
v 106.7698 22.2690 6.1429
v 106.0623 24.5469 6.1429
v 110.8833 25.8349 7.8571
v 106.7698 22.2690 6.1429
v 110.8833 25.8349 7.8571
v 111.6229 23.4374 7.8571
v 106.0623 24.5469 6.1429
v 105.2862 26.8089 6.1429
v 110.0719 28.2156 7.8571
v 106.0623 24.5469 6.1429
v 110.0719 28.2156 7.8571
v 110.8833 25.8349 7.8571
v 105.2862 26.8089 6.1429
v 104.4420 29.0536 6.1429
v 109.1893 30.5780 7.8571
v 105.2862 26.8089 6.1429
v 109.1893 30.5780 7.8571
v 110.0719 28.2156 7.8571
v 104.4420 29.0536 6.1429
v 103.5302 31.2795 6.1429
v 108.2361 32.9207 7.8571
v 104.4420 29.0536 6.1429
v 108.2361 32.9207 7.8571
v 109.1893 30.5780 7.8571
v 103.5302 31.2795 6.1429
v 102.5514 33.4852 6.1429
v 107.2129 35.2421 7.8571
v 103.5302 31.2795 6.1429
v 107.2129 35.2421 7.8571
v 108.2361 32.9207 7.8571
v 102.5514 33.4852 6.1429
v 101.5063 35.6692 6.1429
v 106.1203 37.5407 7.8571
v 102.5514 33.4852 6.1429
v 106.1203 37.5407 7.8571
v 107.2129 35.2421 7.8571
v 101.5063 35.6692 6.1429
v 100.3956 37.8301 6.1429
v 104.9590 39.8150 7.8571
v 101.5063 35.6692 6.1429
v 104.9590 39.8150 7.8571
v 106.1203 37.5407 7.8571
v 100.3956 37.8301 6.1429
v 99.2199 39.9666 6.1429
v 103.7299 42.0636 7.8571
v 100.3956 37.8301 6.1429
v 103.7299 42.0636 7.8571
v 104.9590 39.8150 7.8571
v 99.2199 39.9666 6.1429
v 97.9800 42.0772 6.1429
v 102.4337 44.2849 7.8571
v 99.2199 39.9666 6.1429
v 102.4337 44.2849 7.8571
v 103.7299 42.0636 7.8571
v 97.9800 42.0772 6.1429
v 96.6768 44.1606 6.1429
v 101.0712 46.4776 7.8571
v 97.9800 42.0772 6.1429
v 101.0712 46.4776 7.8571
v 102.4337 44.2849 7.8571
v 96.6768 44.1606 6.1429
v 95.3110 46.2154 6.1429
v 99.6433 48.6403 7.8571
v 96.6768 44.1606 6.1429
v 99.6433 48.6403 7.8571
v 101.0712 46.4776 7.8571
v 95.3110 46.2154 6.1429
v 93.8835 48.2403 6.1429
v 98.1510 50.7714 7.8571
v 95.3110 46.2154 6.1429
v 98.1510 50.7714 7.8571
v 99.6433 48.6403 7.8571
v 93.8835 48.2403 6.1429
v 92.3954 50.2340 6.1429
v 96.5952 52.8698 7.8571
v 93.8835 48.2403 6.1429
v 96.5952 52.8698 7.8571
v 98.1510 50.7714 7.8571
v 92.3954 50.2340 6.1429
v 90.8474 52.1952 6.1429
v 94.9769 54.9339 7.8571
v 92.3954 50.2340 6.1429
v 94.9769 54.9339 7.8571
v 96.5952 52.8698 7.8571
v 90.8474 52.1952 6.1429
v 89.2407 54.1227 6.1429
v 93.2971 56.9625 7.8571
v 90.8474 52.1952 6.1429
v 93.2971 56.9625 7.8571
v 94.9769 54.9339 7.8571
v 89.2407 54.1227 6.1429
v 87.5763 56.0152 6.1429
v 91.5570 58.9542 7.8571
v 89.2407 54.1227 6.1429
v 91.5570 58.9542 7.8571
v 93.2971 56.9625 7.8571
v 87.5763 56.0152 6.1429
v 85.8552 57.8714 6.1429
v 89.7577 60.9078 7.8571
v 87.5763 56.0152 6.1429
v 89.7577 60.9078 7.8571
v 91.5570 58.9542 7.8571
v 85.8552 57.8714 6.1429
v 84.0786 59.6901 6.1429
v 87.9003 62.8220 7.8571
v 85.8552 57.8714 6.1429
v 87.9003 62.8220 7.8571
v 89.7577 60.9078 7.8571
v 84.0786 59.6901 6.1429
v 82.2475 61.4703 6.1429
v 85.9861 64.6956 7.8571
v 84.0786 59.6901 6.1429
v 85.9861 64.6956 7.8571
v 87.9003 62.8220 7.8571
v 82.2475 61.4703 6.1429
v 80.3633 63.2107 6.1429
v 84.0162 66.5273 7.8571
v 82.2475 61.4703 6.1429
v 84.0162 66.5273 7.8571
v 85.9861 64.6956 7.8571
v 80.3633 63.2107 6.1429
v 78.4271 64.9102 6.1429
v 81.9920 68.3160 7.8571
v 80.3633 63.2107 6.1429
v 81.9920 68.3160 7.8571
v 84.0162 66.5273 7.8571
v 78.4271 64.9102 6.1429
v 76.4402 66.5677 6.1429
v 79.9147 70.0605 7.8571
v 78.4271 64.9102 6.1429
v 79.9147 70.0605 7.8571
v 81.9920 68.3160 7.8571
v 76.4402 66.5677 6.1429
v 74.4038 68.1822 6.1429
v 77.7858 71.7597 7.8571
v 76.4402 66.5677 6.1429
v 77.7858 71.7597 7.8571
v 79.9147 70.0605 7.8571
v 74.4038 68.1822 6.1429
v 72.3193 69.7526 6.1429
v 75.6065 73.4124 7.8571
v 74.4038 68.1822 6.1429
v 75.6065 73.4124 7.8571
v 77.7858 71.7597 7.8571
v 72.3193 69.7526 6.1429
v 70.1880 71.2778 6.1429
v 73.3783 75.0177 7.8571
v 72.3193 69.7526 6.1429
v 73.3783 75.0177 7.8571
v 75.6065 73.4124 7.8571
v 70.1880 71.2778 6.1429
v 68.0113 72.7569 6.1429
v 71.1027 76.5744 7.8571
v 70.1880 71.2778 6.1429
v 71.1027 76.5744 7.8571
v 73.3783 75.0177 7.8571
v 68.0113 72.7569 6.1429
v 65.7906 74.1890 6.1429
v 68.7811 78.0816 7.8571
v 68.0113 72.7569 6.1429
v 68.7811 78.0816 7.8571
v 71.1027 76.5744 7.8571
v 65.7906 74.1890 6.1429
v 63.5273 75.5731 6.1429
v 66.4149 79.5383 7.8571
v 65.7906 74.1890 6.1429
v 66.4149 79.5383 7.8571
v 68.7811 78.0816 7.8571
v 63.5273 75.5731 6.1429
v 61.2230 76.9083 6.1429
v 64.0058 80.9436 7.8571
v 63.5273 75.5731 6.1429
v 64.0058 80.9436 7.8571
v 66.4149 79.5383 7.8571
v 61.2230 76.9083 6.1429
v 58.8790 78.1937 6.1429
v 61.5553 82.2964 7.8571
v 61.2230 76.9083 6.1429
v 61.5553 82.2964 7.8571
v 64.0058 80.9436 7.8571
v 58.8790 78.1937 6.1429
v 56.4970 79.4285 6.1429
v 59.0650 83.5961 7.8571
v 58.8790 78.1937 6.1429
v 59.0650 83.5961 7.8571
v 61.5553 82.2964 7.8571
v 56.4970 79.4285 6.1429
v 54.0784 80.6120 6.1429
v 56.5365 84.8417 7.8571
v 56.4970 79.4285 6.1429
v 56.5365 84.8417 7.8571
v 59.0650 83.5961 7.8571
v 54.0784 80.6120 6.1429
v 51.6248 81.7433 6.1429
v 53.9714 86.0323 7.8571
v 54.0784 80.6120 6.1429
v 53.9714 86.0323 7.8571
v 56.5365 84.8417 7.8571
v 51.6248 81.7433 6.1429
v 49.1379 82.8218 6.1429
v 51.3714 87.1674 7.8571
v 51.6248 81.7433 6.1429
v 51.3714 87.1674 7.8571
v 53.9714 86.0323 7.8571
v 49.1379 82.8218 6.1429
v 46.6191 83.8467 6.1429
v 48.7382 88.2460 7.8571
v 49.1379 82.8218 6.1429
v 48.7382 88.2460 7.8571
v 51.3714 87.1674 7.8571
v 46.6191 83.8467 6.1429
v 44.0702 84.8173 6.1429
v 46.0734 89.2676 7.8571
v 46.6191 83.8467 6.1429
v 46.0734 89.2676 7.8571
v 48.7382 88.2460 7.8571
v 44.0702 84.8173 6.1429
v 41.4928 85.7331 6.1429
v 43.3788 90.2314 7.8571
v 44.0702 84.8173 6.1429
v 43.3788 90.2314 7.8571
v 46.0734 89.2676 7.8571
v 41.4928 85.7331 6.1429
v 38.8886 86.5934 6.1429
v 40.6562 91.1369 7.8571
v 41.4928 85.7331 6.1429
v 40.6562 91.1369 7.8571
v 43.3788 90.2314 7.8571
v 38.8886 86.5934 6.1429
v 36.2591 87.3977 6.1429
v 37.9073 91.9834 7.8571
v 38.8886 86.5934 6.1429
v 37.9073 91.9834 7.8571
v 40.6562 91.1369 7.8571
v 36.2591 87.3977 6.1429
v 33.6063 88.1454 6.1429
v 35.1338 92.7704 7.8571
v 36.2591 87.3977 6.1429
v 35.1338 92.7704 7.8571
v 37.9073 91.9834 7.8571
v 33.6063 88.1454 6.1429
v 30.9317 88.8362 6.1429
v 32.3377 93.4973 7.8571
v 33.6063 88.1454 6.1429
v 32.3377 93.4973 7.8571
v 35.1338 92.7704 7.8571
v 30.9317 88.8362 6.1429
v 28.2371 89.4695 6.1429
v 29.5206 94.1638 7.8571
v 30.9317 88.8362 6.1429
v 29.5206 94.1638 7.8571
v 32.3377 93.4973 7.8571
v 28.2371 89.4695 6.1429
v 25.5242 90.0449 6.1429
v 26.6844 94.7694 7.8571
v 28.2371 89.4695 6.1429
v 26.6844 94.7694 7.8571
v 29.5206 94.1638 7.8571
v 25.5242 90.0449 6.1429
v 22.7948 90.5620 6.1429
v 23.8309 95.3137 7.8571
v 25.5242 90.0449 6.1429
v 23.8309 95.3137 7.8571
v 26.6844 94.7694 7.8571
v 22.7948 90.5620 6.1429
v 20.0507 91.0206 6.1429
v 20.9620 95.7963 7.8571
v 22.7948 90.5620 6.1429
v 20.9620 95.7963 7.8571
v 23.8309 95.3137 7.8571
v 20.0507 91.0206 6.1429
v 17.2935 91.4203 6.1429
v 18.0796 96.2170 7.8571
v 20.0507 91.0206 6.1429
v 18.0796 96.2170 7.8571
v 20.9620 95.7963 7.8571
v 17.2935 91.4203 6.1429
v 14.5253 91.7608 6.1429
v 15.1855 96.5754 7.8571
v 17.2935 91.4203 6.1429
v 15.1855 96.5754 7.8571
v 18.0796 96.2170 7.8571
v 14.5253 91.7608 6.1429
v 11.7476 92.0420 6.1429
v 12.2815 96.8714 7.8571
v 14.5253 91.7608 6.1429
v 12.2815 96.8714 7.8571
v 15.1855 96.5754 7.8571
v 11.7476 92.0420 6.1429
v 8.9623 92.2637 6.1429
v 9.3697 97.1047 7.8571
v 11.7476 92.0420 6.1429
v 9.3697 97.1047 7.8571
v 12.2815 96.8714 7.8571
v 8.9623 92.2637 6.1429
v 6.1712 92.4256 6.1429
v 6.4517 97.2751 7.8571
v 8.9623 92.2637 6.1429
v 6.4517 97.2751 7.8571
v 9.3697 97.1047 7.8571
v 6.1712 92.4256 6.1429
v 3.3761 92.5278 6.1429
v 3.5296 97.3827 7.8571
v 6.1712 92.4256 6.1429
v 3.5296 97.3827 7.8571
v 6.4517 97.2751 7.8571
v 3.3761 92.5278 6.1429
v 0.5789 92.5701 6.1429
v 0.6052 97.4272 7.8571
v 3.3761 92.5278 6.1429
v 0.6052 97.4272 7.8571
v 3.5296 97.3827 7.8571
v 0.5789 92.5701 6.1429
v -2.2188 92.5526 6.1429
v -2.3196 97.4087 7.8571
v 0.5789 92.5701 6.1429
v -2.3196 97.4087 7.8571
v 0.6052 97.4272 7.8571
v -2.2188 92.5526 6.1429
v -5.0150 92.4752 6.1429
v -5.2429 97.3273 7.8571
v -2.2188 92.5526 6.1429
v -5.2429 97.3273 7.8571
v -2.3196 97.4087 7.8571
v -5.0150 92.4752 6.1429
v -7.8079 92.3379 6.1429
v -8.1628 97.1828 7.8571
v -5.0150 92.4752 6.1429
v -8.1628 97.1828 7.8571
v -5.2429 97.3273 7.8571
v -7.8079 92.3379 6.1429
v -10.5958 92.1410 6.1429
v -11.0775 96.9755 7.8571
v -7.8079 92.3379 6.1429
v -11.0775 96.9755 7.8571
v -8.1628 97.1828 7.8571
v -10.5958 92.1410 6.1429
v -13.3769 91.8844 6.1429
v -13.9849 96.7055 7.8571
v -10.5958 92.1410 6.1429
v -13.9849 96.7055 7.8571
v -11.0775 96.9755 7.8571
v -13.3769 91.8844 6.1429
v -16.1493 91.5684 6.1429
v -16.8834 96.3729 7.8571
v -13.3769 91.8844 6.1429
v -16.8834 96.3729 7.8571
v -13.9849 96.7055 7.8571
v -16.1493 91.5684 6.1429
v -18.9113 91.1931 6.1429
v -19.7709 95.9779 7.8571
v -16.1493 91.5684 6.1429
v -19.7709 95.9779 7.8571
v -16.8834 96.3729 7.8571
v -18.9113 91.1931 6.1429
v -21.6610 90.7589 6.1429
v -22.6456 95.5209 7.8571
v -18.9113 91.1931 6.1429
v -22.6456 95.5209 7.8571
v -19.7709 95.9779 7.8571
v -21.6610 90.7589 6.1429
v -24.3967 90.2659 6.1429
v -25.5056 95.0021 7.8571
v -21.6610 90.7589 6.1429
v -25.5056 95.0021 7.8571
v -22.6456 95.5209 7.8571
v -24.3967 90.2659 6.1429
v -27.1166 89.7146 6.1429
v -28.3492 94.4218 7.8571
v -24.3967 90.2659 6.1429
v -28.3492 94.4218 7.8571
v -25.5056 95.0021 7.8571
v -27.1166 89.7146 6.1429
v -29.8190 89.1052 6.1429
v -31.1744 93.7805 7.8571
v -27.1166 89.7146 6.1429
v -31.1744 93.7805 7.8571
v -28.3492 94.4218 7.8571
v -29.8190 89.1052 6.1429
v -32.5021 88.4382 6.1429
v -33.9794 93.0785 7.8571
v -29.8190 89.1052 6.1429
v -33.9794 93.0785 7.8571
v -31.1744 93.7805 7.8571
v -32.5021 88.4382 6.1429
v -35.1641 87.7140 6.1429
v -36.7625 92.3163 7.8571
v -32.5021 88.4382 6.1429
v -36.7625 92.3163 7.8571
v -33.9794 93.0785 7.8571
v -35.1641 87.7140 6.1429
v -37.8035 86.9330 6.1429
v -39.5218 91.4943 7.8571
v -35.1641 87.7140 6.1429
v -39.5218 91.4943 7.8571
v -36.7625 92.3163 7.8571
v -37.8035 86.9330 6.1429
v -40.4183 86.0958 6.1429
v -42.2555 90.6132 7.8571
v -37.8035 86.9330 6.1429
v -42.2555 90.6132 7.8571
v -39.5218 91.4943 7.8571
v -40.4183 86.0958 6.1429
v -43.0071 85.2029 6.1429
v -44.9619 89.6735 7.8571
v -40.4183 86.0958 6.1429
v -44.9619 89.6735 7.8571
v -42.2555 90.6132 7.8571
v -43.0071 85.2029 6.1429
v -45.5680 84.2549 6.1429
v -47.6392 88.6757 7.8571
v -43.0071 85.2029 6.1429
v -47.6392 88.6757 7.8571
v -44.9619 89.6735 7.8571
v -45.5680 84.2549 6.1429
v -48.0994 83.2524 6.1429
v -50.2857 87.6206 7.8571
v -45.5680 84.2549 6.1429
v -50.2857 87.6206 7.8571
v -47.6392 88.6757 7.8571
v -48.0994 83.2524 6.1429
v -50.5997 82.1961 6.1429
v -52.8997 86.5088 7.8571
v -48.0994 83.2524 6.1429
v -52.8997 86.5088 7.8571
v -50.2857 87.6206 7.8571
v -50.5997 82.1961 6.1429
v -53.0673 81.0865 6.1429
v -55.4794 85.3411 7.8571
v -50.5997 82.1961 6.1429
v -55.4794 85.3411 7.8571
v -52.8997 86.5088 7.8571
v -53.0673 81.0865 6.1429
v -55.5005 79.9245 6.1429
v -58.0233 84.1181 7.8571
v -53.0673 81.0865 6.1429
v -58.0233 84.1181 7.8571
v -55.4794 85.3411 7.8571
v -55.5005 79.9245 6.1429
v -57.8979 78.7108 6.1429
v -60.5296 82.8407 7.8571
v -55.5005 79.9245 6.1429
v -60.5296 82.8407 7.8571
v -58.0233 84.1181 7.8571
v -57.8979 78.7108 6.1429
v -60.2578 77.4462 6.1429
v -62.9968 81.5098 7.8571
v -57.8979 78.7108 6.1429
v -62.9968 81.5098 7.8571
v -60.5296 82.8407 7.8571
v -60.2578 77.4462 6.1429
v -62.5787 76.1315 6.1429
v -65.4232 80.1261 7.8571
v -60.2578 77.4462 6.1429
v -65.4232 80.1261 7.8571
v -62.9968 81.5098 7.8571
v -62.5787 76.1315 6.1429
v -64.8591 74.7676 6.1429
v -67.8073 78.6906 7.8571
v -62.5787 76.1315 6.1429
v -67.8073 78.6906 7.8571
v -65.4232 80.1261 7.8571
v -64.8591 74.7676 6.1429
v -67.0976 73.3553 6.1429
v -70.1475 77.2042 7.8571
v -64.8591 74.7676 6.1429
v -70.1475 77.2042 7.8571
v -67.8073 78.6906 7.8571
v -67.0976 73.3553 6.1429
v -69.2927 71.8955 6.1429
v -72.4424 75.6678 7.8571
v -67.0976 73.3553 6.1429
v -72.4424 75.6678 7.8571
v -70.1475 77.2042 7.8571
v -69.2927 71.8955 6.1429
v -71.4430 70.3892 6.1429
v -74.6904 74.0825 7.8571
v -69.2927 71.8955 6.1429
v -74.6904 74.0825 7.8571
v -72.4424 75.6678 7.8571
v -71.4430 70.3892 6.1429
v -73.5470 68.8374 6.1429
v -76.8900 72.4493 7.8571
v -71.4430 70.3892 6.1429
v -76.8900 72.4493 7.8571
v -74.6904 74.0825 7.8571
v -73.5470 68.8374 6.1429
v -75.6035 67.2411 6.1429
v -79.0400 70.7692 7.8571
v -73.5470 68.8374 6.1429
v -79.0400 70.7692 7.8571
v -76.8900 72.4493 7.8571
v -75.6035 67.2411 6.1429
v -77.6110 65.6013 6.1429
v -81.1388 69.0433 7.8571
v -75.6035 67.2411 6.1429
v -81.1388 69.0433 7.8571
v -79.0400 70.7692 7.8571
v -77.6110 65.6013 6.1429
v -79.5684 63.9190 6.1429
v -83.1851 67.2728 7.8571
v -77.6110 65.6013 6.1429
v -83.1851 67.2728 7.8571
v -81.1388 69.0433 7.8571
v -79.5684 63.9190 6.1429
v -81.4742 62.1954 6.1429
v -85.1776 65.4587 7.8571
v -79.5684 63.9190 6.1429
v -85.1776 65.4587 7.8571
v -83.1851 67.2728 7.8571
v -81.4742 62.1954 6.1429
v -83.3274 60.4315 6.1429
v -87.1150 63.6023 7.8571
v -81.4742 62.1954 6.1429
v -87.1150 63.6023 7.8571
v -85.1776 65.4587 7.8571
v -83.3274 60.4315 6.1429
v -85.1267 58.6286 6.1429
v -88.9961 61.7048 7.8571
v -83.3274 60.4315 6.1429
v -88.9961 61.7048 7.8571
v -87.1150 63.6023 7.8571
v -85.1267 58.6286 6.1429
v -86.8709 56.7877 6.1429
v -90.8196 59.7673 7.8571
v -85.1267 58.6286 6.1429
v -90.8196 59.7673 7.8571
v -88.9961 61.7048 7.8571
v -86.8709 56.7877 6.1429
v -88.5589 54.9101 6.1429
v -92.5843 57.7912 7.8571
v -86.8709 56.7877 6.1429
v -92.5843 57.7912 7.8571
v -90.8196 59.7673 7.8571
v -88.5589 54.9101 6.1429
v -90.1897 52.9970 6.1429
v -94.2892 55.7777 7.8571
v -88.5589 54.9101 6.1429
v -94.2892 55.7777 7.8571
v -92.5843 57.7912 7.8571
v -90.1897 52.9970 6.1429
v -91.7620 51.0496 6.1429
v -95.9330 53.7281 7.8571
v -90.1897 52.9970 6.1429
v -95.9330 53.7281 7.8571
v -94.2892 55.7777 7.8571
v -91.7620 51.0496 6.1429
v -93.2751 49.0692 6.1429
v -97.5148 51.6438 7.8571
v -91.7620 51.0496 6.1429
v -97.5148 51.6438 7.8571
v -95.9330 53.7281 7.8571
v -93.2751 49.0692 6.1429
v -94.7278 47.0570 6.1429
v -99.0336 49.5260 7.8571
v -93.2751 49.0692 6.1429
v -99.0336 49.5260 7.8571
v -97.5148 51.6438 7.8571
v -94.7278 47.0570 6.1429
v -96.1192 45.0144 6.1429
v -100.4882 47.3762 7.8571
v -94.7278 47.0570 6.1429
v -100.4882 47.3762 7.8571
v -99.0336 49.5260 7.8571
v -96.1192 45.0144 6.1429
v -97.4484 42.9426 6.1429
v -101.8779 45.1958 7.8571
v -96.1192 45.0144 6.1429
v -101.8779 45.1958 7.8571
v -100.4882 47.3762 7.8571
v -97.4484 42.9426 6.1429
v -98.7146 40.8431 6.1429
v -103.2016 42.9861 7.8571
v -97.4484 42.9426 6.1429
v -103.2016 42.9861 7.8571
v -101.8779 45.1958 7.8571
v -98.7146 40.8431 6.1429
v -99.9169 38.7172 6.1429
v -104.4586 40.7487 7.8571
v -98.7146 40.8431 6.1429
v -104.4586 40.7487 7.8571
v -103.2016 42.9861 7.8571
v -99.9169 38.7172 6.1429
v -101.0547 36.5662 6.1429
v -105.6480 38.4848 7.8571
v -99.9169 38.7172 6.1429
v -105.6480 38.4848 7.8571
v -104.4586 40.7487 7.8571
v -101.0547 36.5662 6.1429
v -102.1270 34.3916 6.1429
v -106.7691 36.1961 7.8571
v -101.0547 36.5662 6.1429
v -106.7691 36.1961 7.8571
v -105.6480 38.4848 7.8571
v -102.1270 34.3916 6.1429
v -103.1333 32.1947 6.1429
v -107.8211 33.8840 7.8571
v -102.1270 34.3916 6.1429
v -107.8211 33.8840 7.8571
v -106.7691 36.1961 7.8571
v -103.1333 32.1947 6.1429
v -104.0728 29.9770 6.1429
v -108.8034 31.5499 7.8571
v -103.1333 32.1947 6.1429
v -108.8034 31.5499 7.8571
v -107.8211 33.8840 7.8571
v -104.0728 29.9770 6.1429
v -104.9451 27.7400 6.1429
v -109.7153 29.1955 7.8571
v -104.0728 29.9770 6.1429
v -109.7153 29.1955 7.8571
v -108.8034 31.5499 7.8571
v -104.9451 27.7400 6.1429
v -105.7494 25.4849 6.1429
v -110.5562 26.8221 7.8571
v -104.9451 27.7400 6.1429
v -110.5562 26.8221 7.8571
v -109.7153 29.1955 7.8571
v -105.7494 25.4849 6.1429
v -106.4854 23.2134 6.1429
v -111.3256 24.4314 7.8571
v -105.7494 25.4849 6.1429
v -111.3256 24.4314 7.8571
v -110.5562 26.8221 7.8571
v -106.4854 23.2134 6.1429
v -107.1524 20.9269 6.1429
v -112.0230 22.0249 7.8571
v -106.4854 23.2134 6.1429
v -112.0230 22.0249 7.8571
v -111.3256 24.4314 7.8571
v -107.1524 20.9269 6.1429
v -107.7502 18.6268 6.1429
v -112.6479 19.6041 7.8571
v -107.1524 20.9269 6.1429
v -112.6479 19.6041 7.8571
v -112.0230 22.0249 7.8571
v -107.7502 18.6268 6.1429
v -108.2782 16.3147 6.1429
v -113.2000 17.1707 7.8571
v -107.7502 18.6268 6.1429
v -113.2000 17.1707 7.8571
v -112.6479 19.6041 7.8571
v -108.2782 16.3147 6.1429
v -108.7362 13.9920 6.1429
v -113.6788 14.7261 7.8571
v -108.2782 16.3147 6.1429
v -113.6788 14.7261 7.8571
v -113.2000 17.1707 7.8571
v -108.7362 13.9920 6.1429
v -109.1239 11.6603 6.1429
v -114.0841 12.2721 7.8571
v -108.7362 13.9920 6.1429
v -114.0841 12.2721 7.8571
v -113.6788 14.7261 7.8571
v -109.1239 11.6603 6.1429
v -109.4410 9.3210 6.1429
v -114.4156 9.8101 7.8571
v -109.1239 11.6603 6.1429
v -114.4156 9.8101 7.8571
v -114.0841 12.2721 7.8571
v -109.4410 9.3210 6.1429
v -109.6872 6.9757 6.1429
v -114.6730 7.3417 7.8571
v -109.4410 9.3210 6.1429
v -114.6730 7.3417 7.8571
v -114.4156 9.8101 7.8571
v -109.6872 6.9757 6.1429
v -109.8626 4.6259 6.1429
v -114.8563 4.8686 7.8571
v -109.6872 6.9757 6.1429
v -114.8563 4.8686 7.8571
v -114.6730 7.3417 7.8571
v -109.8626 4.6259 6.1429
v -109.9668 2.2731 6.1429
v -114.9653 2.3924 7.8571
v -109.8626 4.6259 6.1429
v -114.9653 2.3924 7.8571
v -114.8563 4.8686 7.8571
v -109.9668 2.2731 6.1429
v -110.0000 -0.0812 6.1429
v -115.0000 -0.0854 7.8571
v -109.9668 2.2731 6.1429
v -115.0000 -0.0854 7.8571
v -114.9653 2.3924 7.8571
v -110.0000 -0.0812 6.1429
v -109.9619 -2.4354 6.1429
v -114.9602 -2.5632 7.8571
v -110.0000 -0.0812 6.1429
v -114.9602 -2.5632 7.8571
v -115.0000 -0.0854 7.8571
v -109.9619 -2.4354 6.1429
v -109.8528 -4.7881 6.1429
v -114.8461 -5.0393 7.8571
v -109.9619 -2.4354 6.1429
v -114.8461 -5.0393 7.8571
v -114.9602 -2.5632 7.8571
v -109.8528 -4.7881 6.1429
v -109.6725 -7.1376 6.1429
v -114.6577 -7.5121 7.8571
v -109.8528 -4.7881 6.1429
v -114.6577 -7.5121 7.8571
v -114.8461 -5.0393 7.8571
v -109.6725 -7.1376 6.1429
v -109.4214 -9.4825 6.1429
v -114.3951 -9.9801 7.8571
v -109.6725 -7.1376 6.1429
v -114.3951 -9.9801 7.8571
v -114.6577 -7.5121 7.8571
v -109.4214 -9.4825 6.1429
v -109.0994 -11.8213 6.1429
v -114.0585 -12.4416 7.8571
v -109.4214 -9.4825 6.1429
v -114.0585 -12.4416 7.8571
v -114.3951 -9.9801 7.8571
v -109.0994 -11.8213 6.1429
v -108.7069 -14.1525 6.1429
v -113.6481 -14.8951 7.8571
v -109.0994 -11.8213 6.1429
v -113.6481 -14.8951 7.8571
v -114.0585 -12.4416 7.8571
v -108.7069 -14.1525 6.1429
v -108.2440 -16.4745 6.1429
v -113.1642 -17.3389 7.8571
v -108.7069 -14.1525 6.1429
v -113.1642 -17.3389 7.8571
v -113.6481 -14.8951 7.8571
v -108.2440 -16.4745 6.1429
v -107.7112 -18.7858 6.1429
v -112.6071 -19.7715 7.8571
v -108.2440 -16.4745 6.1429
v -112.6071 -19.7715 7.8571
v -113.1642 -17.3389 7.8571
v -107.7112 -18.7858 6.1429
v -107.1086 -21.0850 6.1429
v -111.9772 -22.1913 7.8571
v -107.7112 -18.7858 6.1429
v -111.9772 -22.1913 7.8571
v -112.6071 -19.7715 7.8571
v -107.1086 -21.0850 6.1429
v -106.4368 -23.3706 6.1429
v -111.2749 -24.5968 7.8571
v -107.1086 -21.0850 6.1429
v -111.2749 -24.5968 7.8571
v -111.9772 -22.1913 7.8571
v -106.4368 -23.3706 6.1429
v -105.6961 -25.6410 6.1429
v -110.5005 -26.9864 7.8571
v -106.4368 -23.3706 6.1429
v -110.5005 -26.9864 7.8571
v -111.2749 -24.5968 7.8571
v -105.6961 -25.6410 6.1429
v -104.8871 -27.8948 6.1429
v -109.6547 -29.3585 7.8571
v -105.6961 -25.6410 6.1429
v -109.6547 -29.3585 7.8571
v -110.5005 -26.9864 7.8571
v -104.8871 -27.8948 6.1429
v -104.0102 -30.1306 6.1429
v -108.7379 -31.7116 7.8571
v -104.8871 -27.8948 6.1429
v -108.7379 -31.7116 7.8571
v -109.6547 -29.3585 7.8571
v -104.0102 -30.1306 6.1429
v -103.0660 -32.3469 6.1429
v -107.7508 -34.0442 7.8571
v -104.0102 -30.1306 6.1429
v -107.7508 -34.0442 7.8571
v -108.7379 -31.7116 7.8571
v -103.0660 -32.3469 6.1429
v -102.0551 -34.5423 6.1429
v -106.6940 -36.3547 7.8571
v -103.0660 -32.3469 6.1429
v -106.6940 -36.3547 7.8571
v -107.7508 -34.0442 7.8571
v -102.0551 -34.5423 6.1429
v -100.9783 -36.7154 6.1429
v -105.5682 -38.6418 7.8571
v -102.0551 -34.5423 6.1429
v -105.5682 -38.6418 7.8571
v -106.6940 -36.3547 7.8571
v -100.9783 -36.7154 6.1429
v -99.8361 -38.8647 6.1429
v -104.3741 -40.9038 7.8571
v -100.9783 -36.7154 6.1429
v -104.3741 -40.9038 7.8571
v -105.5682 -38.6418 7.8571
v -99.8361 -38.8647 6.1429
v -98.6293 -40.9888 6.1429
v -103.1125 -43.1394 7.8571
v -99.8361 -38.8647 6.1429
v -103.1125 -43.1394 7.8571
v -104.3741 -40.9038 7.8571
v -98.6293 -40.9888 6.1429
v -97.3587 -43.0864 6.1429
v -101.7841 -45.3471 7.8571
v -98.6293 -40.9888 6.1429
v -101.7841 -45.3471 7.8571
v -103.1125 -43.1394 7.8571
v -97.3587 -43.0864 6.1429
v -96.0252 -45.1562 6.1429
v -100.3900 -47.5255 7.8571
v -97.3587 -43.0864 6.1429
v -100.3900 -47.5255 7.8571
v -101.7841 -45.3471 7.8571
v -96.0252 -45.1562 6.1429
v -94.6295 -47.1967 6.1429
v -98.9309 -49.6731 7.8571
v -96.0252 -45.1562 6.1429
v -98.9309 -49.6731 7.8571
v -100.3900 -47.5255 7.8571
v -94.6295 -47.1967 6.1429
v -93.1726 -49.2068 6.1429
v -97.4078 -51.7886 7.8571
v -94.6295 -47.1967 6.1429
v -97.4078 -51.7886 7.8571
v -98.9309 -49.6731 7.8571
v -93.1726 -49.2068 6.1429
v -91.6555 -51.1850 6.1429
v -95.8216 -53.8706 7.8571
v -93.1726 -49.2068 6.1429
v -95.8216 -53.8706 7.8571
v -97.4078 -51.7886 7.8571
v -91.6555 -51.1850 6.1429
v -90.0790 -53.1300 6.1429
v -94.1736 -55.9177 7.8571
v -91.6555 -51.1850 6.1429
v -94.1736 -55.9177 7.8571
v -95.8216 -53.8706 7.8571
v -90.0790 -53.1300 6.1429
v -88.4443 -55.0407 6.1429
v -92.4645 -57.9287 7.8571
v -90.0790 -53.1300 6.1429
v -92.4645 -57.9287 7.8571
v -94.1736 -55.9177 7.8571
v -88.4443 -55.0407 6.1429
v -86.7524 -56.9159 6.1429
v -90.6957 -59.9022 7.8571
v -88.4443 -55.0407 6.1429
v -90.6957 -59.9022 7.8571
v -92.4645 -57.9287 7.8571
v -86.7524 -56.9159 6.1429
v -85.0044 -58.7541 6.1429
v -88.8682 -61.8369 7.8571
v -86.7524 -56.9159 6.1429
v -88.8682 -61.8369 7.8571
v -90.6957 -59.9022 7.8571
v -85.0044 -58.7541 6.1429
v -83.2013 -60.5544 6.1429
v -86.9832 -63.7317 7.8571
v -85.0044 -58.7541 6.1429
v -86.9832 -63.7317 7.8571
v -88.8682 -61.8369 7.8571
v -83.2013 -60.5544 6.1429
v -81.3445 -62.3155 6.1429
v -85.0420 -65.5852 7.8571
v -83.2013 -60.5544 6.1429
v -85.0420 -65.5852 7.8571
v -86.9832 -63.7317 7.8571
v -81.3445 -62.3155 6.1429
v -79.4350 -64.0363 6.1429
v -83.0457 -67.3963 7.8571
v -81.3445 -62.3155 6.1429
v -83.0457 -67.3963 7.8571
v -85.0420 -65.5852 7.8571
v -79.4350 -64.0363 6.1429
v -77.4742 -65.7157 6.1429
v -80.9957 -69.1638 7.8571
v -79.4350 -64.0363 6.1429
v -80.9957 -69.1638 7.8571
v -83.0457 -67.3963 7.8571
v -77.4742 -65.7157 6.1429
v -75.4632 -67.3526 6.1429
v -78.8933 -70.8865 7.8571
v -77.4742 -65.7157 6.1429
v -78.8933 -70.8865 7.8571
v -80.9957 -69.1638 7.8571
v -75.4632 -67.3526 6.1429
v -73.4034 -68.9459 6.1429
v -76.7399 -72.5634 7.8571
v -75.4632 -67.3526 6.1429
v -76.7399 -72.5634 7.8571
v -78.8933 -70.8865 7.8571
v -73.4034 -68.9459 6.1429
v -71.2961 -70.4946 6.1429
v -74.5369 -74.1934 7.8571
v -73.4034 -68.9459 6.1429
v -74.5369 -74.1934 7.8571
v -76.7399 -72.5634 7.8571
v -71.2961 -70.4946 6.1429
v -69.1427 -71.9977 6.1429
v -72.2856 -75.7753 7.8571
v -71.2961 -70.4946 6.1429
v -72.2856 -75.7753 7.8571
v -74.5369 -74.1934 7.8571
v -69.1427 -71.9977 6.1429
v -66.9446 -73.4542 6.1429
v -69.9876 -77.3083 7.8571
v -69.1427 -71.9977 6.1429
v -69.9876 -77.3083 7.8571
v -72.2856 -75.7753 7.8571
v -66.9446 -73.4542 6.1429
v -64.7032 -74.8632 6.1429
v -67.6443 -78.7912 7.8571
v -66.9446 -73.4542 6.1429
v -67.6443 -78.7912 7.8571
v -69.9876 -77.3083 7.8571
v -64.7032 -74.8632 6.1429
v -62.4199 -76.2238 6.1429
v -65.2572 -80.2232 7.8571
v -64.7032 -74.8632 6.1429
v -65.2572 -80.2232 7.8571
v -67.6443 -78.7912 7.8571
v -62.4199 -76.2238 6.1429
v -60.0963 -77.5351 6.1429
v -62.8279 -81.6033 7.8571
v -62.4199 -76.2238 6.1429
v -62.8279 -81.6033 7.8571
v -65.2572 -80.2232 7.8571
v -60.0963 -77.5351 6.1429
v -57.7337 -78.7962 6.1429
v -60.3580 -82.9306 7.8571
v -60.0963 -77.5351 6.1429
v -60.3580 -82.9306 7.8571
v -62.8279 -81.6033 7.8571
v -57.7337 -78.7962 6.1429
v -55.3339 -80.0063 6.1429
v -57.8490 -84.2042 7.8571
v -57.7337 -78.7962 6.1429
v -57.8490 -84.2042 7.8571
v -60.3580 -82.9306 7.8571
v -55.3339 -80.0063 6.1429
v -52.8982 -81.1647 6.1429
v -55.3027 -85.4234 7.8571
v -55.3339 -80.0063 6.1429
v -55.3027 -85.4234 7.8571
v -57.8490 -84.2042 7.8571
v -52.8982 -81.1647 6.1429
v -50.4283 -82.2706 6.1429
v -52.7205 -86.5873 7.8571
v -52.8982 -81.1647 6.1429
v -52.7205 -86.5873 7.8571
v -55.3027 -85.4234 7.8571
v -50.4283 -82.2706 6.1429
v -47.9258 -83.3233 6.1429
v -50.1042 -87.6952 7.8571
v -50.4283 -82.2706 6.1429
v -50.1042 -87.6952 7.8571
v -52.7205 -86.5873 7.8571
v -47.9258 -83.3233 6.1429
v -45.3923 -84.3221 6.1429
v -47.4556 -88.7464 7.8571
v -47.9258 -83.3233 6.1429
v -47.4556 -88.7464 7.8571
v -50.1042 -87.6952 7.8571
v -45.3923 -84.3221 6.1429
v -42.8294 -85.2663 6.1429
v -44.7762 -89.7401 7.8571
v -45.3923 -84.3221 6.1429
v -44.7762 -89.7401 7.8571
v -47.4556 -88.7464 7.8571
v -42.8294 -85.2663 6.1429
v -40.2388 -86.1554 6.1429
v -42.0679 -90.6758 7.8571
v -42.8294 -85.2663 6.1429
v -42.0679 -90.6758 7.8571
v -44.7762 -89.7401 7.8571
v -40.2388 -86.1554 6.1429
v -37.6222 -86.9887 6.1429
v -39.3323 -91.5529 7.8571
v -40.2388 -86.1554 6.1429
v -39.3323 -91.5529 7.8571
v -42.0679 -90.6758 7.8571
v 88.0951 -62.6259 7.8571
v 89.9465 -60.7075 7.8571
v 93.8573 -63.7340 9.5714
v 88.0951 -62.6259 7.8571
v 93.8573 -63.7340 9.5714
v 91.9253 -65.7480 9.5714
v 89.9465 -60.7075 7.8571
v 91.7398 -58.7499 7.8571
v 95.7285 -61.6788 9.5714
v 89.9465 -60.7075 7.8571
v 95.7285 -61.6788 9.5714
v 93.8573 -63.7340 9.5714
v 91.7398 -58.7499 7.8571
v 93.4737 -56.7543 7.8571
v 97.5378 -59.5837 9.5714
v 91.7398 -58.7499 7.8571
v 97.5378 -59.5837 9.5714
v 95.7285 -61.6788 9.5714
v 93.4737 -56.7543 7.8571
v 95.1471 -54.7220 7.8571
v 99.2840 -57.4501 9.5714
v 93.4737 -56.7543 7.8571
v 99.2840 -57.4501 9.5714
v 97.5378 -59.5837 9.5714
v 95.1471 -54.7220 7.8571
v 96.7590 -52.6543 7.8571
v 100.9659 -55.2792 9.5714
v 95.1471 -54.7220 7.8571
v 100.9659 -55.2792 9.5714
v 99.2840 -57.4501 9.5714
v 96.7590 -52.6543 7.8571
v 98.3083 -50.5525 7.8571
v 102.5826 -53.0727 9.5714
v 96.7590 -52.6543 7.8571
v 102.5826 -53.0727 9.5714
v 100.9659 -55.2792 9.5714
v 98.3083 -50.5525 7.8571
v 99.7940 -48.4180 7.8571
v 104.1329 -50.8318 9.5714
v 98.3083 -50.5525 7.8571
v 104.1329 -50.8318 9.5714
v 102.5826 -53.0727 9.5714
v 99.7940 -48.4180 7.8571
v 101.2152 -46.2522 7.8571
v 105.6158 -48.5580 9.5714
v 99.7940 -48.4180 7.8571
v 105.6158 -48.5580 9.5714
v 104.1329 -50.8318 9.5714
v 101.2152 -46.2522 7.8571
v 102.5709 -44.0564 7.8571
v 107.0305 -46.2528 9.5714
v 101.2152 -46.2522 7.8571
v 107.0305 -46.2528 9.5714
v 105.6158 -48.5580 9.5714
v 102.5709 -44.0564 7.8571
v 103.8602 -41.8322 7.8571
v 108.3758 -43.9177 9.5714
v 102.5709 -44.0564 7.8571
v 108.3758 -43.9177 9.5714
v 107.0305 -46.2528 9.5714
v 103.8602 -41.8322 7.8571
v 105.0823 -39.5809 7.8571
v 109.6511 -41.5542 9.5714
v 103.8602 -41.8322 7.8571
v 109.6511 -41.5542 9.5714
v 108.3758 -43.9177 9.5714
v 105.0823 -39.5809 7.8571
v 106.2365 -37.3040 7.8571
v 110.8555 -39.1638 9.5714
v 105.0823 -39.5809 7.8571
v 110.8555 -39.1638 9.5714
v 109.6511 -41.5542 9.5714
v 106.2365 -37.3040 7.8571
v 107.3219 -35.0030 7.8571
v 111.9881 -36.7480 9.5714
v 106.2365 -37.3040 7.8571
v 111.9881 -36.7480 9.5714
v 110.8555 -39.1638 9.5714
v 107.3219 -35.0030 7.8571
v 108.3380 -32.6793 7.8571
v 113.0483 -34.3085 9.5714
v 107.3219 -35.0030 7.8571
v 113.0483 -34.3085 9.5714
v 111.9881 -36.7480 9.5714
v 108.3380 -32.6793 7.8571
v 109.2839 -30.3345 7.8571
v 114.0354 -31.8468 9.5714
v 108.3380 -32.6793 7.8571
v 114.0354 -31.8468 9.5714
v 113.0483 -34.3085 9.5714
v 109.2839 -30.3345 7.8571
v 110.1591 -27.9701 7.8571
v 114.9487 -29.3645 9.5714
v 109.2839 -30.3345 7.8571
v 114.9487 -29.3645 9.5714
v 114.0354 -31.8468 9.5714
v 110.1591 -27.9701 7.8571
v 110.9631 -25.5876 7.8571
v 115.7876 -26.8632 9.5714
v 110.1591 -27.9701 7.8571
v 115.7876 -26.8632 9.5714
v 114.9487 -29.3645 9.5714
v 110.9631 -25.5876 7.8571
v 111.6953 -23.1885 7.8571
v 116.5517 -24.3445 9.5714
v 110.9631 -25.5876 7.8571
v 116.5517 -24.3445 9.5714
v 115.7876 -26.8632 9.5714
v 111.6953 -23.1885 7.8571
v 112.3553 -20.7744 7.8571
v 117.2403 -21.8101 9.5714
v 111.6953 -23.1885 7.8571
v 117.2403 -21.8101 9.5714
v 116.5517 -24.3445 9.5714
v 112.3553 -20.7744 7.8571
v 112.9426 -18.3469 7.8571
v 117.8531 -19.2616 9.5714
v 112.3553 -20.7744 7.8571
v 117.8531 -19.2616 9.5714
v 117.2403 -21.8101 9.5714
v 112.9426 -18.3469 7.8571
v 113.4568 -15.9076 7.8571
v 118.3897 -16.7006 9.5714
v 112.9426 -18.3469 7.8571
v 118.3897 -16.7006 9.5714
v 117.8531 -19.2616 9.5714
v 113.4568 -15.9076 7.8571
v 113.8976 -13.4579 7.8571
v 118.8497 -14.1288 9.5714
v 113.4568 -15.9076 7.8571
v 118.8497 -14.1288 9.5714
v 118.3897 -16.7006 9.5714
v 113.8976 -13.4579 7.8571
v 114.2648 -10.9995 7.8571
v 119.2328 -11.5479 9.5714
v 113.8976 -13.4579 7.8571
v 119.2328 -11.5479 9.5714
v 118.8497 -14.1288 9.5714
v 114.2648 -10.9995 7.8571
v 114.5580 -8.5340 7.8571
v 119.5388 -8.9595 9.5714
v 114.2648 -10.9995 7.8571
v 119.5388 -8.9595 9.5714
v 119.2328 -11.5479 9.5714
v 114.5580 -8.5340 7.8571
v 114.7771 -6.0630 7.8571
v 119.7674 -6.3653 9.5714
v 114.5580 -8.5340 7.8571
v 119.7674 -6.3653 9.5714
v 119.5388 -8.9595 9.5714
v 114.7771 -6.0630 7.8571
v 114.9220 -3.5881 7.8571
v 119.9186 -3.7670 9.5714
v 114.7771 -6.0630 7.8571
v 119.9186 -3.7670 9.5714
v 119.7674 -6.3653 9.5714
v 114.9220 -3.5881 7.8571
v 114.9925 -1.1108 7.8571
v 119.9922 -1.1662 9.5714
v 114.9220 -3.5881 7.8571
v 119.9922 -1.1662 9.5714
v 119.9186 -3.7670 9.5714
v 114.9925 -1.1108 7.8571
v 114.9887 1.3672 7.8571
v 119.9882 1.4353 9.5714
v 114.9925 -1.1108 7.8571
v 119.9882 1.4353 9.5714
v 119.9922 -1.1662 9.5714
v 114.9887 1.3672 7.8571
v 114.9104 3.8442 7.8571
v 119.9066 4.0359 9.5714
v 114.9887 1.3672 7.8571
v 119.9066 4.0359 9.5714
v 119.9882 1.4353 9.5714
v 114.9104 3.8442 7.8571
v 114.7579 6.3188 7.8571
v 119.7474 6.6339 9.5714
v 114.9104 3.8442 7.8571
v 119.7474 6.6339 9.5714
v 119.9066 4.0359 9.5714
v 114.7579 6.3188 7.8571
v 114.5311 8.7894 7.8571
v 119.5107 9.2275 9.5714
v 114.7579 6.3188 7.8571
v 119.5107 9.2275 9.5714
v 119.7474 6.6339 9.5714
v 114.5311 8.7894 7.8571
v 114.2302 11.2542 7.8571
v 119.1967 11.8152 9.5714
v 114.5311 8.7894 7.8571
v 119.1967 11.8152 9.5714
v 119.5107 9.2275 9.5714
v 114.2302 11.2542 7.8571
v 113.8554 13.7117 7.8571
v 118.8057 14.3953 9.5714
v 114.2302 11.2542 7.8571
v 118.8057 14.3953 9.5714
v 119.1967 11.8152 9.5714
v 113.8554 13.7117 7.8571
v 113.4070 16.1604 7.8571
v 118.3377 16.9661 9.5714
v 113.8554 13.7117 7.8571
v 118.3377 16.9661 9.5714
v 118.8057 14.3953 9.5714
v 113.4070 16.1604 7.8571
v 112.8852 18.5986 7.8571
v 117.7933 19.5258 9.5714
v 113.4070 16.1604 7.8571
v 117.7933 19.5258 9.5714
v 118.3377 16.9661 9.5714
v 112.8852 18.5986 7.8571
v 112.2904 21.0248 7.8571
v 117.1726 22.0730 9.5714
v 112.8852 18.5986 7.8571
v 117.1726 22.0730 9.5714
v 117.7933 19.5258 9.5714
v 112.2904 21.0248 7.8571
v 111.6229 23.4374 7.8571
v 116.4761 24.6059 9.5714
v 112.2904 21.0248 7.8571
v 116.4761 24.6059 9.5714
v 117.1726 22.0730 9.5714
v 111.6229 23.4374 7.8571
v 110.8833 25.8349 7.8571
v 115.7043 27.1228 9.5714
v 111.6229 23.4374 7.8571
v 115.7043 27.1228 9.5714
v 116.4761 24.6059 9.5714
v 110.8833 25.8349 7.8571
v 110.0719 28.2156 7.8571
v 114.8576 29.6222 9.5714
v 110.8833 25.8349 7.8571
v 114.8576 29.6222 9.5714
v 115.7043 27.1228 9.5714
v 110.0719 28.2156 7.8571
v 109.1893 30.5780 7.8571
v 113.9367 32.1025 9.5714
v 110.0719 28.2156 7.8571
v 113.9367 32.1025 9.5714
v 114.8576 29.6222 9.5714
v 109.1893 30.5780 7.8571
v 108.2361 32.9207 7.8571
v 112.9420 34.5619 9.5714
v 109.1893 30.5780 7.8571
v 112.9420 34.5619 9.5714
v 113.9367 32.1025 9.5714
v 108.2361 32.9207 7.8571
v 107.2129 35.2421 7.8571
v 111.8743 36.9991 9.5714
v 108.2361 32.9207 7.8571
v 111.8743 36.9991 9.5714
v 112.9420 34.5619 9.5714
v 107.2129 35.2421 7.8571
v 106.1203 37.5407 7.8571
v 110.7342 39.4123 9.5714
v 107.2129 35.2421 7.8571
v 110.7342 39.4123 9.5714
v 111.8743 36.9991 9.5714
v 106.1203 37.5407 7.8571
v 104.9590 39.8150 7.8571
v 109.5225 41.7999 9.5714
v 106.1203 37.5407 7.8571
v 109.5225 41.7999 9.5714
v 110.7342 39.4123 9.5714
v 104.9590 39.8150 7.8571
v 103.7299 42.0636 7.8571
v 108.2399 44.1606 9.5714
v 104.9590 39.8150 7.8571
v 108.2399 44.1606 9.5714
v 109.5225 41.7999 9.5714
v 103.7299 42.0636 7.8571
v 102.4337 44.2849 7.8571
v 106.8873 46.4927 9.5714
v 103.7299 42.0636 7.8571
v 106.8873 46.4927 9.5714
v 108.2399 44.1606 9.5714
v 102.4337 44.2849 7.8571
v 101.0712 46.4776 7.8571
v 105.4656 48.7947 9.5714
v 102.4337 44.2849 7.8571
v 105.4656 48.7947 9.5714
v 106.8873 46.4927 9.5714
v 101.0712 46.4776 7.8571
v 99.6433 48.6403 7.8571
v 103.9756 51.0651 9.5714
v 101.0712 46.4776 7.8571
v 103.9756 51.0651 9.5714
v 105.4656 48.7947 9.5714
v 99.6433 48.6403 7.8571
v 98.1510 50.7714 7.8571
v 102.4184 53.3026 9.5714
v 99.6433 48.6403 7.8571
v 102.4184 53.3026 9.5714
v 103.9756 51.0651 9.5714
v 98.1510 50.7714 7.8571
v 96.5952 52.8698 7.8571
v 100.7950 55.5055 9.5714
v 98.1510 50.7714 7.8571
v 100.7950 55.5055 9.5714
v 102.4184 53.3026 9.5714
v 96.5952 52.8698 7.8571
v 94.9769 54.9339 7.8571
v 99.1063 57.6725 9.5714
v 96.5952 52.8698 7.8571
v 99.1063 57.6725 9.5714
v 100.7950 55.5055 9.5714
v 94.9769 54.9339 7.8571
v 93.2971 56.9625 7.8571
v 97.3535 59.8023 9.5714
v 94.9769 54.9339 7.8571
v 97.3535 59.8023 9.5714
v 99.1063 57.6725 9.5714
v 93.2971 56.9625 7.8571
v 91.5570 58.9542 7.8571
v 95.5378 61.8933 9.5714
v 93.2971 56.9625 7.8571
v 95.5378 61.8933 9.5714
v 97.3535 59.8023 9.5714
v 91.5570 58.9542 7.8571
v 89.7577 60.9078 7.8571
v 93.6602 63.9443 9.5714
v 91.5570 58.9542 7.8571
v 93.6602 63.9443 9.5714
v 95.5378 61.8933 9.5714
v 89.7577 60.9078 7.8571
v 87.9003 62.8220 7.8571
v 91.7221 65.9539 9.5714
v 89.7577 60.9078 7.8571
v 91.7221 65.9539 9.5714
v 93.6602 63.9443 9.5714
v 87.9003 62.8220 7.8571
v 85.9861 64.6956 7.8571
v 89.7246 67.9209 9.5714
v 87.9003 62.8220 7.8571
v 89.7246 67.9209 9.5714
v 91.7221 65.9539 9.5714
v 85.9861 64.6956 7.8571
v 84.0162 66.5273 7.8571
v 87.6691 69.8439 9.5714
v 85.9861 64.6956 7.8571
v 87.6691 69.8439 9.5714
v 89.7246 67.9209 9.5714
v 84.0162 66.5273 7.8571
v 81.9920 68.3160 7.8571
v 85.5569 71.7218 9.5714
v 84.0162 66.5273 7.8571
v 85.5569 71.7218 9.5714
v 87.6691 69.8439 9.5714
v 81.9920 68.3160 7.8571
v 79.9147 70.0605 7.8571
v 83.3893 73.5533 9.5714
v 81.9920 68.3160 7.8571
v 83.3893 73.5533 9.5714
v 85.5569 71.7218 9.5714
v 79.9147 70.0605 7.8571
v 77.7858 71.7597 7.8571
v 81.1678 75.3371 9.5714
v 79.9147 70.0605 7.8571
v 81.1678 75.3371 9.5714
v 83.3893 73.5533 9.5714
v 77.7858 71.7597 7.8571
v 75.6065 73.4124 7.8571
v 78.8938 77.0723 9.5714
v 77.7858 71.7597 7.8571
v 78.8938 77.0723 9.5714
v 81.1678 75.3371 9.5714
v 75.6065 73.4124 7.8571
v 73.3783 75.0177 7.8571
v 76.5687 78.7576 9.5714
v 75.6065 73.4124 7.8571
v 76.5687 78.7576 9.5714
v 78.8938 77.0723 9.5714
v 73.3783 75.0177 7.8571
v 71.1027 76.5744 7.8571
v 74.1941 80.3919 9.5714
v 73.3783 75.0177 7.8571
v 74.1941 80.3919 9.5714
v 76.5687 78.7576 9.5714
v 71.1027 76.5744 7.8571
v 68.7811 78.0816 7.8571
v 71.7715 81.9743 9.5714
v 71.1027 76.5744 7.8571
v 71.7715 81.9743 9.5714
v 74.1941 80.3919 9.5714
v 68.7811 78.0816 7.8571
v 66.4149 79.5383 7.8571
v 69.3025 83.5036 9.5714
v 68.7811 78.0816 7.8571
v 69.3025 83.5036 9.5714
v 71.7715 81.9743 9.5714
v 66.4149 79.5383 7.8571
v 64.0058 80.9436 7.8571
v 66.7887 84.9789 9.5714
v 66.4149 79.5383 7.8571
v 66.7887 84.9789 9.5714
v 69.3025 83.5036 9.5714
v 64.0058 80.9436 7.8571
v 61.5553 82.2964 7.8571
v 64.2317 86.3992 9.5714
v 64.0058 80.9436 7.8571
v 64.2317 86.3992 9.5714
v 66.7887 84.9789 9.5714
v 61.5553 82.2964 7.8571
v 59.0650 83.5961 7.8571
v 61.6331 87.7636 9.5714
v 61.5553 82.2964 7.8571
v 61.6331 87.7636 9.5714
v 64.2317 86.3992 9.5714
v 59.0650 83.5961 7.8571
v 56.5365 84.8417 7.8571
v 58.9946 89.0713 9.5714
v 59.0650 83.5961 7.8571
v 58.9946 89.0713 9.5714
v 61.6331 87.7636 9.5714
v 56.5365 84.8417 7.8571
v 53.9714 86.0323 7.8571
v 56.3180 90.3213 9.5714
v 56.5365 84.8417 7.8571
v 56.3180 90.3213 9.5714
v 58.9946 89.0713 9.5714
v 53.9714 86.0323 7.8571
v 51.3714 87.1674 7.8571
v 53.6050 91.5130 9.5714
v 53.9714 86.0323 7.8571
v 53.6050 91.5130 9.5714
v 56.3180 90.3213 9.5714
v 51.3714 87.1674 7.8571
v 48.7382 88.2460 7.8571
v 50.8572 92.6454 9.5714
v 51.3714 87.1674 7.8571
v 50.8572 92.6454 9.5714
v 53.6050 91.5130 9.5714
v 48.7382 88.2460 7.8571
v 46.0734 89.2676 7.8571
v 48.0766 93.7179 9.5714
v 48.7382 88.2460 7.8571
v 48.0766 93.7179 9.5714
v 50.8572 92.6454 9.5714
v 46.0734 89.2676 7.8571
v 43.3788 90.2314 7.8571
v 45.2649 94.7298 9.5714
v 46.0734 89.2676 7.8571
v 45.2649 94.7298 9.5714
v 48.0766 93.7179 9.5714
v 43.3788 90.2314 7.8571
v 40.6562 91.1369 7.8571
v 42.4239 95.6803 9.5714
v 43.3788 90.2314 7.8571
v 42.4239 95.6803 9.5714
v 45.2649 94.7298 9.5714
v 40.6562 91.1369 7.8571
v 37.9073 91.9834 7.8571
v 39.5554 96.5690 9.5714
v 40.6562 91.1369 7.8571
v 39.5554 96.5690 9.5714
v 42.4239 95.6803 9.5714
v 37.9073 91.9834 7.8571
v 35.1338 92.7704 7.8571
v 36.6614 97.3953 9.5714
v 37.9073 91.9834 7.8571
v 36.6614 97.3953 9.5714
v 39.5554 96.5690 9.5714
v 35.1338 92.7704 7.8571
v 32.3377 93.4973 7.8571
v 33.7436 98.1585 9.5714
v 35.1338 92.7704 7.8571
v 33.7436 98.1585 9.5714
v 36.6614 97.3953 9.5714
v 32.3377 93.4973 7.8571
v 29.5206 94.1638 7.8571
v 30.8041 98.8582 9.5714
v 32.3377 93.4973 7.8571
v 30.8041 98.8582 9.5714
v 33.7436 98.1585 9.5714
v 29.5206 94.1638 7.8571
v 26.6844 94.7694 7.8571
v 27.8446 99.4940 9.5714
v 29.5206 94.1638 7.8571
v 27.8446 99.4940 9.5714
v 30.8041 98.8582 9.5714
v 26.6844 94.7694 7.8571
v 23.8309 95.3137 7.8571
v 24.8670 100.0654 9.5714
v 26.6844 94.7694 7.8571
v 24.8670 100.0654 9.5714
v 27.8446 99.4940 9.5714
v 23.8309 95.3137 7.8571
v 20.9620 95.7963 7.8571
v 21.8734 100.5721 9.5714
v 23.8309 95.3137 7.8571
v 21.8734 100.5721 9.5714
v 24.8670 100.0654 9.5714
v 20.9620 95.7963 7.8571
v 18.0796 96.2170 7.8571
v 18.8657 101.0137 9.5714
v 20.9620 95.7963 7.8571
v 18.8657 101.0137 9.5714
v 21.8734 100.5721 9.5714
v 18.0796 96.2170 7.8571
v 15.1855 96.5754 7.8571
v 15.8457 101.3900 9.5714
v 18.0796 96.2170 7.8571
v 15.8457 101.3900 9.5714
v 18.8657 101.0137 9.5714
v 15.1855 96.5754 7.8571
v 12.2815 96.8714 7.8571
v 12.8155 101.7007 9.5714
v 15.1855 96.5754 7.8571
v 12.8155 101.7007 9.5714
v 15.8457 101.3900 9.5714
v 12.2815 96.8714 7.8571
v 9.3697 97.1047 7.8571
v 9.7770 101.9457 9.5714
v 12.2815 96.8714 7.8571
v 9.7770 101.9457 9.5714
v 12.8155 101.7007 9.5714
v 9.3697 97.1047 7.8571
v 6.4517 97.2751 7.8571
v 6.7322 102.1246 9.5714
v 9.3697 97.1047 7.8571
v 6.7322 102.1246 9.5714
v 9.7770 101.9457 9.5714
v 6.4517 97.2751 7.8571
v 3.5296 97.3827 7.8571
v 3.6830 102.2375 9.5714
v 6.4517 97.2751 7.8571
v 3.6830 102.2375 9.5714
v 6.7322 102.1246 9.5714
v 3.5296 97.3827 7.8571
v 0.6052 97.4272 7.8571
v 0.6315 102.2843 9.5714
v 3.5296 97.3827 7.8571
v 0.6315 102.2843 9.5714
v 3.6830 102.2375 9.5714
v 0.6052 97.4272 7.8571
v -2.3196 97.4087 7.8571
v -2.4205 102.2649 9.5714
v 0.6052 97.4272 7.8571
v -2.4205 102.2649 9.5714
v 0.6315 102.2843 9.5714
v -2.3196 97.4087 7.8571
v -5.2429 97.3273 7.8571
v -5.4709 102.1794 9.5714
v -2.3196 97.4087 7.8571
v -5.4709 102.1794 9.5714
v -2.4205 102.2649 9.5714
v -5.2429 97.3273 7.8571
v -8.1628 97.1828 7.8571
v -8.5178 102.0277 9.5714
v -5.2429 97.3273 7.8571
v -8.5178 102.0277 9.5714
v -5.4709 102.1794 9.5714
v -8.1628 97.1828 7.8571
v -11.0775 96.9755 7.8571
v -11.5591 101.8101 9.5714
v -8.1628 97.1828 7.8571
v -11.5591 101.8101 9.5714
v -8.5178 102.0277 9.5714
v -11.0775 96.9755 7.8571
v -13.9849 96.7055 7.8571
v -14.5930 101.5266 9.5714
v -11.0775 96.9755 7.8571
v -14.5930 101.5266 9.5714
v -11.5591 101.8101 9.5714
v -13.9849 96.7055 7.8571
v -16.8834 96.3729 7.8571
v -17.6174 101.1774 9.5714
v -13.9849 96.7055 7.8571
v -17.6174 101.1774 9.5714
v -14.5930 101.5266 9.5714
v -16.8834 96.3729 7.8571
v -19.7709 95.9779 7.8571
v -20.6305 100.7628 9.5714
v -16.8834 96.3729 7.8571
v -20.6305 100.7628 9.5714
v -17.6174 101.1774 9.5714
v -19.7709 95.9779 7.8571
v -22.6456 95.5209 7.8571
v -23.6301 100.2830 9.5714
v -19.7709 95.9779 7.8571
v -23.6301 100.2830 9.5714
v -20.6305 100.7628 9.5714
v -22.6456 95.5209 7.8571
v -25.5056 95.0021 7.8571
v -26.6146 99.7383 9.5714
v -22.6456 95.5209 7.8571
v -26.6146 99.7383 9.5714
v -23.6301 100.2830 9.5714
v -25.5056 95.0021 7.8571
v -28.3492 94.4218 7.8571
v -29.5817 99.1291 9.5714
v -25.5056 95.0021 7.8571
v -29.5817 99.1291 9.5714
v -26.6146 99.7383 9.5714
v -28.3492 94.4218 7.8571
v -31.1744 93.7805 7.8571
v -32.5298 98.4558 9.5714
v -28.3492 94.4218 7.8571
v -32.5298 98.4558 9.5714
v -29.5817 99.1291 9.5714
v -31.1744 93.7805 7.8571
v -33.9794 93.0785 7.8571
v -35.4568 97.7188 9.5714
v -31.1744 93.7805 7.8571
v -35.4568 97.7188 9.5714
v -32.5298 98.4558 9.5714
v -33.9794 93.0785 7.8571
v -36.7625 92.3163 7.8571
v -38.3609 96.9185 9.5714
v -33.9794 93.0785 7.8571
v -38.3609 96.9185 9.5714
v -35.4568 97.7188 9.5714
v -36.7625 92.3163 7.8571
v -39.5218 91.4943 7.8571
v -41.2402 96.0556 9.5714
v -36.7625 92.3163 7.8571
v -41.2402 96.0556 9.5714
v -38.3609 96.9185 9.5714
v -39.5218 91.4943 7.8571
v -42.2555 90.6132 7.8571
v -44.0927 95.1306 9.5714
v -39.5218 91.4943 7.8571
v -44.0927 95.1306 9.5714
v -41.2402 96.0556 9.5714
v -42.2555 90.6132 7.8571
v -44.9619 89.6735 7.8571
v -46.9168 94.1440 9.5714
v -42.2555 90.6132 7.8571
v -46.9168 94.1440 9.5714
v -44.0927 95.1306 9.5714
v -44.9619 89.6735 7.8571
v -47.6392 88.6757 7.8571
v -49.7105 93.0965 9.5714
v -44.9619 89.6735 7.8571
v -49.7105 93.0965 9.5714
v -46.9168 94.1440 9.5714
v -47.6392 88.6757 7.8571
v -50.2857 87.6206 7.8571
v -52.4721 91.9888 9.5714
v -47.6392 88.6757 7.8571
v -52.4721 91.9888 9.5714
v -49.7105 93.0965 9.5714
v -50.2857 87.6206 7.8571
v -52.8997 86.5088 7.8571
v -55.1997 90.8216 9.5714
v -50.2857 87.6206 7.8571
v -55.1997 90.8216 9.5714
v -52.4721 91.9888 9.5714
v -52.8997 86.5088 7.8571
v -55.4794 85.3411 7.8571
v -57.8916 89.5956 9.5714
v -52.8997 86.5088 7.8571
v -57.8916 89.5956 9.5714
v -55.1997 90.8216 9.5714
v -55.4794 85.3411 7.8571
v -58.0233 84.1181 7.8571
v -60.5460 88.3117 9.5714
v -55.4794 85.3411 7.8571
v -60.5460 88.3117 9.5714
v -57.8916 89.5956 9.5714
v -58.0233 84.1181 7.8571
v -60.5296 82.8407 7.8571
v -63.1613 86.9706 9.5714
v -58.0233 84.1181 7.8571
v -63.1613 86.9706 9.5714
v -60.5460 88.3117 9.5714
v -60.5296 82.8407 7.8571
v -62.9968 81.5098 7.8571
v -65.7358 85.5733 9.5714
v -60.5296 82.8407 7.8571
v -65.7358 85.5733 9.5714
v -63.1613 86.9706 9.5714
v -62.9968 81.5098 7.8571
v -65.4232 80.1261 7.8571
v -68.2677 84.1206 9.5714
v -62.9968 81.5098 7.8571
v -68.2677 84.1206 9.5714
v -65.7358 85.5733 9.5714
v -65.4232 80.1261 7.8571
v -67.8073 78.6906 7.8571
v -70.7554 82.6136 9.5714
v -65.4232 80.1261 7.8571
v -70.7554 82.6136 9.5714
v -68.2677 84.1206 9.5714
v -67.8073 78.6906 7.8571
v -70.1475 77.2042 7.8571
v -73.1974 81.0530 9.5714
v -67.8073 78.6906 7.8571
v -73.1974 81.0530 9.5714
v -70.7554 82.6136 9.5714
v -70.1475 77.2042 7.8571
v -72.4424 75.6678 7.8571
v -75.5920 79.4401 9.5714
v -70.1475 77.2042 7.8571
v -75.5920 79.4401 9.5714
v -73.1974 81.0530 9.5714
v -72.4424 75.6678 7.8571
v -74.6904 74.0825 7.8571
v -77.9378 77.7758 9.5714
v -72.4424 75.6678 7.8571
v -77.9378 77.7758 9.5714
v -75.5920 79.4401 9.5714
v -74.6904 74.0825 7.8571
v -76.8900 72.4493 7.8571
v -80.2331 76.0611 9.5714
v -74.6904 74.0825 7.8571
v -80.2331 76.0611 9.5714
v -77.9378 77.7758 9.5714
v -76.8900 72.4493 7.8571
v -79.0400 70.7692 7.8571
v -82.4765 74.2972 9.5714
v -76.8900 72.4493 7.8571
v -82.4765 74.2972 9.5714
v -80.2331 76.0611 9.5714
v -79.0400 70.7692 7.8571
v -81.1388 69.0433 7.8571
v -84.6666 72.4853 9.5714
v -79.0400 70.7692 7.8571
v -84.6666 72.4853 9.5714
v -82.4765 74.2972 9.5714
v -81.1388 69.0433 7.8571
v -83.1851 67.2728 7.8571
v -86.8019 70.6265 9.5714
v -81.1388 69.0433 7.8571
v -86.8019 70.6265 9.5714
v -84.6666 72.4853 9.5714
v -83.1851 67.2728 7.8571
v -85.1776 65.4587 7.8571
v -88.8810 68.7220 9.5714
v -83.1851 67.2728 7.8571
v -88.8810 68.7220 9.5714
v -86.8019 70.6265 9.5714
v -85.1776 65.4587 7.8571
v -87.1150 63.6023 7.8571
v -90.9026 66.7731 9.5714
v -85.1776 65.4587 7.8571
v -90.9026 66.7731 9.5714
v -88.8810 68.7220 9.5714
v -87.1150 63.6023 7.8571
v -88.9961 61.7048 7.8571
v -92.8655 64.7810 9.5714
v -87.1150 63.6023 7.8571
v -92.8655 64.7810 9.5714
v -90.9026 66.7731 9.5714
v -88.9961 61.7048 7.8571
v -90.8196 59.7673 7.8571
v -94.7683 62.7469 9.5714
v -88.9961 61.7048 7.8571
v -94.7683 62.7469 9.5714
v -92.8655 64.7810 9.5714
v -90.8196 59.7673 7.8571
v -92.5843 57.7912 7.8571
v -96.6097 60.6723 9.5714
v -90.8196 59.7673 7.8571
v -96.6097 60.6723 9.5714
v -94.7683 62.7469 9.5714
v -92.5843 57.7912 7.8571
v -94.2892 55.7777 7.8571
v -98.3887 58.5584 9.5714
v -92.5843 57.7912 7.8571
v -98.3887 58.5584 9.5714
v -96.6097 60.6723 9.5714
v -94.2892 55.7777 7.8571
v -95.9330 53.7281 7.8571
v -100.1040 56.4066 9.5714
v -94.2892 55.7777 7.8571
v -100.1040 56.4066 9.5714
v -98.3887 58.5584 9.5714
v -95.9330 53.7281 7.8571
v -97.5148 51.6438 7.8571
v -101.7546 54.2184 9.5714
v -95.9330 53.7281 7.8571
v -101.7546 54.2184 9.5714
v -100.1040 56.4066 9.5714
v -97.5148 51.6438 7.8571
v -99.0336 49.5260 7.8571
v -103.3394 51.9951 9.5714
v -97.5148 51.6438 7.8571
v -103.3394 51.9951 9.5714
v -101.7546 54.2184 9.5714
v -99.0336 49.5260 7.8571
v -100.4882 47.3762 7.8571
v -104.8573 49.7381 9.5714
v -99.0336 49.5260 7.8571
v -104.8573 49.7381 9.5714
v -103.3394 51.9951 9.5714
v -100.4882 47.3762 7.8571
v -101.8779 45.1958 7.8571
v -106.3073 47.4490 9.5714
v -100.4882 47.3762 7.8571
v -106.3073 47.4490 9.5714
v -104.8573 49.7381 9.5714
v -101.8779 45.1958 7.8571
v -103.2016 42.9861 7.8571
v -107.6887 45.1292 9.5714
v -101.8779 45.1958 7.8571
v -107.6887 45.1292 9.5714
v -106.3073 47.4490 9.5714
v -103.2016 42.9861 7.8571
v -104.4586 40.7487 7.8571
v -109.0003 42.7801 9.5714
v -103.2016 42.9861 7.8571
v -109.0003 42.7801 9.5714
v -107.6887 45.1292 9.5714
v -104.4586 40.7487 7.8571
v -105.6480 38.4848 7.8571
v -110.2414 40.4034 9.5714
v -104.4586 40.7487 7.8571
v -110.2414 40.4034 9.5714
v -109.0003 42.7801 9.5714
v -105.6480 38.4848 7.8571
v -106.7691 36.1961 7.8571
v -111.4113 38.0006 9.5714
v -105.6480 38.4848 7.8571
v -111.4113 38.0006 9.5714
v -110.2414 40.4034 9.5714
v -106.7691 36.1961 7.8571
v -107.8211 33.8840 7.8571
v -112.5090 35.5732 9.5714
v -106.7691 36.1961 7.8571
v -112.5090 35.5732 9.5714
v -111.4113 38.0006 9.5714
v -107.8211 33.8840 7.8571
v -108.8034 31.5499 7.8571
v -113.5340 33.1228 9.5714
v -107.8211 33.8840 7.8571
v -113.5340 33.1228 9.5714
v -112.5090 35.5732 9.5714
v -108.8034 31.5499 7.8571
v -109.7153 29.1955 7.8571
v -114.4855 30.6509 9.5714
v -108.8034 31.5499 7.8571
v -114.4855 30.6509 9.5714
v -113.5340 33.1228 9.5714
v -109.7153 29.1955 7.8571
v -110.5562 26.8221 7.8571
v -115.3630 28.1593 9.5714
v -109.7153 29.1955 7.8571
v -115.3630 28.1593 9.5714
v -114.4855 30.6509 9.5714
v -110.5562 26.8221 7.8571
v -111.3256 24.4314 7.8571
v -116.1658 25.6494 9.5714
v -110.5562 26.8221 7.8571
v -116.1658 25.6494 9.5714
v -115.3630 28.1593 9.5714
v -111.3256 24.4314 7.8571
v -112.0230 22.0249 7.8571
v -116.8936 23.1229 9.5714
v -111.3256 24.4314 7.8571
v -116.8936 23.1229 9.5714
v -116.1658 25.6494 9.5714
v -112.0230 22.0249 7.8571
v -112.6479 19.6041 7.8571
v -117.5456 20.5815 9.5714
v -112.0230 22.0249 7.8571
v -117.5456 20.5815 9.5714
v -116.8936 23.1229 9.5714
v -112.6479 19.6041 7.8571
v -113.2000 17.1707 7.8571
v -118.1217 18.0267 9.5714
v -112.6479 19.6041 7.8571
v -118.1217 18.0267 9.5714
v -117.5456 20.5815 9.5714
v -113.2000 17.1707 7.8571
v -113.6788 14.7261 7.8571
v -118.6213 15.4603 9.5714
v -113.2000 17.1707 7.8571
v -118.6213 15.4603 9.5714
v -118.1217 18.0267 9.5714
v -113.6788 14.7261 7.8571
v -114.0841 12.2721 7.8571
v -119.0442 12.8839 9.5714
v -113.6788 14.7261 7.8571
v -119.0442 12.8839 9.5714
v -118.6213 15.4603 9.5714
v -114.0841 12.2721 7.8571
v -114.4156 9.8101 7.8571
v -119.3901 10.2991 9.5714
v -114.0841 12.2721 7.8571
v -119.3901 10.2991 9.5714
v -119.0442 12.8839 9.5714
v -114.4156 9.8101 7.8571
v -114.6730 7.3417 7.8571
v -119.6588 7.7077 9.5714
v -114.4156 9.8101 7.8571
v -119.6588 7.7077 9.5714
v -119.3901 10.2991 9.5714
v -114.6730 7.3417 7.8571
v -114.8563 4.8686 7.8571
v -119.8501 5.1113 9.5714
v -114.6730 7.3417 7.8571
v -119.8501 5.1113 9.5714
v -119.6588 7.7077 9.5714
v -114.8563 4.8686 7.8571
v -114.9653 2.3924 7.8571
v -119.9638 2.5116 9.5714
v -114.8563 4.8686 7.8571
v -119.9638 2.5116 9.5714
v -119.8501 5.1113 9.5714
v -114.9653 2.3924 7.8571
v -115.0000 -0.0854 7.8571
v -120.0000 -0.0897 9.5714
v -114.9653 2.3924 7.8571
v -120.0000 -0.0897 9.5714
v -119.9638 2.5116 9.5714
v -115.0000 -0.0854 7.8571
v -114.9602 -2.5632 7.8571
v -119.9585 -2.6910 9.5714
v -115.0000 -0.0854 7.8571
v -119.9585 -2.6910 9.5714
v -120.0000 -0.0897 9.5714
v -114.9602 -2.5632 7.8571
v -114.8461 -5.0393 7.8571
v -119.8394 -5.2905 9.5714
v -114.9602 -2.5632 7.8571
v -119.8394 -5.2905 9.5714
v -119.9585 -2.6910 9.5714
v -114.8461 -5.0393 7.8571
v -114.6577 -7.5121 7.8571
v -119.6428 -7.8866 9.5714
v -114.8461 -5.0393 7.8571
v -119.6428 -7.8866 9.5714
v -119.8394 -5.2905 9.5714
v -114.6577 -7.5121 7.8571
v -114.3951 -9.9801 7.8571
v -119.3688 -10.4776 9.5714
v -114.6577 -7.5121 7.8571
v -119.3688 -10.4776 9.5714
v -119.6428 -7.8866 9.5714
v -114.3951 -9.9801 7.8571
v -114.0585 -12.4416 7.8571
v -119.0175 -13.0618 9.5714
v -114.3951 -9.9801 7.8571
v -119.0175 -13.0618 9.5714
v -119.3688 -10.4776 9.5714
v -114.0585 -12.4416 7.8571
v -113.6481 -14.8951 7.8571
v -118.5893 -15.6376 9.5714
v -114.0585 -12.4416 7.8571
v -118.5893 -15.6376 9.5714
v -119.0175 -13.0618 9.5714
v -113.6481 -14.8951 7.8571
v -113.1642 -17.3389 7.8571
v -118.0844 -18.2033 9.5714
v -113.6481 -14.8951 7.8571
v -118.0844 -18.2033 9.5714
v -118.5893 -15.6376 9.5714
v -113.1642 -17.3389 7.8571
v -112.6071 -19.7715 7.8571
v -117.5031 -20.7572 9.5714
v -113.1642 -17.3389 7.8571
v -117.5031 -20.7572 9.5714
v -118.0844 -18.2033 9.5714
v -112.6071 -19.7715 7.8571
v -111.9772 -22.1913 7.8571
v -116.8458 -23.2976 9.5714
v -112.6071 -19.7715 7.8571
v -116.8458 -23.2976 9.5714
v -117.5031 -20.7572 9.5714
v -111.9772 -22.1913 7.8571
v -111.2749 -24.5968 7.8571
v -116.1129 -25.8230 9.5714
v -111.9772 -22.1913 7.8571
v -116.1129 -25.8230 9.5714
v -116.8458 -23.2976 9.5714
v -111.2749 -24.5968 7.8571
v -110.5005 -26.9864 7.8571
v -115.3049 -28.3317 9.5714
v -111.2749 -24.5968 7.8571
v -115.3049 -28.3317 9.5714
v -116.1129 -25.8230 9.5714
v -110.5005 -26.9864 7.8571
v -109.6547 -29.3585 7.8571
v -114.4223 -30.8221 9.5714
v -110.5005 -26.9864 7.8571
v -114.4223 -30.8221 9.5714
v -115.3049 -28.3317 9.5714
v -109.6547 -29.3585 7.8571
v -108.7379 -31.7116 7.8571
v -113.4657 -33.2925 9.5714
v -109.6547 -29.3585 7.8571
v -113.4657 -33.2925 9.5714
v -114.4223 -30.8221 9.5714
v -108.7379 -31.7116 7.8571
v -107.7508 -34.0442 7.8571
v -112.4356 -35.7414 9.5714
v -108.7379 -31.7116 7.8571
v -112.4356 -35.7414 9.5714
v -113.4657 -33.2925 9.5714
v -107.7508 -34.0442 7.8571
v -106.6940 -36.3547 7.8571
v -111.3329 -38.1671 9.5714
v -107.7508 -34.0442 7.8571
v -111.3329 -38.1671 9.5714
v -112.4356 -35.7414 9.5714
v -106.6940 -36.3547 7.8571
v -105.5682 -38.6418 7.8571
v -110.1581 -40.5682 9.5714
v -106.6940 -36.3547 7.8571
v -110.1581 -40.5682 9.5714
v -111.3329 -38.1671 9.5714
v -105.5682 -38.6418 7.8571
v -104.3741 -40.9038 7.8571
v -108.9121 -42.9430 9.5714
v -105.5682 -38.6418 7.8571
v -108.9121 -42.9430 9.5714
v -110.1581 -40.5682 9.5714
v -104.3741 -40.9038 7.8571
v -103.1125 -43.1394 7.8571
v -107.5956 -45.2901 9.5714
v -104.3741 -40.9038 7.8571
v -107.5956 -45.2901 9.5714
v -108.9121 -42.9430 9.5714
v -103.1125 -43.1394 7.8571
v -101.7841 -45.3471 7.8571
v -106.2095 -47.6078 9.5714
v -103.1125 -43.1394 7.8571
v -106.2095 -47.6078 9.5714
v -107.5956 -45.2901 9.5714
v -101.7841 -45.3471 7.8571
v -100.3900 -47.5255 7.8571
v -104.7548 -49.8948 9.5714
v -101.7841 -45.3471 7.8571
v -104.7548 -49.8948 9.5714
v -106.2095 -47.6078 9.5714
v -100.3900 -47.5255 7.8571
v -98.9309 -49.6731 7.8571
v -103.2322 -52.1495 9.5714
v -100.3900 -47.5255 7.8571
v -103.2322 -52.1495 9.5714
v -104.7548 -49.8948 9.5714
v -98.9309 -49.6731 7.8571
v -97.4078 -51.7886 7.8571
v -101.6429 -54.3704 9.5714
v -98.9309 -49.6731 7.8571
v -101.6429 -54.3704 9.5714
v -103.2322 -52.1495 9.5714
v -97.4078 -51.7886 7.8571
v -95.8216 -53.8706 7.8571
v -99.9878 -56.5562 9.5714
v -97.4078 -51.7886 7.8571
v -99.9878 -56.5562 9.5714
v -101.6429 -54.3704 9.5714
v -95.8216 -53.8706 7.8571
v -94.1736 -55.9177 7.8571
v -98.2681 -58.7054 9.5714
v -95.8216 -53.8706 7.8571
v -98.2681 -58.7054 9.5714
v -99.9878 -56.5562 9.5714
v -94.1736 -55.9177 7.8571
v -92.4645 -57.9287 7.8571
v -96.4847 -60.8166 9.5714
v -94.1736 -55.9177 7.8571
v -96.4847 -60.8166 9.5714
v -98.2681 -58.7054 9.5714
v -92.4645 -57.9287 7.8571
v -90.6957 -59.9022 7.8571
v -94.6390 -62.8885 9.5714
v -92.4645 -57.9287 7.8571
v -94.6390 -62.8885 9.5714
v -96.4847 -60.8166 9.5714
v -90.6957 -59.9022 7.8571
v -88.8682 -61.8369 7.8571
v -92.7320 -64.9197 9.5714
v -90.6957 -59.9022 7.8571
v -92.7320 -64.9197 9.5714
v -94.6390 -62.8885 9.5714
v -88.8682 -61.8369 7.8571
v -86.9832 -63.7317 7.8571
v -90.7651 -66.9089 9.5714
v -88.8682 -61.8369 7.8571
v -90.7651 -66.9089 9.5714
v -92.7320 -64.9197 9.5714
v -86.9832 -63.7317 7.8571
v -85.0420 -65.5852 7.8571
v -88.7394 -68.8548 9.5714
v -86.9832 -63.7317 7.8571
v -88.7394 -68.8548 9.5714
v -90.7651 -66.9089 9.5714
v -85.0420 -65.5852 7.8571
v -83.0457 -67.3963 7.8571
v -86.6564 -70.7562 9.5714
v -85.0420 -65.5852 7.8571
v -86.6564 -70.7562 9.5714
v -88.7394 -68.8548 9.5714
v -83.0457 -67.3963 7.8571
v -80.9957 -69.1638 7.8571
v -84.5173 -72.6118 9.5714
v -83.0457 -67.3963 7.8571
v -84.5173 -72.6118 9.5714
v -86.6564 -70.7562 9.5714
v -80.9957 -69.1638 7.8571
v -78.8933 -70.8865 7.8571
v -82.3235 -74.4205 9.5714
v -80.9957 -69.1638 7.8571
v -82.3235 -74.4205 9.5714
v -84.5173 -72.6118 9.5714
v -78.8933 -70.8865 7.8571
v -76.7399 -72.5634 7.8571
v -80.0764 -76.1809 9.5714
v -78.8933 -70.8865 7.8571
v -80.0764 -76.1809 9.5714
v -82.3235 -74.4205 9.5714
v -76.7399 -72.5634 7.8571
v -74.5369 -74.1934 7.8571
v -77.7776 -77.8922 9.5714
v -76.7399 -72.5634 7.8571
v -77.7776 -77.8922 9.5714
v -80.0764 -76.1809 9.5714
v -74.5369 -74.1934 7.8571
v -72.2856 -75.7753 7.8571
v -75.4284 -79.5530 9.5714
v -74.5369 -74.1934 7.8571
v -75.4284 -79.5530 9.5714
v -77.7776 -77.8922 9.5714
v -72.2856 -75.7753 7.8571
v -69.9876 -77.3083 7.8571
v -73.0305 -81.1624 9.5714
v -72.2856 -75.7753 7.8571
v -73.0305 -81.1624 9.5714
v -75.4284 -79.5530 9.5714
v -69.9876 -77.3083 7.8571
v -67.6443 -78.7912 7.8571
v -70.5853 -82.7192 9.5714
v -69.9876 -77.3083 7.8571
v -70.5853 -82.7192 9.5714
v -73.0305 -81.1624 9.5714
v -67.6443 -78.7912 7.8571
v -65.2572 -80.2232 7.8571
v -68.0945 -84.2226 9.5714
v -67.6443 -78.7912 7.8571
v -68.0945 -84.2226 9.5714
v -70.5853 -82.7192 9.5714
v -65.2572 -80.2232 7.8571
v -62.8279 -81.6033 7.8571
v -65.5596 -85.6715 9.5714
v -65.2572 -80.2232 7.8571
v -65.5596 -85.6715 9.5714
v -68.0945 -84.2226 9.5714
v -62.8279 -81.6033 7.8571
v -60.3580 -82.9306 7.8571
v -62.9823 -87.0649 9.5714
v -62.8279 -81.6033 7.8571
v -62.9823 -87.0649 9.5714
v -65.5596 -85.6715 9.5714
v -60.3580 -82.9306 7.8571
v -57.8490 -84.2042 7.8571
v -60.3642 -88.4021 9.5714
v -60.3580 -82.9306 7.8571
v -60.3642 -88.4021 9.5714
v -62.9823 -87.0649 9.5714
v -57.8490 -84.2042 7.8571
v -55.3027 -85.4234 7.8571
v -57.7071 -89.6820 9.5714
v -57.8490 -84.2042 7.8571
v -57.7071 -89.6820 9.5714
v -60.3642 -88.4021 9.5714
v -55.3027 -85.4234 7.8571
v -52.7205 -86.5873 7.8571
v -55.0127 -90.9040 9.5714
v -55.3027 -85.4234 7.8571
v -55.0127 -90.9040 9.5714
v -57.7071 -89.6820 9.5714
v -52.7205 -86.5873 7.8571
v -50.1042 -87.6952 7.8571
v -52.2827 -92.0671 9.5714
v -52.7205 -86.5873 7.8571
v -52.2827 -92.0671 9.5714
v -55.0127 -90.9040 9.5714
v -50.1042 -87.6952 7.8571
v -47.4556 -88.7464 7.8571
v -49.5189 -93.1707 9.5714
v -50.1042 -87.6952 7.8571
v -49.5189 -93.1707 9.5714
v -52.2827 -92.0671 9.5714
v -47.4556 -88.7464 7.8571
v -44.7762 -89.7401 7.8571
v -46.7230 -94.2140 9.5714
v -47.4556 -88.7464 7.8571
v -46.7230 -94.2140 9.5714
v -49.5189 -93.1707 9.5714
v -44.7762 -89.7401 7.8571
v -42.0679 -90.6758 7.8571
v -43.8969 -95.1963 9.5714
v -44.7762 -89.7401 7.8571
v -43.8969 -95.1963 9.5714
v -46.7230 -94.2140 9.5714
v -42.0679 -90.6758 7.8571
v -39.3323 -91.5529 7.8571
v -41.0424 -96.1171 9.5714
v -42.0679 -90.6758 7.8571
v -41.0424 -96.1171 9.5714
v -43.8969 -95.1963 9.5714
v 91.9253 -65.7480 9.5714
v 93.8573 -63.7340 9.5714
v 97.7680 -66.7605 11.2857
v 91.9253 -65.7480 9.5714
v 97.7680 -66.7605 11.2857
v 95.7556 -68.8701 11.2857
v 93.8573 -63.7340 9.5714
v 95.7285 -61.6788 9.5714
v 99.7172 -64.6077 11.2857
v 93.8573 -63.7340 9.5714
v 99.7172 -64.6077 11.2857
v 97.7680 -66.7605 11.2857
v 95.7285 -61.6788 9.5714
v 97.5378 -59.5837 9.5714
v 101.6018 -62.4131 11.2857
v 95.7285 -61.6788 9.5714
v 101.6018 -62.4131 11.2857
v 99.7172 -64.6077 11.2857
v 97.5378 -59.5837 9.5714
v 99.2840 -57.4501 9.5714
v 103.4208 -60.1781 11.2857
v 97.5378 -59.5837 9.5714
v 103.4208 -60.1781 11.2857
v 101.6018 -62.4131 11.2857
v 99.2840 -57.4501 9.5714
v 100.9659 -55.2792 9.5714
v 105.1729 -57.9042 11.2857
v 99.2840 -57.4501 9.5714
v 105.1729 -57.9042 11.2857
v 103.4208 -60.1781 11.2857
v 100.9659 -55.2792 9.5714
v 102.5826 -53.0727 9.5714
v 106.8569 -55.5929 11.2857
v 100.9659 -55.2792 9.5714
v 106.8569 -55.5929 11.2857
v 105.1729 -57.9042 11.2857
v 102.5826 -53.0727 9.5714
v 104.1329 -50.8318 9.5714
v 108.4718 -53.2456 11.2857
v 102.5826 -53.0727 9.5714
v 108.4718 -53.2456 11.2857
v 106.8569 -55.5929 11.2857
v 104.1329 -50.8318 9.5714
v 105.6158 -48.5580 9.5714
v 110.0165 -50.8638 11.2857
v 104.1329 -50.8318 9.5714
v 110.0165 -50.8638 11.2857
v 108.4718 -53.2456 11.2857
v 105.6158 -48.5580 9.5714
v 107.0305 -46.2528 9.5714
v 111.4901 -48.4492 11.2857
v 105.6158 -48.5580 9.5714
v 111.4901 -48.4492 11.2857
v 110.0165 -50.8638 11.2857
v 107.0305 -46.2528 9.5714
v 108.3758 -43.9177 9.5714
v 112.8915 -46.0032 11.2857
v 107.0305 -46.2528 9.5714
v 112.8915 -46.0032 11.2857
v 111.4901 -48.4492 11.2857
v 108.3758 -43.9177 9.5714
v 109.6511 -41.5542 9.5714
v 114.2199 -43.5274 11.2857
v 108.3758 -43.9177 9.5714
v 114.2199 -43.5274 11.2857
v 112.8915 -46.0032 11.2857
v 109.6511 -41.5542 9.5714
v 110.8555 -39.1638 9.5714
v 115.4745 -41.0235 11.2857
v 109.6511 -41.5542 9.5714
v 115.4745 -41.0235 11.2857
v 114.2199 -43.5274 11.2857
v 110.8555 -39.1638 9.5714
v 111.9881 -36.7480 9.5714
v 116.6543 -38.4930 11.2857
v 110.8555 -39.1638 9.5714
v 116.6543 -38.4930 11.2857
v 115.4745 -41.0235 11.2857
v 111.9881 -36.7480 9.5714
v 113.0483 -34.3085 9.5714
v 117.7587 -35.9377 11.2857
v 111.9881 -36.7480 9.5714
v 117.7587 -35.9377 11.2857
v 116.6543 -38.4930 11.2857
v 113.0483 -34.3085 9.5714
v 114.0354 -31.8468 9.5714
v 118.7868 -33.3591 11.2857
v 113.0483 -34.3085 9.5714
v 118.7868 -33.3591 11.2857
v 117.7587 -35.9377 11.2857
v 114.0354 -31.8468 9.5714
v 114.9487 -29.3645 9.5714
v 119.7382 -30.7589 11.2857
v 114.0354 -31.8468 9.5714
v 119.7382 -30.7589 11.2857
v 118.7868 -33.3591 11.2857
v 114.9487 -29.3645 9.5714
v 115.7876 -26.8632 9.5714
v 120.6121 -28.1388 11.2857
v 114.9487 -29.3645 9.5714
v 120.6121 -28.1388 11.2857
v 119.7382 -30.7589 11.2857
v 115.7876 -26.8632 9.5714
v 116.5517 -24.3445 9.5714
v 121.4080 -25.5006 11.2857
v 115.7876 -26.8632 9.5714
v 121.4080 -25.5006 11.2857
v 120.6121 -28.1388 11.2857
v 116.5517 -24.3445 9.5714
v 117.2403 -21.8101 9.5714
v 122.1253 -22.8458 11.2857
v 116.5517 -24.3445 9.5714
v 122.1253 -22.8458 11.2857
v 121.4080 -25.5006 11.2857
v 117.2403 -21.8101 9.5714
v 117.8531 -19.2616 9.5714
v 122.7637 -20.1762 11.2857
v 117.2403 -21.8101 9.5714
v 122.7637 -20.1762 11.2857
v 122.1253 -22.8458 11.2857
v 117.8531 -19.2616 9.5714
v 118.3897 -16.7006 9.5714
v 123.3226 -17.4936 11.2857
v 117.8531 -19.2616 9.5714
v 123.3226 -17.4936 11.2857
v 122.7637 -20.1762 11.2857
v 118.3897 -16.7006 9.5714
v 118.8497 -14.1288 9.5714
v 123.8017 -14.7997 11.2857
v 118.3897 -16.7006 9.5714
v 123.8017 -14.7997 11.2857
v 123.3226 -17.4936 11.2857
v 118.8497 -14.1288 9.5714
v 119.2328 -11.5479 9.5714
v 124.2008 -12.0962 11.2857
v 118.8497 -14.1288 9.5714
v 124.2008 -12.0962 11.2857
v 123.8017 -14.7997 11.2857
v 119.2328 -11.5479 9.5714
v 119.5388 -8.9595 9.5714
v 124.5195 -9.3849 11.2857
v 119.2328 -11.5479 9.5714
v 124.5195 -9.3849 11.2857
v 124.2008 -12.0962 11.2857
v 119.5388 -8.9595 9.5714
v 119.7674 -6.3653 9.5714
v 124.7577 -6.6675 11.2857
v 119.5388 -8.9595 9.5714
v 124.7577 -6.6675 11.2857
v 124.5195 -9.3849 11.2857
v 119.7674 -6.3653 9.5714
v 119.9186 -3.7670 9.5714
v 124.9152 -3.9458 11.2857
v 119.7674 -6.3653 9.5714
v 124.9152 -3.9458 11.2857
v 124.7577 -6.6675 11.2857
v 119.9186 -3.7670 9.5714
v 119.9922 -1.1662 9.5714
v 124.9919 -1.2216 11.2857
v 119.9186 -3.7670 9.5714
v 124.9919 -1.2216 11.2857
v 124.9152 -3.9458 11.2857
v 119.9922 -1.1662 9.5714
v 119.9882 1.4353 9.5714
v 124.9877 1.5035 11.2857
v 119.9922 -1.1662 9.5714
v 124.9877 1.5035 11.2857
v 124.9919 -1.2216 11.2857
v 119.9882 1.4353 9.5714
v 119.9066 4.0359 9.5714
v 124.9027 4.2275 11.2857
v 119.9882 1.4353 9.5714
v 124.9027 4.2275 11.2857
v 124.9877 1.5035 11.2857
v 119.9066 4.0359 9.5714
v 119.7474 6.6339 9.5714
v 124.7368 6.9489 11.2857
v 119.9066 4.0359 9.5714
v 124.7368 6.9489 11.2857
v 124.9027 4.2275 11.2857
v 119.7474 6.6339 9.5714
v 119.5107 9.2275 9.5714
v 124.4903 9.6657 11.2857
v 119.7474 6.6339 9.5714
v 124.4903 9.6657 11.2857
v 124.7368 6.9489 11.2857
v 119.5107 9.2275 9.5714
v 119.1967 11.8152 9.5714
v 124.1633 12.3763 11.2857
v 119.5107 9.2275 9.5714
v 124.1633 12.3763 11.2857
v 124.4903 9.6657 11.2857
v 119.1967 11.8152 9.5714
v 118.8057 14.3953 9.5714
v 123.7559 15.0789 11.2857
v 119.1967 11.8152 9.5714
v 123.7559 15.0789 11.2857
v 124.1633 12.3763 11.2857
v 118.8057 14.3953 9.5714
v 118.3377 16.9661 9.5714
v 123.2685 17.7717 11.2857
v 118.8057 14.3953 9.5714
v 123.2685 17.7717 11.2857
v 123.7559 15.0789 11.2857
v 118.3377 16.9661 9.5714
v 117.7933 19.5258 9.5714
v 122.7013 20.4530 11.2857
v 118.3377 16.9661 9.5714
v 122.7013 20.4530 11.2857
v 123.2685 17.7717 11.2857
v 117.7933 19.5258 9.5714
v 117.1726 22.0730 9.5714
v 122.0548 23.1211 11.2857
v 117.7933 19.5258 9.5714
v 122.0548 23.1211 11.2857
v 122.7013 20.4530 11.2857
v 117.1726 22.0730 9.5714
v 116.4761 24.6059 9.5714
v 121.3293 25.7743 11.2857
v 117.1726 22.0730 9.5714
v 121.3293 25.7743 11.2857
v 122.0548 23.1211 11.2857
v 116.4761 24.6059 9.5714
v 115.7043 27.1228 9.5714
v 120.5253 28.4108 11.2857
v 116.4761 24.6059 9.5714
v 120.5253 28.4108 11.2857
v 121.3293 25.7743 11.2857
v 115.7043 27.1228 9.5714
v 114.8576 29.6222 9.5714
v 119.6434 31.0289 11.2857
v 115.7043 27.1228 9.5714
v 119.6434 31.0289 11.2857
v 120.5253 28.4108 11.2857
v 114.8576 29.6222 9.5714
v 113.9367 32.1025 9.5714
v 118.6840 33.6269 11.2857
v 114.8576 29.6222 9.5714
v 118.6840 33.6269 11.2857
v 119.6434 31.0289 11.2857
v 113.9367 32.1025 9.5714
v 112.9420 34.5619 9.5714
v 117.6479 36.2032 11.2857
v 113.9367 32.1025 9.5714
v 117.6479 36.2032 11.2857
v 118.6840 33.6269 11.2857
v 112.9420 34.5619 9.5714
v 111.8743 36.9991 9.5714
v 116.5357 38.7560 11.2857
v 112.9420 34.5619 9.5714
v 116.5357 38.7560 11.2857
v 117.6479 36.2032 11.2857
v 111.8743 36.9991 9.5714
v 110.7342 39.4123 9.5714
v 115.3481 41.2838 11.2857
v 111.8743 36.9991 9.5714
v 115.3481 41.2838 11.2857
v 116.5357 38.7560 11.2857
v 110.7342 39.4123 9.5714
v 109.5225 41.7999 9.5714
v 114.0859 43.7849 11.2857
v 110.7342 39.4123 9.5714
v 114.0859 43.7849 11.2857
v 115.3481 41.2838 11.2857
v 109.5225 41.7999 9.5714
v 108.2399 44.1606 9.5714
v 112.7499 46.2576 11.2857
v 109.5225 41.7999 9.5714
v 112.7499 46.2576 11.2857
v 114.0859 43.7849 11.2857
v 108.2399 44.1606 9.5714
v 106.8873 46.4927 9.5714
v 111.3410 48.7004 11.2857
v 108.2399 44.1606 9.5714
v 111.3410 48.7004 11.2857
v 112.7499 46.2576 11.2857
v 106.8873 46.4927 9.5714
v 105.4656 48.7947 9.5714
v 109.8600 51.1118 11.2857
v 106.8873 46.4927 9.5714
v 109.8600 51.1118 11.2857
v 111.3410 48.7004 11.2857
v 105.4656 48.7947 9.5714
v 103.9756 51.0651 9.5714
v 108.3079 53.4900 11.2857
v 105.4656 48.7947 9.5714
v 108.3079 53.4900 11.2857
v 109.8600 51.1118 11.2857
v 103.9756 51.0651 9.5714
v 102.4184 53.3026 9.5714
v 106.6859 55.8337 11.2857
v 103.9756 51.0651 9.5714
v 106.6859 55.8337 11.2857
v 108.3079 53.4900 11.2857
v 102.4184 53.3026 9.5714
v 100.7950 55.5055 9.5714
v 104.9947 58.1412 11.2857
v 102.4184 53.3026 9.5714
v 104.9947 58.1412 11.2857
v 106.6859 55.8337 11.2857
v 100.7950 55.5055 9.5714
v 99.1063 57.6725 9.5714
v 103.2357 60.4112 11.2857
v 100.7950 55.5055 9.5714
v 103.2357 60.4112 11.2857
v 104.9947 58.1412 11.2857
v 99.1063 57.6725 9.5714
v 97.3535 59.8023 9.5714
v 101.4099 62.6420 11.2857
v 99.1063 57.6725 9.5714
v 101.4099 62.6420 11.2857
v 103.2357 60.4112 11.2857
v 97.3535 59.8023 9.5714
v 95.5378 61.8933 9.5714
v 99.5185 64.8324 11.2857
v 97.3535 59.8023 9.5714
v 99.5185 64.8324 11.2857
v 101.4099 62.6420 11.2857
v 95.5378 61.8933 9.5714
v 93.6602 63.9443 9.5714
v 97.5627 66.9808 11.2857
v 95.5378 61.8933 9.5714
v 97.5627 66.9808 11.2857
v 99.5185 64.8324 11.2857
v 93.6602 63.9443 9.5714
v 91.7221 65.9539 9.5714
v 95.5438 69.0858 11.2857
v 93.6602 63.9443 9.5714
v 95.5438 69.0858 11.2857
v 97.5627 66.9808 11.2857
v 91.7221 65.9539 9.5714
v 89.7246 67.9209 9.5714
v 93.4631 71.1462 11.2857
v 91.7221 65.9539 9.5714
v 93.4631 71.1462 11.2857
v 95.5438 69.0858 11.2857
v 89.7246 67.9209 9.5714
v 87.6691 69.8439 9.5714
v 91.3220 73.1605 11.2857
v 89.7246 67.9209 9.5714
v 91.3220 73.1605 11.2857
v 93.4631 71.1462 11.2857
v 87.6691 69.8439 9.5714
v 85.5569 71.7218 9.5714
v 89.1217 75.1276 11.2857
v 87.6691 69.8439 9.5714
v 89.1217 75.1276 11.2857
v 91.3220 73.1605 11.2857
v 85.5569 71.7218 9.5714
v 83.3893 73.5533 9.5714
v 86.8638 77.0460 11.2857
v 85.5569 71.7218 9.5714
v 86.8638 77.0460 11.2857
v 89.1217 75.1276 11.2857
v 83.3893 73.5533 9.5714
v 81.1678 75.3371 9.5714
v 84.5498 78.9146 11.2857
v 83.3893 73.5533 9.5714
v 84.5498 78.9146 11.2857
v 86.8638 77.0460 11.2857
v 81.1678 75.3371 9.5714
v 78.8938 77.0723 9.5714
v 82.1810 80.7321 11.2857
v 81.1678 75.3371 9.5714
v 82.1810 80.7321 11.2857
v 84.5498 78.9146 11.2857
v 78.8938 77.0723 9.5714
v 76.5687 78.7576 9.5714
v 79.7591 82.4975 11.2857
v 78.8938 77.0723 9.5714
v 79.7591 82.4975 11.2857
v 82.1810 80.7321 11.2857
v 76.5687 78.7576 9.5714
v 74.1941 80.3919 9.5714
v 77.2855 84.2094 11.2857
v 76.5687 78.7576 9.5714
v 77.2855 84.2094 11.2857
v 79.7591 82.4975 11.2857
v 74.1941 80.3919 9.5714
v 71.7715 81.9743 9.5714
v 74.7620 85.8669 11.2857
v 74.1941 80.3919 9.5714
v 74.7620 85.8669 11.2857
v 77.2855 84.2094 11.2857
v 71.7715 81.9743 9.5714
v 69.3025 83.5036 9.5714
v 72.1901 87.4688 11.2857
v 71.7715 81.9743 9.5714
v 72.1901 87.4688 11.2857
v 74.7620 85.8669 11.2857
v 69.3025 83.5036 9.5714
v 66.7887 84.9789 9.5714
v 69.5716 89.0142 11.2857
v 69.3025 83.5036 9.5714
v 69.5716 89.0142 11.2857
v 72.1901 87.4688 11.2857
v 66.7887 84.9789 9.5714
v 64.2317 86.3992 9.5714
v 66.9080 90.5020 11.2857
v 66.7887 84.9789 9.5714
v 66.9080 90.5020 11.2857
v 69.5716 89.0142 11.2857
v 64.2317 86.3992 9.5714
v 61.6331 87.7636 9.5714
v 64.2011 91.9312 11.2857
v 64.2317 86.3992 9.5714
v 64.2011 91.9312 11.2857
v 66.9080 90.5020 11.2857
v 61.6331 87.7636 9.5714
v 58.9946 89.0713 9.5714
v 61.4527 93.3009 11.2857
v 61.6331 87.7636 9.5714
v 61.4527 93.3009 11.2857
v 64.2011 91.9312 11.2857
v 58.9946 89.0713 9.5714
v 56.3180 90.3213 9.5714
v 58.6646 94.6103 11.2857
v 58.9946 89.0713 9.5714
v 58.6646 94.6103 11.2857
v 61.4527 93.3009 11.2857
v 56.3180 90.3213 9.5714
v 53.6050 91.5130 9.5714
v 55.8385 95.8586 11.2857
v 56.3180 90.3213 9.5714
v 55.8385 95.8586 11.2857
v 58.6646 94.6103 11.2857
v 53.6050 91.5130 9.5714
v 50.8572 92.6454 9.5714
v 52.9763 97.0448 11.2857
v 53.6050 91.5130 9.5714
v 52.9763 97.0448 11.2857
v 55.8385 95.8586 11.2857
v 50.8572 92.6454 9.5714
v 48.0766 93.7179 9.5714
v 50.0798 98.1682 11.2857
v 50.8572 92.6454 9.5714
v 50.0798 98.1682 11.2857
v 52.9763 97.0448 11.2857
v 48.0766 93.7179 9.5714
v 45.2649 94.7298 9.5714
v 47.1509 99.2281 11.2857
v 48.0766 93.7179 9.5714
v 47.1509 99.2281 11.2857
v 50.0798 98.1682 11.2857
v 45.2649 94.7298 9.5714
v 42.4239 95.6803 9.5714
v 44.1915 100.2238 11.2857
v 45.2649 94.7298 9.5714
v 44.1915 100.2238 11.2857
v 47.1509 99.2281 11.2857
v 42.4239 95.6803 9.5714
v 39.5554 96.5690 9.5714
v 41.2036 101.1547 11.2857
v 42.4239 95.6803 9.5714
v 41.2036 101.1547 11.2857
v 44.1915 100.2238 11.2857
v 39.5554 96.5690 9.5714
v 36.6614 97.3953 9.5714
v 38.1889 102.0202 11.2857
v 39.5554 96.5690 9.5714
v 38.1889 102.0202 11.2857
v 41.2036 101.1547 11.2857
v 36.6614 97.3953 9.5714
v 33.7436 98.1585 9.5714
v 35.1496 102.8196 11.2857
v 36.6614 97.3953 9.5714
v 35.1496 102.8196 11.2857
v 38.1889 102.0202 11.2857
v 33.7436 98.1585 9.5714
v 30.8041 98.8582 9.5714
v 32.0876 103.5526 11.2857
v 33.7436 98.1585 9.5714
v 32.0876 103.5526 11.2857
v 35.1496 102.8196 11.2857
v 30.8041 98.8582 9.5714
v 27.8446 99.4940 9.5714
v 29.0047 104.2186 11.2857
v 30.8041 98.8582 9.5714
v 29.0047 104.2186 11.2857
v 32.0876 103.5526 11.2857
v 27.8446 99.4940 9.5714
v 24.8670 100.0654 9.5714
v 25.9032 104.8171 11.2857
v 27.8446 99.4940 9.5714
v 25.9032 104.8171 11.2857
v 29.0047 104.2186 11.2857
v 24.8670 100.0654 9.5714
v 21.8734 100.5721 9.5714
v 22.7848 105.3479 11.2857
v 24.8670 100.0654 9.5714
v 22.7848 105.3479 11.2857
v 25.9032 104.8171 11.2857
v 21.8734 100.5721 9.5714
v 18.8657 101.0137 9.5714
v 19.6518 105.8105 11.2857
v 21.8734 100.5721 9.5714
v 19.6518 105.8105 11.2857
v 22.7848 105.3479 11.2857
v 18.8657 101.0137 9.5714
v 15.8457 101.3900 9.5714
v 16.5060 106.2046 11.2857
v 18.8657 101.0137 9.5714
v 16.5060 106.2046 11.2857
v 19.6518 105.8105 11.2857
v 15.8457 101.3900 9.5714
v 12.8155 101.7007 9.5714
v 13.3495 106.5301 11.2857
v 15.8457 101.3900 9.5714
v 13.3495 106.5301 11.2857
v 16.5060 106.2046 11.2857
v 12.8155 101.7007 9.5714
v 9.7770 101.9457 9.5714
v 10.1844 106.7866 11.2857
v 12.8155 101.7007 9.5714
v 10.1844 106.7866 11.2857
v 13.3495 106.5301 11.2857
v 9.7770 101.9457 9.5714
v 6.7322 102.1246 9.5714
v 7.0127 106.9741 11.2857
v 9.7770 101.9457 9.5714
v 7.0127 106.9741 11.2857
v 10.1844 106.7866 11.2857
v 6.7322 102.1246 9.5714
v 3.6830 102.2375 9.5714
v 3.8365 107.0924 11.2857
v 6.7322 102.1246 9.5714
v 3.8365 107.0924 11.2857
v 7.0127 106.9741 11.2857
v 3.6830 102.2375 9.5714
v 0.6315 102.2843 9.5714
v 0.6578 107.1414 11.2857
v 3.6830 102.2375 9.5714
v 0.6578 107.1414 11.2857
v 3.8365 107.0924 11.2857
v 0.6315 102.2843 9.5714
v -2.4205 102.2649 9.5714
v -2.5213 107.1211 11.2857
v 0.6315 102.2843 9.5714
v -2.5213 107.1211 11.2857
v 0.6578 107.1414 11.2857
v -2.4205 102.2649 9.5714
v -5.4709 102.1794 9.5714
v -5.6988 107.0314 11.2857
v -2.4205 102.2649 9.5714
v -5.6988 107.0314 11.2857
v -2.5213 107.1211 11.2857
v -5.4709 102.1794 9.5714
v -8.5178 102.0277 9.5714
v -8.8727 106.8726 11.2857
v -5.4709 102.1794 9.5714
v -8.8727 106.8726 11.2857
v -5.6988 107.0314 11.2857
v -8.5178 102.0277 9.5714
v -11.5591 101.8101 9.5714
v -12.0407 106.6446 11.2857
v -8.5178 102.0277 9.5714
v -12.0407 106.6446 11.2857
v -8.8727 106.8726 11.2857
v -11.5591 101.8101 9.5714
v -14.5930 101.5266 9.5714
v -15.2010 106.3477 11.2857
v -11.5591 101.8101 9.5714
v -15.2010 106.3477 11.2857
v -12.0407 106.6446 11.2857
v -14.5930 101.5266 9.5714
v -17.6174 101.1774 9.5714
v -18.3515 105.9819 11.2857
v -14.5930 101.5266 9.5714
v -18.3515 105.9819 11.2857
v -15.2010 106.3477 11.2857
v -17.6174 101.1774 9.5714
v -20.6305 100.7628 9.5714
v -21.4901 105.5476 11.2857
v -17.6174 101.1774 9.5714
v -21.4901 105.5476 11.2857
v -18.3515 105.9819 11.2857
v -20.6305 100.7628 9.5714
v -23.6301 100.2830 9.5714
v -24.6147 105.0450 11.2857
v -20.6305 100.7628 9.5714
v -24.6147 105.0450 11.2857
v -21.4901 105.5476 11.2857
v -23.6301 100.2830 9.5714
v -26.6146 99.7383 9.5714
v -27.7235 104.4745 11.2857
v -23.6301 100.2830 9.5714
v -27.7235 104.4745 11.2857
v -24.6147 105.0450 11.2857
v -26.6146 99.7383 9.5714
v -29.5817 99.1291 9.5714
v -30.8143 103.8363 11.2857
v -26.6146 99.7383 9.5714
v -30.8143 103.8363 11.2857
v -27.7235 104.4745 11.2857
v -29.5817 99.1291 9.5714
v -32.5298 98.4558 9.5714
v -33.8852 103.1310 11.2857
v -29.5817 99.1291 9.5714
v -33.8852 103.1310 11.2857
v -30.8143 103.8363 11.2857
v -32.5298 98.4558 9.5714
v -35.4568 97.7188 9.5714
v -36.9342 102.3590 11.2857
v -32.5298 98.4558 9.5714
v -36.9342 102.3590 11.2857
v -33.8852 103.1310 11.2857
v -35.4568 97.7188 9.5714
v -38.3609 96.9185 9.5714
v -39.9593 101.5208 11.2857
v -35.4568 97.7188 9.5714
v -39.9593 101.5208 11.2857
v -36.9342 102.3590 11.2857
v -38.3609 96.9185 9.5714
v -41.2402 96.0556 9.5714
v -42.9585 100.6169 11.2857
v -38.3609 96.9185 9.5714
v -42.9585 100.6169 11.2857
v -39.9593 101.5208 11.2857
v -41.2402 96.0556 9.5714
v -44.0927 95.1306 9.5714
v -45.9299 99.6479 11.2857
v -41.2402 96.0556 9.5714
v -45.9299 99.6479 11.2857
v -42.9585 100.6169 11.2857
v -44.0927 95.1306 9.5714
v -46.9168 94.1440 9.5714
v -48.8717 98.6145 11.2857
v -44.0927 95.1306 9.5714
v -48.8717 98.6145 11.2857
v -45.9299 99.6479 11.2857
v -46.9168 94.1440 9.5714
v -49.7105 93.0965 9.5714
v -51.7818 97.5173 11.2857
v -46.9168 94.1440 9.5714
v -51.7818 97.5173 11.2857
v -48.8717 98.6145 11.2857
v -49.7105 93.0965 9.5714
v -52.4721 91.9888 9.5714
v -54.6584 96.3570 11.2857
v -49.7105 93.0965 9.5714
v -54.6584 96.3570 11.2857
v -51.7818 97.5173 11.2857
v -52.4721 91.9888 9.5714
v -55.1997 90.8216 9.5714
v -57.4997 95.1343 11.2857
v -52.4721 91.9888 9.5714
v -57.4997 95.1343 11.2857
v -54.6584 96.3570 11.2857
v -55.1997 90.8216 9.5714
v -57.8916 89.5956 9.5714
v -60.3037 93.8501 11.2857
v -55.1997 90.8216 9.5714
v -60.3037 93.8501 11.2857
v -57.4997 95.1343 11.2857
v -57.8916 89.5956 9.5714
v -60.5460 88.3117 9.5714
v -63.0688 92.5052 11.2857
v -57.8916 89.5956 9.5714
v -63.0688 92.5052 11.2857
v -60.3037 93.8501 11.2857
v -60.5460 88.3117 9.5714
v -63.1613 86.9706 9.5714
v -65.7931 91.1005 11.2857
v -60.5460 88.3117 9.5714
v -65.7931 91.1005 11.2857
v -63.0688 92.5052 11.2857
v -63.1613 86.9706 9.5714
v -65.7358 85.5733 9.5714
v -68.4748 89.6369 11.2857
v -63.1613 86.9706 9.5714
v -68.4748 89.6369 11.2857
v -65.7931 91.1005 11.2857
v -65.7358 85.5733 9.5714
v -68.2677 84.1206 9.5714
v -71.1122 88.1152 11.2857
v -65.7358 85.5733 9.5714
v -71.1122 88.1152 11.2857
v -68.4748 89.6369 11.2857
v -68.2677 84.1206 9.5714
v -70.7554 82.6136 9.5714
v -73.7036 86.5366 11.2857
v -68.2677 84.1206 9.5714
v -73.7036 86.5366 11.2857
v -71.1122 88.1152 11.2857
v -70.7554 82.6136 9.5714
v -73.1974 81.0530 9.5714
v -76.2473 84.9019 11.2857
v -70.7554 82.6136 9.5714
v -76.2473 84.9019 11.2857
v -73.7036 86.5366 11.2857
v -73.1974 81.0530 9.5714
v -75.5920 79.4401 9.5714
v -78.7417 83.2124 11.2857
v -73.1974 81.0530 9.5714
v -78.7417 83.2124 11.2857
v -76.2473 84.9019 11.2857
v -75.5920 79.4401 9.5714
v -77.9378 77.7758 9.5714
v -81.1852 81.4690 11.2857
v -75.5920 79.4401 9.5714
v -81.1852 81.4690 11.2857
v -78.7417 83.2124 11.2857
v -77.9378 77.7758 9.5714
v -80.2331 76.0611 9.5714
v -83.5761 79.6729 11.2857
v -77.9378 77.7758 9.5714
v -83.5761 79.6729 11.2857
v -81.1852 81.4690 11.2857
v -80.2331 76.0611 9.5714
v -82.4765 74.2972 9.5714
v -85.9130 77.8253 11.2857
v -80.2331 76.0611 9.5714
v -85.9130 77.8253 11.2857
v -83.5761 79.6729 11.2857
v -82.4765 74.2972 9.5714
v -84.6666 72.4853 9.5714
v -88.1943 75.9274 11.2857
v -82.4765 74.2972 9.5714
v -88.1943 75.9274 11.2857
v -85.9130 77.8253 11.2857
v -84.6666 72.4853 9.5714
v -86.8019 70.6265 9.5714
v -90.4186 73.9803 11.2857
v -84.6666 72.4853 9.5714
v -90.4186 73.9803 11.2857
v -88.1943 75.9274 11.2857
v -86.8019 70.6265 9.5714
v -88.8810 68.7220 9.5714
v -92.5844 71.9854 11.2857
v -86.8019 70.6265 9.5714
v -92.5844 71.9854 11.2857
v -90.4186 73.9803 11.2857
v -88.8810 68.7220 9.5714
v -90.9026 66.7731 9.5714
v -94.6903 69.9439 11.2857
v -88.8810 68.7220 9.5714
v -94.6903 69.9439 11.2857
v -92.5844 71.9854 11.2857
v -90.9026 66.7731 9.5714
v -92.8655 64.7810 9.5714
v -96.7349 67.8571 11.2857
v -90.9026 66.7731 9.5714
v -96.7349 67.8571 11.2857
v -94.6903 69.9439 11.2857
v -92.8655 64.7810 9.5714
v -94.7683 62.7469 9.5714
v -98.7169 65.7265 11.2857
v -92.8655 64.7810 9.5714
v -98.7169 65.7265 11.2857
v -96.7349 67.8571 11.2857
v -94.7683 62.7469 9.5714
v -96.6097 60.6723 9.5714
v -100.6351 63.5534 11.2857
v -94.7683 62.7469 9.5714
v -100.6351 63.5534 11.2857
v -98.7169 65.7265 11.2857
v -96.6097 60.6723 9.5714
v -98.3887 58.5584 9.5714
v -102.4882 61.3391 11.2857
v -96.6097 60.6723 9.5714
v -102.4882 61.3391 11.2857
v -100.6351 63.5534 11.2857
v -98.3887 58.5584 9.5714
v -100.1040 56.4066 9.5714
v -104.2750 59.0852 11.2857
v -98.3887 58.5584 9.5714
v -104.2750 59.0852 11.2857
v -102.4882 61.3391 11.2857
v -100.1040 56.4066 9.5714
v -101.7546 54.2184 9.5714
v -105.9944 56.7930 11.2857
v -100.1040 56.4066 9.5714
v -105.9944 56.7930 11.2857
v -104.2750 59.0852 11.2857
v -101.7546 54.2184 9.5714
v -103.3394 51.9951 9.5714
v -107.6452 54.4641 11.2857
v -101.7546 54.2184 9.5714
v -107.6452 54.4641 11.2857
v -105.9944 56.7930 11.2857
v -103.3394 51.9951 9.5714
v -104.8573 49.7381 9.5714
v -109.2263 52.1000 11.2857
v -103.3394 51.9951 9.5714
v -109.2263 52.1000 11.2857
v -107.6452 54.4641 11.2857
v -104.8573 49.7381 9.5714
v -106.3073 47.4490 9.5714
v -110.7368 49.7021 11.2857
v -104.8573 49.7381 9.5714
v -110.7368 49.7021 11.2857
v -109.2263 52.1000 11.2857
v -106.3073 47.4490 9.5714
v -107.6887 45.1292 9.5714
v -112.1757 47.2722 11.2857
v -106.3073 47.4490 9.5714
v -112.1757 47.2722 11.2857
v -110.7368 49.7021 11.2857
v -107.6887 45.1292 9.5714
v -109.0003 42.7801 9.5714
v -113.5420 44.8116 11.2857
v -107.6887 45.1292 9.5714
v -113.5420 44.8116 11.2857
v -112.1757 47.2722 11.2857
v -109.0003 42.7801 9.5714
v -110.2414 40.4034 9.5714
v -114.8348 42.3220 11.2857
v -109.0003 42.7801 9.5714
v -114.8348 42.3220 11.2857
v -113.5420 44.8116 11.2857
v -110.2414 40.4034 9.5714
v -111.4113 38.0006 9.5714
v -116.0534 39.8051 11.2857
v -110.2414 40.4034 9.5714
v -116.0534 39.8051 11.2857
v -114.8348 42.3220 11.2857
v -111.4113 38.0006 9.5714
v -112.5090 35.5732 9.5714
v -117.1969 37.2624 11.2857
v -111.4113 38.0006 9.5714
v -117.1969 37.2624 11.2857
v -116.0534 39.8051 11.2857
v -112.5090 35.5732 9.5714
v -113.5340 33.1228 9.5714
v -118.2646 34.6957 11.2857
v -112.5090 35.5732 9.5714
v -118.2646 34.6957 11.2857
v -117.1969 37.2624 11.2857
v -113.5340 33.1228 9.5714
v -114.4855 30.6509 9.5714
v -119.2558 32.1064 11.2857
v -113.5340 33.1228 9.5714
v -119.2558 32.1064 11.2857
v -118.2646 34.6957 11.2857
v -114.4855 30.6509 9.5714
v -115.3630 28.1593 9.5714
v -120.1698 29.4964 11.2857
v -114.4855 30.6509 9.5714
v -120.1698 29.4964 11.2857
v -119.2558 32.1064 11.2857
v -115.3630 28.1593 9.5714
v -116.1658 25.6494 9.5714
v -121.0061 26.8674 11.2857
v -115.3630 28.1593 9.5714
v -121.0061 26.8674 11.2857
v -120.1698 29.4964 11.2857
v -116.1658 25.6494 9.5714
v -116.8936 23.1229 9.5714
v -121.7641 24.2209 11.2857
v -116.1658 25.6494 9.5714
v -121.7641 24.2209 11.2857
v -121.0061 26.8674 11.2857
v -116.8936 23.1229 9.5714
v -117.5456 20.5815 9.5714
v -122.4434 21.5588 11.2857
v -116.8936 23.1229 9.5714
v -122.4434 21.5588 11.2857
v -121.7641 24.2209 11.2857
v -117.5456 20.5815 9.5714
v -118.1217 18.0267 9.5714
v -123.0434 18.8827 11.2857
v -117.5456 20.5815 9.5714
v -123.0434 18.8827 11.2857
v -122.4434 21.5588 11.2857
v -118.1217 18.0267 9.5714
v -118.6213 15.4603 9.5714
v -123.5639 16.1944 11.2857
v -118.1217 18.0267 9.5714
v -123.5639 16.1944 11.2857
v -123.0434 18.8827 11.2857
v -118.6213 15.4603 9.5714
v -119.0442 12.8839 9.5714
v -124.0044 13.4957 11.2857
v -118.6213 15.4603 9.5714
v -124.0044 13.4957 11.2857
v -123.5639 16.1944 11.2857
v -119.0442 12.8839 9.5714
v -119.3901 10.2991 9.5714
v -124.3647 10.7882 11.2857
v -119.0442 12.8839 9.5714
v -124.3647 10.7882 11.2857
v -124.0044 13.4957 11.2857
v -119.3901 10.2991 9.5714
v -119.6588 7.7077 9.5714
v -124.6446 8.0737 11.2857
v -119.3901 10.2991 9.5714
v -124.6446 8.0737 11.2857
v -124.3647 10.7882 11.2857
v -119.6588 7.7077 9.5714
v -119.8501 5.1113 9.5714
v -124.8438 5.3540 11.2857
v -119.6588 7.7077 9.5714
v -124.8438 5.3540 11.2857
v -124.6446 8.0737 11.2857
v -119.8501 5.1113 9.5714
v -119.9638 2.5116 9.5714
v -124.9623 2.6309 11.2857
v -119.8501 5.1113 9.5714
v -124.9623 2.6309 11.2857
v -124.8438 5.3540 11.2857
v -119.9638 2.5116 9.5714
v -120.0000 -0.0897 9.5714
v -125.0000 -0.0940 11.2857
v -119.9638 2.5116 9.5714
v -125.0000 -0.0940 11.2857
v -124.9623 2.6309 11.2857
v -120.0000 -0.0897 9.5714
v -119.9585 -2.6910 9.5714
v -124.9567 -2.8188 11.2857
v -120.0000 -0.0897 9.5714
v -124.9567 -2.8188 11.2857
v -125.0000 -0.0940 11.2857
v -119.9585 -2.6910 9.5714
v -119.8394 -5.2905 9.5714
v -124.8327 -5.5417 11.2857
v -119.9585 -2.6910 9.5714
v -124.8327 -5.5417 11.2857
v -124.9567 -2.8188 11.2857
v -119.8394 -5.2905 9.5714
v -119.6428 -7.8866 9.5714
v -124.6279 -8.2611 11.2857
v -119.8394 -5.2905 9.5714
v -124.6279 -8.2611 11.2857
v -124.8327 -5.5417 11.2857
v -119.6428 -7.8866 9.5714
v -119.3688 -10.4776 9.5714
v -124.3425 -10.9752 11.2857
v -119.6428 -7.8866 9.5714
v -124.3425 -10.9752 11.2857
v -124.6279 -8.2611 11.2857
v -119.3688 -10.4776 9.5714
v -119.0175 -13.0618 9.5714
v -123.9766 -13.6821 11.2857
v -119.3688 -10.4776 9.5714
v -123.9766 -13.6821 11.2857
v -124.3425 -10.9752 11.2857
v -119.0175 -13.0618 9.5714
v -118.5893 -15.6376 9.5714
v -123.5306 -16.3802 11.2857
v -119.0175 -13.0618 9.5714
v -123.5306 -16.3802 11.2857
v -123.9766 -13.6821 11.2857
v -118.5893 -15.6376 9.5714
v -118.0844 -18.2033 9.5714
v -123.0046 -19.0677 11.2857
v -118.5893 -15.6376 9.5714
v -123.0046 -19.0677 11.2857
v -123.5306 -16.3802 11.2857
v -118.0844 -18.2033 9.5714
v -117.5031 -20.7572 9.5714
v -122.3991 -21.7429 11.2857
v -118.0844 -18.2033 9.5714
v -122.3991 -21.7429 11.2857
v -123.0046 -19.0677 11.2857
v -117.5031 -20.7572 9.5714
v -116.8458 -23.2976 9.5714
v -121.7144 -24.4039 11.2857
v -117.5031 -20.7572 9.5714
v -121.7144 -24.4039 11.2857
v -122.3991 -21.7429 11.2857
v -116.8458 -23.2976 9.5714
v -116.1129 -25.8230 9.5714
v -120.9509 -27.0493 11.2857
v -116.8458 -23.2976 9.5714
v -120.9509 -27.0493 11.2857
v -121.7144 -24.4039 11.2857
v -116.1129 -25.8230 9.5714
v -115.3049 -28.3317 9.5714
v -120.1092 -29.6771 11.2857
v -116.1129 -25.8230 9.5714
v -120.1092 -29.6771 11.2857
v -120.9509 -27.0493 11.2857
v -115.3049 -28.3317 9.5714
v -114.4223 -30.8221 9.5714
v -119.1899 -32.2857 11.2857
v -115.3049 -28.3317 9.5714
v -119.1899 -32.2857 11.2857
v -120.1092 -29.6771 11.2857
v -114.4223 -30.8221 9.5714
v -113.4657 -33.2925 9.5714
v -118.1934 -34.8734 11.2857
v -114.4223 -30.8221 9.5714
v -118.1934 -34.8734 11.2857
v -119.1899 -32.2857 11.2857
v -113.4657 -33.2925 9.5714
v -112.4356 -35.7414 9.5714
v -117.1205 -37.4386 11.2857
v -113.4657 -33.2925 9.5714
v -117.1205 -37.4386 11.2857
v -118.1934 -34.8734 11.2857
v -112.4356 -35.7414 9.5714
v -111.3329 -38.1671 9.5714
v -115.9718 -39.9795 11.2857
v -112.4356 -35.7414 9.5714
v -115.9718 -39.9795 11.2857
v -117.1205 -37.4386 11.2857
v -111.3329 -38.1671 9.5714
v -110.1581 -40.5682 9.5714
v -114.7480 -42.4946 11.2857
v -111.3329 -38.1671 9.5714
v -114.7480 -42.4946 11.2857
v -115.9718 -39.9795 11.2857
v -110.1581 -40.5682 9.5714
v -108.9121 -42.9430 9.5714
v -113.4501 -44.9822 11.2857
v -110.1581 -40.5682 9.5714
v -113.4501 -44.9822 11.2857
v -114.7480 -42.4946 11.2857
v -108.9121 -42.9430 9.5714
v -107.5956 -45.2901 9.5714
v -112.0788 -47.4407 11.2857
v -108.9121 -42.9430 9.5714
v -112.0788 -47.4407 11.2857
v -113.4501 -44.9822 11.2857
v -107.5956 -45.2901 9.5714
v -106.2095 -47.6078 9.5714
v -110.6349 -49.8686 11.2857
v -107.5956 -45.2901 9.5714
v -110.6349 -49.8686 11.2857
v -112.0788 -47.4407 11.2857
v -106.2095 -47.6078 9.5714
v -104.7548 -49.8948 9.5714
v -109.1195 -52.2641 11.2857
v -106.2095 -47.6078 9.5714
v -109.1195 -52.2641 11.2857
v -110.6349 -49.8686 11.2857
v -104.7548 -49.8948 9.5714
v -103.2322 -52.1495 9.5714
v -107.5336 -54.6259 11.2857
v -104.7548 -49.8948 9.5714
v -107.5336 -54.6259 11.2857
v -109.1195 -52.2641 11.2857
v -103.2322 -52.1495 9.5714
v -101.6429 -54.3704 9.5714
v -105.8780 -56.9523 11.2857
v -103.2322 -52.1495 9.5714
v -105.8780 -56.9523 11.2857
v -107.5336 -54.6259 11.2857
v -101.6429 -54.3704 9.5714
v -99.9878 -56.5562 9.5714
v -104.1540 -59.2419 11.2857
v -101.6429 -54.3704 9.5714
v -104.1540 -59.2419 11.2857
v -105.8780 -56.9523 11.2857
v -99.9878 -56.5562 9.5714
v -98.2681 -58.7054 9.5714
v -102.3626 -61.4931 11.2857
v -99.9878 -56.5562 9.5714
v -102.3626 -61.4931 11.2857
v -104.1540 -59.2419 11.2857
v -98.2681 -58.7054 9.5714
v -96.4847 -60.8166 9.5714
v -100.5049 -63.7046 11.2857
v -98.2681 -58.7054 9.5714
v -100.5049 -63.7046 11.2857
v -102.3626 -61.4931 11.2857
v -96.4847 -60.8166 9.5714
v -94.6390 -62.8885 9.5714
v -98.5823 -65.8748 11.2857
v -96.4847 -60.8166 9.5714
v -98.5823 -65.8748 11.2857
v -100.5049 -63.7046 11.2857
v -94.6390 -62.8885 9.5714
v -92.7320 -64.9197 9.5714
v -96.5959 -68.0025 11.2857
v -94.6390 -62.8885 9.5714
v -96.5959 -68.0025 11.2857
v -98.5823 -65.8748 11.2857
v -92.7320 -64.9197 9.5714
v -90.7651 -66.9089 9.5714
v -94.5470 -70.0861 11.2857
v -92.7320 -64.9197 9.5714
v -94.5470 -70.0861 11.2857
v -96.5959 -68.0025 11.2857
v -90.7651 -66.9089 9.5714
v -88.7394 -68.8548 9.5714
v -92.4369 -72.1245 11.2857
v -90.7651 -66.9089 9.5714
v -92.4369 -72.1245 11.2857
v -94.5470 -70.0861 11.2857
v -88.7394 -68.8548 9.5714
v -86.6564 -70.7562 9.5714
v -90.2671 -74.1161 11.2857
v -88.7394 -68.8548 9.5714
v -90.2671 -74.1161 11.2857
v -92.4369 -72.1245 11.2857
v -86.6564 -70.7562 9.5714
v -84.5173 -72.6118 9.5714
v -88.0388 -76.0599 11.2857
v -86.6564 -70.7562 9.5714
v -88.0388 -76.0599 11.2857
v -90.2671 -74.1161 11.2857
v -84.5173 -72.6118 9.5714
v -82.3235 -74.4205 9.5714
v -85.7536 -77.9544 11.2857
v -84.5173 -72.6118 9.5714
v -85.7536 -77.9544 11.2857
v -88.0388 -76.0599 11.2857
v -82.3235 -74.4205 9.5714
v -80.0764 -76.1809 9.5714
v -83.4130 -79.7985 11.2857
v -82.3235 -74.4205 9.5714
v -83.4130 -79.7985 11.2857
v -85.7536 -77.9544 11.2857
v -80.0764 -76.1809 9.5714
v -77.7776 -77.8922 9.5714
v -81.0183 -81.5910 11.2857
v -80.0764 -76.1809 9.5714
v -81.0183 -81.5910 11.2857
v -83.4130 -79.7985 11.2857
v -77.7776 -77.8922 9.5714
v -75.4284 -79.5530 9.5714
v -78.5713 -83.3307 11.2857
v -77.7776 -77.8922 9.5714
v -78.5713 -83.3307 11.2857
v -81.0183 -81.5910 11.2857
v -75.4284 -79.5530 9.5714
v -73.0305 -81.1624 9.5714
v -76.0734 -85.0164 11.2857
v -75.4284 -79.5530 9.5714
v -76.0734 -85.0164 11.2857
v -78.5713 -83.3307 11.2857
v -73.0305 -81.1624 9.5714
v -70.5853 -82.7192 9.5714
v -73.5264 -86.6472 11.2857
v -73.0305 -81.1624 9.5714
v -73.5264 -86.6472 11.2857
v -76.0734 -85.0164 11.2857
v -70.5853 -82.7192 9.5714
v -68.0945 -84.2226 9.5714
v -70.9317 -88.2220 11.2857
v -70.5853 -82.7192 9.5714
v -70.9317 -88.2220 11.2857
v -73.5264 -86.6472 11.2857
v -68.0945 -84.2226 9.5714
v -65.5596 -85.6715 9.5714
v -68.2912 -89.7397 11.2857
v -68.0945 -84.2226 9.5714
v -68.2912 -89.7397 11.2857
v -70.9317 -88.2220 11.2857
v -65.5596 -85.6715 9.5714
v -62.9823 -87.0649 9.5714
v -65.6065 -91.1993 11.2857
v -65.5596 -85.6715 9.5714
v -65.6065 -91.1993 11.2857
v -68.2912 -89.7397 11.2857
v -62.9823 -87.0649 9.5714
v -60.3642 -88.4021 9.5714
v -62.8794 -92.5999 11.2857
v -62.9823 -87.0649 9.5714
v -62.8794 -92.5999 11.2857
v -65.6065 -91.1993 11.2857
v -60.3642 -88.4021 9.5714
v -57.7071 -89.6820 9.5714
v -60.1116 -93.9407 11.2857
v -60.3642 -88.4021 9.5714
v -60.1116 -93.9407 11.2857
v -62.8794 -92.5999 11.2857
v -57.7071 -89.6820 9.5714
v -55.0127 -90.9040 9.5714
v -57.3049 -95.2206 11.2857
v -57.7071 -89.6820 9.5714
v -57.3049 -95.2206 11.2857
v -60.1116 -93.9407 11.2857
v -55.0127 -90.9040 9.5714
v -52.2827 -92.0671 9.5714
v -54.4611 -96.4390 11.2857
v -55.0127 -90.9040 9.5714
v -54.4611 -96.4390 11.2857
v -57.3049 -95.2206 11.2857
v -52.2827 -92.0671 9.5714
v -49.5189 -93.1707 9.5714
v -51.5821 -97.5950 11.2857
v -52.2827 -92.0671 9.5714
v -51.5821 -97.5950 11.2857
v -54.4611 -96.4390 11.2857
v -49.5189 -93.1707 9.5714
v -46.7230 -94.2140 9.5714
v -48.6698 -98.6878 11.2857
v -49.5189 -93.1707 9.5714
v -48.6698 -98.6878 11.2857
v -51.5821 -97.5950 11.2857
v -46.7230 -94.2140 9.5714
v -43.8969 -95.1963 9.5714
v -45.7259 -99.7168 11.2857
v -46.7230 -94.2140 9.5714
v -45.7259 -99.7168 11.2857
v -48.6698 -98.6878 11.2857
v -43.8969 -95.1963 9.5714
v -41.0424 -96.1171 9.5714
v -42.7525 -100.6814 11.2857
v -43.8969 -95.1963 9.5714
v -42.7525 -100.6814 11.2857
v -45.7259 -99.7168 11.2857
v 95.7556 -68.8701 11.2857
v 97.7680 -66.7605 11.2857
v 101.6787 -69.7870 13.0000
v 95.7556 -68.8701 11.2857
v 101.6787 -69.7870 13.0000
v 99.5858 -71.9922 13.0000
v 97.7680 -66.7605 11.2857
v 99.7172 -64.6077 11.2857
v 103.7059 -67.5366 13.0000
v 97.7680 -66.7605 11.2857
v 103.7059 -67.5366 13.0000
v 101.6787 -69.7870 13.0000
v 99.7172 -64.6077 11.2857
v 101.6018 -62.4131 11.2857
v 105.6659 -65.2425 13.0000
v 99.7172 -64.6077 11.2857
v 105.6659 -65.2425 13.0000
v 103.7059 -67.5366 13.0000
v 101.6018 -62.4131 11.2857
v 103.4208 -60.1781 11.2857
v 107.5576 -62.9062 13.0000
v 101.6018 -62.4131 11.2857
v 107.5576 -62.9062 13.0000
v 105.6659 -65.2425 13.0000
v 103.4208 -60.1781 11.2857
v 105.1729 -57.9042 11.2857
v 109.3798 -60.5292 13.0000
v 103.4208 -60.1781 11.2857
v 109.3798 -60.5292 13.0000
v 107.5576 -62.9062 13.0000
v 105.1729 -57.9042 11.2857
v 106.8569 -55.5929 11.2857
v 111.1311 -58.1131 13.0000
v 105.1729 -57.9042 11.2857
v 111.1311 -58.1131 13.0000
v 109.3798 -60.5292 13.0000
v 106.8569 -55.5929 11.2857
v 108.4718 -53.2456 11.2857
v 112.8106 -55.6594 13.0000
v 106.8569 -55.5929 11.2857
v 112.8106 -55.6594 13.0000
v 111.1311 -58.1131 13.0000
v 108.4718 -53.2456 11.2857
v 110.0165 -50.8638 11.2857
v 114.4172 -53.1697 13.0000
v 108.4718 -53.2456 11.2857
v 114.4172 -53.1697 13.0000
v 112.8106 -55.6594 13.0000
v 110.0165 -50.8638 11.2857
v 111.4901 -48.4492 11.2857
v 115.9497 -50.6455 13.0000
v 110.0165 -50.8638 11.2857
v 115.9497 -50.6455 13.0000
v 114.4172 -53.1697 13.0000
v 111.4901 -48.4492 11.2857
v 112.8915 -46.0032 11.2857
v 117.4072 -48.0886 13.0000
v 111.4901 -48.4492 11.2857
v 117.4072 -48.0886 13.0000
v 115.9497 -50.6455 13.0000
v 112.8915 -46.0032 11.2857
v 114.2199 -43.5274 11.2857
v 118.7887 -45.5007 13.0000
v 112.8915 -46.0032 11.2857
v 118.7887 -45.5007 13.0000
v 117.4072 -48.0886 13.0000
v 114.2199 -43.5274 11.2857
v 115.4745 -41.0235 11.2857
v 120.0934 -42.8832 13.0000
v 114.2199 -43.5274 11.2857
v 120.0934 -42.8832 13.0000
v 118.7887 -45.5007 13.0000
v 115.4745 -41.0235 11.2857
v 116.6543 -38.4930 11.2857
v 121.3205 -40.2381 13.0000
v 115.4745 -41.0235 11.2857
v 121.3205 -40.2381 13.0000
v 120.0934 -42.8832 13.0000
v 116.6543 -38.4930 11.2857
v 117.7587 -35.9377 11.2857
v 122.4690 -37.5669 13.0000
v 116.6543 -38.4930 11.2857
v 122.4690 -37.5669 13.0000
v 121.3205 -40.2381 13.0000
v 117.7587 -35.9377 11.2857
v 118.7868 -33.3591 11.2857
v 123.5383 -34.8714 13.0000
v 117.7587 -35.9377 11.2857
v 123.5383 -34.8714 13.0000
v 122.4690 -37.5669 13.0000
v 118.7868 -33.3591 11.2857
v 119.7382 -30.7589 11.2857
v 124.5277 -32.1533 13.0000
v 118.7868 -33.3591 11.2857
v 124.5277 -32.1533 13.0000
v 123.5383 -34.8714 13.0000
v 119.7382 -30.7589 11.2857
v 120.6121 -28.1388 11.2857
v 125.4366 -29.4145 13.0000
v 119.7382 -30.7589 11.2857
v 125.4366 -29.4145 13.0000
v 124.5277 -32.1533 13.0000
v 120.6121 -28.1388 11.2857
v 121.4080 -25.5006 11.2857
v 126.2643 -26.6566 13.0000
v 120.6121 -28.1388 11.2857
v 126.2643 -26.6566 13.0000
v 125.4366 -29.4145 13.0000
v 121.4080 -25.5006 11.2857
v 122.1253 -22.8458 11.2857
v 127.0103 -23.8815 13.0000
v 121.4080 -25.5006 11.2857
v 127.0103 -23.8815 13.0000
v 126.2643 -26.6566 13.0000
v 122.1253 -22.8458 11.2857
v 122.7637 -20.1762 11.2857
v 127.6742 -21.0909 13.0000
v 122.1253 -22.8458 11.2857
v 127.6742 -21.0909 13.0000
v 127.0103 -23.8815 13.0000
v 122.7637 -20.1762 11.2857
v 123.3226 -17.4936 11.2857
v 128.2555 -18.2867 13.0000
v 122.7637 -20.1762 11.2857
v 128.2555 -18.2867 13.0000
v 127.6742 -21.0909 13.0000
v 123.3226 -17.4936 11.2857
v 123.8017 -14.7997 11.2857
v 128.7538 -15.4707 13.0000
v 123.3226 -17.4936 11.2857
v 128.7538 -15.4707 13.0000
v 128.2555 -18.2867 13.0000
v 123.8017 -14.7997 11.2857
v 124.2008 -12.0962 11.2857
v 129.1689 -12.6446 13.0000
v 123.8017 -14.7997 11.2857
v 129.1689 -12.6446 13.0000
v 128.7538 -15.4707 13.0000
v 124.2008 -12.0962 11.2857
v 124.5195 -9.3849 11.2857
v 129.5003 -9.8104 13.0000
v 124.2008 -12.0962 11.2857
v 129.5003 -9.8104 13.0000
v 129.1689 -12.6446 13.0000
v 124.5195 -9.3849 11.2857
v 124.7577 -6.6675 11.2857
v 129.7480 -6.9698 13.0000
v 124.5195 -9.3849 11.2857
v 129.7480 -6.9698 13.0000
v 129.5003 -9.8104 13.0000
v 124.7577 -6.6675 11.2857
v 124.9152 -3.9458 11.2857
v 129.9118 -4.1247 13.0000
v 124.7577 -6.6675 11.2857
v 129.9118 -4.1247 13.0000
v 129.7480 -6.9698 13.0000
v 124.9152 -3.9458 11.2857
v 124.9919 -1.2216 11.2857
v 129.9916 -1.2770 13.0000
v 124.9152 -3.9458 11.2857
v 129.9916 -1.2770 13.0000
v 129.9118 -4.1247 13.0000
v 124.9919 -1.2216 11.2857
v 124.9877 1.5035 11.2857
v 129.9872 1.5716 13.0000
v 124.9919 -1.2216 11.2857
v 129.9872 1.5716 13.0000
v 129.9916 -1.2770 13.0000
v 124.9877 1.5035 11.2857
v 124.9027 4.2275 11.2857
v 129.8988 4.4192 13.0000
v 124.9877 1.5035 11.2857
v 129.8988 4.4192 13.0000
v 129.9872 1.5716 13.0000
v 124.9027 4.2275 11.2857
v 124.7368 6.9489 11.2857
v 129.7263 7.2639 13.0000
v 124.9027 4.2275 11.2857
v 129.7263 7.2639 13.0000
v 129.8988 4.4192 13.0000
v 124.7368 6.9489 11.2857
v 124.4903 9.6657 11.2857
v 129.4699 10.1039 13.0000
v 124.7368 6.9489 11.2857
v 129.4699 10.1039 13.0000
v 129.7263 7.2639 13.0000
v 124.4903 9.6657 11.2857
v 124.1633 12.3763 11.2857
v 129.1298 12.9374 13.0000
v 124.4903 9.6657 11.2857
v 129.1298 12.9374 13.0000
v 129.4699 10.1039 13.0000
v 124.1633 12.3763 11.2857
v 123.7559 15.0789 11.2857
v 128.7061 15.7625 13.0000
v 124.1633 12.3763 11.2857
v 128.7061 15.7625 13.0000
v 129.1298 12.9374 13.0000
v 123.7559 15.0789 11.2857
v 123.2685 17.7717 11.2857
v 128.1992 18.5774 13.0000
v 123.7559 15.0789 11.2857
v 128.1992 18.5774 13.0000
v 128.7061 15.7625 13.0000
v 123.2685 17.7717 11.2857
v 122.7013 20.4530 11.2857
v 127.6094 21.3802 13.0000
v 123.2685 17.7717 11.2857
v 127.6094 21.3802 13.0000
v 128.1992 18.5774 13.0000
v 122.7013 20.4530 11.2857
v 122.0548 23.1211 11.2857
v 126.9370 24.1693 13.0000
v 122.7013 20.4530 11.2857
v 126.9370 24.1693 13.0000
v 127.6094 21.3802 13.0000
v 122.0548 23.1211 11.2857
v 121.3293 25.7743 11.2857
v 126.1825 26.9427 13.0000
v 122.0548 23.1211 11.2857
v 126.1825 26.9427 13.0000
v 126.9370 24.1693 13.0000
v 121.3293 25.7743 11.2857
v 120.5253 28.4108 11.2857
v 125.3463 29.6987 13.0000
v 121.3293 25.7743 11.2857
v 125.3463 29.6987 13.0000
v 126.1825 26.9427 13.0000
v 120.5253 28.4108 11.2857
v 119.6434 31.0289 11.2857
v 124.4291 32.4355 13.0000
v 120.5253 28.4108 11.2857
v 124.4291 32.4355 13.0000
v 125.3463 29.6987 13.0000
v 119.6434 31.0289 11.2857
v 118.6840 33.6269 11.2857
v 123.4314 35.1513 13.0000
v 119.6434 31.0289 11.2857
v 123.4314 35.1513 13.0000
v 124.4291 32.4355 13.0000
v 118.6840 33.6269 11.2857
v 117.6479 36.2032 11.2857
v 122.3538 37.8444 13.0000
v 118.6840 33.6269 11.2857
v 122.3538 37.8444 13.0000
v 123.4314 35.1513 13.0000
v 117.6479 36.2032 11.2857
v 116.5357 38.7560 11.2857
v 121.1971 40.5129 13.0000
v 117.6479 36.2032 11.2857
v 121.1971 40.5129 13.0000
v 122.3538 37.8444 13.0000
v 116.5357 38.7560 11.2857
v 115.3481 41.2838 11.2857
v 119.9620 43.1553 13.0000
v 116.5357 38.7560 11.2857
v 119.9620 43.1553 13.0000
v 121.1971 40.5129 13.0000
v 115.3481 41.2838 11.2857
v 114.0859 43.7849 11.2857
v 118.6493 45.7698 13.0000
v 115.3481 41.2838 11.2857
v 118.6493 45.7698 13.0000
v 119.9620 43.1553 13.0000
v 114.0859 43.7849 11.2857
v 112.7499 46.2576 11.2857
v 117.2599 48.3546 13.0000
v 114.0859 43.7849 11.2857
v 117.2599 48.3546 13.0000
v 118.6493 45.7698 13.0000
v 112.7499 46.2576 11.2857
v 111.3410 48.7004 11.2857
v 115.7946 50.9082 13.0000
v 112.7499 46.2576 11.2857
v 115.7946 50.9082 13.0000
v 117.2599 48.3546 13.0000
v 111.3410 48.7004 11.2857
v 109.8600 51.1118 11.2857
v 114.2544 53.4288 13.0000
v 111.3410 48.7004 11.2857
v 114.2544 53.4288 13.0000
v 115.7946 50.9082 13.0000
v 109.8600 51.1118 11.2857
v 108.3079 53.4900 11.2857
v 112.6403 55.9149 13.0000
v 109.8600 51.1118 11.2857
v 112.6403 55.9149 13.0000
v 114.2544 53.4288 13.0000
v 108.3079 53.4900 11.2857
v 106.6859 55.8337 11.2857
v 110.9533 58.3648 13.0000
v 108.3079 53.4900 11.2857
v 110.9533 58.3648 13.0000
v 112.6403 55.9149 13.0000
v 106.6859 55.8337 11.2857
v 104.9947 58.1412 11.2857
v 109.1945 60.7770 13.0000
v 106.6859 55.8337 11.2857
v 109.1945 60.7770 13.0000
v 110.9533 58.3648 13.0000
v 104.9947 58.1412 11.2857
v 103.2357 60.4112 11.2857
v 107.3651 63.1498 13.0000
v 104.9947 58.1412 11.2857
v 107.3651 63.1498 13.0000
v 109.1945 60.7770 13.0000
v 103.2357 60.4112 11.2857
v 101.4099 62.6420 11.2857
v 105.4663 65.4818 13.0000
v 103.2357 60.4112 11.2857
v 105.4663 65.4818 13.0000
v 107.3651 63.1498 13.0000
v 101.4099 62.6420 11.2857
v 99.5185 64.8324 11.2857
v 103.4992 67.7714 13.0000
v 101.4099 62.6420 11.2857
v 103.4992 67.7714 13.0000
v 105.4663 65.4818 13.0000
v 99.5185 64.8324 11.2857
v 97.5627 66.9808 11.2857
v 101.4652 70.0172 13.0000
v 99.5185 64.8324 11.2857
v 101.4652 70.0172 13.0000
v 103.4992 67.7714 13.0000
v 97.5627 66.9808 11.2857
v 95.5438 69.0858 11.2857
v 99.3656 72.2177 13.0000
v 97.5627 66.9808 11.2857
v 99.3656 72.2177 13.0000
v 101.4652 70.0172 13.0000
v 95.5438 69.0858 11.2857
v 93.4631 71.1462 11.2857
v 97.2016 74.3715 13.0000
v 95.5438 69.0858 11.2857
v 97.2016 74.3715 13.0000
v 99.3656 72.2177 13.0000
v 93.4631 71.1462 11.2857
v 91.3220 73.1605 11.2857
v 94.9748 76.4772 13.0000
v 93.4631 71.1462 11.2857
v 94.9748 76.4772 13.0000
v 97.2016 74.3715 13.0000
v 91.3220 73.1605 11.2857
v 89.1217 75.1276 11.2857
v 92.6866 78.5334 13.0000
v 91.3220 73.1605 11.2857
v 92.6866 78.5334 13.0000
v 94.9748 76.4772 13.0000
v 89.1217 75.1276 11.2857
v 86.8638 77.0460 11.2857
v 90.3384 80.5388 13.0000
v 89.1217 75.1276 11.2857
v 90.3384 80.5388 13.0000
v 92.6866 78.5334 13.0000
v 86.8638 77.0460 11.2857
v 84.5498 78.9146 11.2857
v 87.9318 82.4921 13.0000
v 86.8638 77.0460 11.2857
v 87.9318 82.4921 13.0000
v 90.3384 80.5388 13.0000
v 84.5498 78.9146 11.2857
v 82.1810 80.7321 11.2857
v 85.4682 84.3920 13.0000
v 84.5498 78.9146 11.2857
v 85.4682 84.3920 13.0000
v 87.9318 82.4921 13.0000
v 82.1810 80.7321 11.2857
v 79.7591 82.4975 11.2857
v 82.9494 86.2373 13.0000
v 82.1810 80.7321 11.2857
v 82.9494 86.2373 13.0000
v 85.4682 84.3920 13.0000
v 79.7591 82.4975 11.2857
v 77.2855 84.2094 11.2857
v 80.3770 88.0269 13.0000
v 79.7591 82.4975 11.2857
v 80.3770 88.0269 13.0000
v 82.9494 86.2373 13.0000
v 77.2855 84.2094 11.2857
v 74.7620 85.8669 11.2857
v 77.7525 89.7595 13.0000
v 77.2855 84.2094 11.2857
v 77.7525 89.7595 13.0000
v 80.3770 88.0269 13.0000
v 74.7620 85.8669 11.2857
v 72.1901 87.4688 11.2857
v 75.0777 91.4341 13.0000
v 74.7620 85.8669 11.2857
v 75.0777 91.4341 13.0000
v 77.7525 89.7595 13.0000
v 72.1901 87.4688 11.2857
v 69.5716 89.0142 11.2857
v 72.3544 93.0495 13.0000
v 72.1901 87.4688 11.2857
v 72.3544 93.0495 13.0000
v 75.0777 91.4341 13.0000
v 69.5716 89.0142 11.2857
v 66.9080 90.5020 11.2857
v 69.5843 94.6047 13.0000
v 69.5716 89.0142 11.2857
v 69.5843 94.6047 13.0000
v 72.3544 93.0495 13.0000
v 66.9080 90.5020 11.2857
v 64.2011 91.9312 11.2857
v 66.7692 96.0987 13.0000
v 66.9080 90.5020 11.2857
v 66.7692 96.0987 13.0000
v 69.5843 94.6047 13.0000
v 64.2011 91.9312 11.2857
v 61.4527 93.3009 11.2857
v 63.9108 97.5306 13.0000
v 64.2011 91.9312 11.2857
v 63.9108 97.5306 13.0000
v 66.7692 96.0987 13.0000
v 61.4527 93.3009 11.2857
v 58.6646 94.6103 11.2857
v 61.0112 98.8994 13.0000
v 61.4527 93.3009 11.2857
v 61.0112 98.8994 13.0000
v 63.9108 97.5306 13.0000
v 58.6646 94.6103 11.2857
v 55.8385 95.8586 11.2857
v 58.0720 100.2041 13.0000
v 58.6646 94.6103 11.2857
v 58.0720 100.2041 13.0000
v 61.0112 98.8994 13.0000
v 55.8385 95.8586 11.2857
v 52.9763 97.0448 11.2857
v 55.0953 101.4441 13.0000
v 55.8385 95.8586 11.2857
v 55.0953 101.4441 13.0000
v 58.0720 100.2041 13.0000
v 52.9763 97.0448 11.2857
v 50.0798 98.1682 11.2857
v 52.0830 102.6185 13.0000
v 52.9763 97.0448 11.2857
v 52.0830 102.6185 13.0000
v 55.0953 101.4441 13.0000
v 50.0798 98.1682 11.2857
v 47.1509 99.2281 11.2857
v 49.0370 103.7264 13.0000
v 50.0798 98.1682 11.2857
v 49.0370 103.7264 13.0000
v 52.0830 102.6185 13.0000
v 47.1509 99.2281 11.2857
v 44.1915 100.2238 11.2857
v 45.9592 104.7673 13.0000
v 47.1509 99.2281 11.2857
v 45.9592 104.7673 13.0000
v 49.0370 103.7264 13.0000
v 44.1915 100.2238 11.2857
v 41.2036 101.1547 11.2857
v 42.8517 105.7404 13.0000
v 44.1915 100.2238 11.2857
v 42.8517 105.7404 13.0000
v 45.9592 104.7673 13.0000
v 41.2036 101.1547 11.2857
v 38.1889 102.0202 11.2857
v 39.7165 106.6451 13.0000
v 41.2036 101.1547 11.2857
v 39.7165 106.6451 13.0000
v 42.8517 105.7404 13.0000
v 38.1889 102.0202 11.2857
v 35.1496 102.8196 11.2857
v 36.5556 107.4808 13.0000
v 38.1889 102.0202 11.2857
v 36.5556 107.4808 13.0000
v 39.7165 106.6451 13.0000
v 35.1496 102.8196 11.2857
v 32.0876 103.5526 11.2857
v 33.3711 108.2470 13.0000
v 35.1496 102.8196 11.2857
v 33.3711 108.2470 13.0000
v 36.5556 107.4808 13.0000
v 32.0876 103.5526 11.2857
v 29.0047 104.2186 11.2857
v 30.1649 108.9432 13.0000
v 32.0876 103.5526 11.2857
v 30.1649 108.9432 13.0000
v 33.3711 108.2470 13.0000
v 29.0047 104.2186 11.2857
v 25.9032 104.8171 11.2857
v 26.9393 109.5688 13.0000
v 29.0047 104.2186 11.2857
v 26.9393 109.5688 13.0000
v 30.1649 108.9432 13.0000
v 25.9032 104.8171 11.2857
v 22.7848 105.3479 11.2857
v 23.6962 110.1237 13.0000
v 25.9032 104.8171 11.2857
v 23.6962 110.1237 13.0000
v 26.9393 109.5688 13.0000
v 22.7848 105.3479 11.2857
v 19.6518 105.8105 11.2857
v 20.4378 110.6072 13.0000
v 22.7848 105.3479 11.2857
v 20.4378 110.6072 13.0000
v 23.6962 110.1237 13.0000
v 19.6518 105.8105 11.2857
v 16.5060 106.2046 11.2857
v 17.1662 111.0193 13.0000
v 19.6518 105.8105 11.2857
v 17.1662 111.0193 13.0000
v 20.4378 110.6072 13.0000
v 16.5060 106.2046 11.2857
v 13.3495 106.5301 11.2857
v 13.8835 111.3595 13.0000
v 16.5060 106.2046 11.2857
v 13.8835 111.3595 13.0000
v 17.1662 111.0193 13.0000
v 13.3495 106.5301 11.2857
v 10.1844 106.7866 11.2857
v 10.5918 111.6276 13.0000
v 13.3495 106.5301 11.2857
v 10.5918 111.6276 13.0000
v 13.8835 111.3595 13.0000
v 10.1844 106.7866 11.2857
v 7.0127 106.9741 11.2857
v 7.2932 111.8236 13.0000
v 10.1844 106.7866 11.2857
v 7.2932 111.8236 13.0000
v 10.5918 111.6276 13.0000
v 7.0127 106.9741 11.2857
v 3.8365 107.0924 11.2857
v 3.9900 111.9472 13.0000
v 7.0127 106.9741 11.2857
v 3.9900 111.9472 13.0000
v 7.2932 111.8236 13.0000
v 3.8365 107.0924 11.2857
v 0.6578 107.1414 11.2857
v 0.6841 111.9984 13.0000
v 3.8365 107.0924 11.2857
v 0.6841 111.9984 13.0000
v 3.9900 111.9472 13.0000
v 0.6578 107.1414 11.2857
v -2.5213 107.1211 11.2857
v -2.6222 111.9772 13.0000
v 0.6578 107.1414 11.2857
v -2.6222 111.9772 13.0000
v 0.6841 111.9984 13.0000
v -2.5213 107.1211 11.2857
v -5.6988 107.0314 11.2857
v -5.9268 111.8835 13.0000
v -2.5213 107.1211 11.2857
v -5.9268 111.8835 13.0000
v -2.6222 111.9772 13.0000
v -5.6988 107.0314 11.2857
v -8.8727 106.8726 11.2857
v -9.2276 111.7175 13.0000
v -5.6988 107.0314 11.2857
v -9.2276 111.7175 13.0000
v -5.9268 111.8835 13.0000
v -8.8727 106.8726 11.2857
v -12.0407 106.6446 11.2857
v -12.5224 111.4792 13.0000
v -8.8727 106.8726 11.2857
v -12.5224 111.4792 13.0000
v -9.2276 111.7175 13.0000
v -12.0407 106.6446 11.2857
v -15.2010 106.3477 11.2857
v -15.8091 111.1688 13.0000
v -12.0407 106.6446 11.2857
v -15.8091 111.1688 13.0000
v -12.5224 111.4792 13.0000
v -15.2010 106.3477 11.2857
v -18.3515 105.9819 11.2857
v -19.0855 110.7864 13.0000
v -15.2010 106.3477 11.2857
v -19.0855 110.7864 13.0000
v -15.8091 111.1688 13.0000
v -18.3515 105.9819 11.2857
v -21.4901 105.5476 11.2857
v -22.3497 110.3324 13.0000
v -18.3515 105.9819 11.2857
v -22.3497 110.3324 13.0000
v -19.0855 110.7864 13.0000
v -21.4901 105.5476 11.2857
v -24.6147 105.0450 11.2857
v -25.5993 109.8070 13.0000
v -21.4901 105.5476 11.2857
v -25.5993 109.8070 13.0000
v -22.3497 110.3324 13.0000
v -24.6147 105.0450 11.2857
v -27.7235 104.4745 11.2857
v -28.8324 109.2106 13.0000
v -24.6147 105.0450 11.2857
v -28.8324 109.2106 13.0000
v -25.5993 109.8070 13.0000
v -27.7235 104.4745 11.2857
v -30.8143 103.8363 11.2857
v -32.0469 108.5436 13.0000
v -27.7235 104.4745 11.2857
v -32.0469 108.5436 13.0000
v -28.8324 109.2106 13.0000
v -30.8143 103.8363 11.2857
v -33.8852 103.1310 11.2857
v -35.2406 107.8063 13.0000
v -30.8143 103.8363 11.2857
v -35.2406 107.8063 13.0000
v -32.0469 108.5436 13.0000
v -33.8852 103.1310 11.2857
v -36.9342 102.3590 11.2857
v -38.4115 106.9993 13.0000
v -33.8852 103.1310 11.2857
v -38.4115 106.9993 13.0000
v -35.2406 107.8063 13.0000
v -36.9342 102.3590 11.2857
v -39.9593 101.5208 11.2857
v -41.5576 106.1231 13.0000
v -36.9342 102.3590 11.2857
v -41.5576 106.1231 13.0000
v -38.4115 106.9993 13.0000
v -39.9593 101.5208 11.2857
v -42.9585 100.6169 11.2857
v -44.6768 105.1782 13.0000
v -39.9593 101.5208 11.2857
v -44.6768 105.1782 13.0000
v -41.5576 106.1231 13.0000
v -42.9585 100.6169 11.2857
v -45.9299 99.6479 11.2857
v -47.7671 104.1653 13.0000
v -42.9585 100.6169 11.2857
v -47.7671 104.1653 13.0000
v -44.6768 105.1782 13.0000
v -45.9299 99.6479 11.2857
v -48.8717 98.6145 11.2857
v -50.8265 103.0850 13.0000
v -45.9299 99.6479 11.2857
v -50.8265 103.0850 13.0000
v -47.7671 104.1653 13.0000
v -48.8717 98.6145 11.2857
v -51.7818 97.5173 11.2857
v -53.8531 101.9381 13.0000
v -48.8717 98.6145 11.2857
v -53.8531 101.9381 13.0000
v -50.8265 103.0850 13.0000
v -51.7818 97.5173 11.2857
v -54.6584 96.3570 11.2857
v -56.8447 100.7251 13.0000
v -51.7818 97.5173 11.2857
v -56.8447 100.7251 13.0000
v -53.8531 101.9381 13.0000
v -54.6584 96.3570 11.2857
v -57.4997 95.1343 11.2857
v -59.7997 99.4471 13.0000
v -54.6584 96.3570 11.2857
v -59.7997 99.4471 13.0000
v -56.8447 100.7251 13.0000
v -57.4997 95.1343 11.2857
v -60.3037 93.8501 11.2857
v -62.7159 98.1047 13.0000
v -57.4997 95.1343 11.2857
v -62.7159 98.1047 13.0000
v -59.7997 99.4471 13.0000
v -60.3037 93.8501 11.2857
v -63.0688 92.5052 11.2857
v -65.5915 96.6988 13.0000
v -60.3037 93.8501 11.2857
v -65.5915 96.6988 13.0000
v -62.7159 98.1047 13.0000
v -63.0688 92.5052 11.2857
v -65.7931 91.1005 11.2857
v -68.4248 95.2304 13.0000
v -63.0688 92.5052 11.2857
v -68.4248 95.2304 13.0000
v -65.5915 96.6988 13.0000
v -65.7931 91.1005 11.2857
v -68.4748 89.6369 11.2857
v -71.2137 93.7004 13.0000
v -65.7931 91.1005 11.2857
v -71.2137 93.7004 13.0000
v -68.4248 95.2304 13.0000
v -68.4748 89.6369 11.2857
v -71.1122 88.1152 11.2857
v -73.9566 92.1098 13.0000
v -68.4748 89.6369 11.2857
v -73.9566 92.1098 13.0000
v -71.2137 93.7004 13.0000
v -71.1122 88.1152 11.2857
v -73.7036 86.5366 11.2857
v -76.6517 90.4595 13.0000
v -71.1122 88.1152 11.2857
v -76.6517 90.4595 13.0000
v -73.9566 92.1098 13.0000
v -73.7036 86.5366 11.2857
v -76.2473 84.9019 11.2857
v -79.2972 88.7508 13.0000
v -73.7036 86.5366 11.2857
v -79.2972 88.7508 13.0000
v -76.6517 90.4595 13.0000
v -76.2473 84.9019 11.2857
v -78.7417 83.2124 11.2857
v -81.8914 86.9847 13.0000
v -76.2473 84.9019 11.2857
v -81.8914 86.9847 13.0000
v -79.2972 88.7508 13.0000
v -78.7417 83.2124 11.2857
v -81.1852 81.4690 11.2857
v -84.4326 85.1623 13.0000
v -78.7417 83.2124 11.2857
v -84.4326 85.1623 13.0000
v -81.8914 86.9847 13.0000
v -81.1852 81.4690 11.2857
v -83.5761 79.6729 11.2857
v -86.9192 83.2848 13.0000
v -81.1852 81.4690 11.2857
v -86.9192 83.2848 13.0000
v -84.4326 85.1623 13.0000
v -83.5761 79.6729 11.2857
v -85.9130 77.8253 11.2857
v -89.3495 81.3534 13.0000
v -83.5761 79.6729 11.2857
v -89.3495 81.3534 13.0000
v -86.9192 83.2848 13.0000
v -85.9130 77.8253 11.2857
v -88.1943 75.9274 11.2857
v -91.7221 79.3694 13.0000
v -85.9130 77.8253 11.2857
v -91.7221 79.3694 13.0000
v -89.3495 81.3534 13.0000
v -88.1943 75.9274 11.2857
v -90.4186 73.9803 11.2857
v -94.0353 77.3341 13.0000
v -88.1943 75.9274 11.2857
v -94.0353 77.3341 13.0000
v -91.7221 79.3694 13.0000
v -90.4186 73.9803 11.2857
v -92.5844 71.9854 11.2857
v -96.2877 75.2487 13.0000
v -90.4186 73.9803 11.2857
v -96.2877 75.2487 13.0000
v -94.0353 77.3341 13.0000
v -92.5844 71.9854 11.2857
v -94.6903 69.9439 11.2857
v -98.4779 73.1147 13.0000
v -92.5844 71.9854 11.2857
v -98.4779 73.1147 13.0000
v -96.2877 75.2487 13.0000
v -94.6903 69.9439 11.2857
v -96.7349 67.8571 11.2857
v -100.6043 70.9333 13.0000
v -94.6903 69.9439 11.2857
v -100.6043 70.9333 13.0000
v -98.4779 73.1147 13.0000
v -96.7349 67.8571 11.2857
v -98.7169 65.7265 11.2857
v -102.6656 68.7061 13.0000
v -96.7349 67.8571 11.2857
v -102.6656 68.7061 13.0000
v -100.6043 70.9333 13.0000
v -98.7169 65.7265 11.2857
v -100.6351 63.5534 11.2857
v -104.6605 66.4344 13.0000
v -98.7169 65.7265 11.2857
v -104.6605 66.4344 13.0000
v -102.6656 68.7061 13.0000
v -100.6351 63.5534 11.2857
v -102.4882 61.3391 11.2857
v -106.5878 64.1198 13.0000
v -100.6351 63.5534 11.2857
v -106.5878 64.1198 13.0000
v -104.6605 66.4344 13.0000
v -102.4882 61.3391 11.2857
v -104.2750 59.0852 11.2857
v -108.4460 61.7637 13.0000
v -102.4882 61.3391 11.2857
v -108.4460 61.7637 13.0000
v -106.5878 64.1198 13.0000
v -104.2750 59.0852 11.2857
v -105.9944 56.7930 11.2857
v -110.2342 59.3676 13.0000
v -104.2750 59.0852 11.2857
v -110.2342 59.3676 13.0000
v -108.4460 61.7637 13.0000
v -105.9944 56.7930 11.2857
v -107.6452 54.4641 11.2857
v -111.9510 56.9331 13.0000
v -105.9944 56.7930 11.2857
v -111.9510 56.9331 13.0000
v -110.2342 59.3676 13.0000
v -107.6452 54.4641 11.2857
v -109.2263 52.1000 11.2857
v -113.5954 54.4618 13.0000
v -107.6452 54.4641 11.2857
v -113.5954 54.4618 13.0000
v -111.9510 56.9331 13.0000
v -109.2263 52.1000 11.2857
v -110.7368 49.7021 11.2857
v -115.1663 51.9553 13.0000
v -109.2263 52.1000 11.2857
v -115.1663 51.9553 13.0000
v -113.5954 54.4618 13.0000
v -110.7368 49.7021 11.2857
v -112.1757 47.2722 11.2857
v -116.6627 49.4152 13.0000
v -110.7368 49.7021 11.2857
v -116.6627 49.4152 13.0000
v -115.1663 51.9553 13.0000
v -112.1757 47.2722 11.2857
v -113.5420 44.8116 11.2857
v -118.0837 46.8431 13.0000
v -112.1757 47.2722 11.2857
v -118.0837 46.8431 13.0000
v -116.6627 49.4152 13.0000
v -113.5420 44.8116 11.2857
v -114.8348 42.3220 11.2857
v -119.4282 44.2406 13.0000
v -113.5420 44.8116 11.2857
v -119.4282 44.2406 13.0000
v -118.0837 46.8431 13.0000
v -114.8348 42.3220 11.2857
v -116.0534 39.8051 11.2857
v -120.6955 41.6096 13.0000
v -114.8348 42.3220 11.2857
v -120.6955 41.6096 13.0000
v -119.4282 44.2406 13.0000
v -116.0534 39.8051 11.2857
v -117.1969 37.2624 11.2857
v -121.8848 38.9517 13.0000
v -116.0534 39.8051 11.2857
v -121.8848 38.9517 13.0000
v -120.6955 41.6096 13.0000
v -117.1969 37.2624 11.2857
v -118.2646 34.6957 11.2857
v -122.9952 36.2685 13.0000
v -117.1969 37.2624 11.2857
v -122.9952 36.2685 13.0000
v -121.8848 38.9517 13.0000
v -118.2646 34.6957 11.2857
v -119.2558 32.1064 11.2857
v -124.0260 33.5619 13.0000
v -118.2646 34.6957 11.2857
v -124.0260 33.5619 13.0000
v -122.9952 36.2685 13.0000
v -119.2558 32.1064 11.2857
v -120.1698 29.4964 11.2857
v -124.9766 30.8336 13.0000
v -119.2558 32.1064 11.2857
v -124.9766 30.8336 13.0000
v -124.0260 33.5619 13.0000
v -120.1698 29.4964 11.2857
v -121.0061 26.8674 11.2857
v -125.8463 28.0854 13.0000
v -120.1698 29.4964 11.2857
v -125.8463 28.0854 13.0000
v -124.9766 30.8336 13.0000
v -121.0061 26.8674 11.2857
v -121.7641 24.2209 11.2857
v -126.6347 25.3189 13.0000
v -121.0061 26.8674 11.2857
v -126.6347 25.3189 13.0000
v -125.8463 28.0854 13.0000
v -121.7641 24.2209 11.2857
v -122.4434 21.5588 11.2857
v -127.3411 22.5361 13.0000
v -121.7641 24.2209 11.2857
v -127.3411 22.5361 13.0000
v -126.6347 25.3189 13.0000
v -122.4434 21.5588 11.2857
v -123.0434 18.8827 11.2857
v -127.9652 19.7387 13.0000
v -122.4434 21.5588 11.2857
v -127.9652 19.7387 13.0000
v -127.3411 22.5361 13.0000
v -123.0434 18.8827 11.2857
v -123.5639 16.1944 11.2857
v -128.5064 16.9286 13.0000
v -123.0434 18.8827 11.2857
v -128.5064 16.9286 13.0000
v -127.9652 19.7387 13.0000
v -123.5639 16.1944 11.2857
v -124.0044 13.4957 11.2857
v -128.9646 14.1075 13.0000
v -123.5639 16.1944 11.2857
v -128.9646 14.1075 13.0000
v -128.5064 16.9286 13.0000
v -124.0044 13.4957 11.2857
v -124.3647 10.7882 11.2857
v -129.3393 11.2773 13.0000
v -124.0044 13.4957 11.2857
v -129.3393 11.2773 13.0000
v -128.9646 14.1075 13.0000
v -124.3647 10.7882 11.2857
v -124.6446 8.0737 11.2857
v -129.6304 8.4397 13.0000
v -124.3647 10.7882 11.2857
v -129.6304 8.4397 13.0000
v -129.3393 11.2773 13.0000
v -124.6446 8.0737 11.2857
v -124.8438 5.3540 11.2857
v -129.8376 5.5968 13.0000
v -124.6446 8.0737 11.2857
v -129.8376 5.5968 13.0000
v -129.6304 8.4397 13.0000
v -124.8438 5.3540 11.2857
v -124.9623 2.6309 11.2857
v -129.9608 2.7502 13.0000
v -124.8438 5.3540 11.2857
v -129.9608 2.7502 13.0000
v -129.8376 5.5968 13.0000
v -124.9623 2.6309 11.2857
v -125.0000 -0.0940 11.2857
v -130.0000 -0.0982 13.0000
v -124.9623 2.6309 11.2857
v -130.0000 -0.0982 13.0000
v -129.9608 2.7502 13.0000
v -125.0000 -0.0940 11.2857
v -124.9567 -2.8188 11.2857
v -129.9550 -2.9465 13.0000
v -125.0000 -0.0940 11.2857
v -129.9550 -2.9465 13.0000
v -130.0000 -0.0982 13.0000
v -124.9567 -2.8188 11.2857
v -124.8327 -5.5417 11.2857
v -129.8260 -5.7930 13.0000
v -124.9567 -2.8188 11.2857
v -129.8260 -5.7930 13.0000
v -129.9550 -2.9465 13.0000
v -124.8327 -5.5417 11.2857
v -124.6279 -8.2611 11.2857
v -129.6130 -8.6356 13.0000
v -124.8327 -5.5417 11.2857
v -129.6130 -8.6356 13.0000
v -129.8260 -5.7930 13.0000
v -124.6279 -8.2611 11.2857
v -124.3425 -10.9752 11.2857
v -129.3162 -11.4727 13.0000
v -124.6279 -8.2611 11.2857
v -129.3162 -11.4727 13.0000
v -129.6130 -8.6356 13.0000
v -124.3425 -10.9752 11.2857
v -123.9766 -13.6821 11.2857
v -128.9357 -14.3024 13.0000
v -124.3425 -10.9752 11.2857
v -128.9357 -14.3024 13.0000
v -129.3162 -11.4727 13.0000
v -123.9766 -13.6821 11.2857
v -123.5306 -16.3802 11.2857
v -128.4718 -17.1228 13.0000
v -123.9766 -13.6821 11.2857
v -128.4718 -17.1228 13.0000
v -128.9357 -14.3024 13.0000
v -123.5306 -16.3802 11.2857
v -123.0046 -19.0677 11.2857
v -127.9248 -19.9321 13.0000
v -123.5306 -16.3802 11.2857
v -127.9248 -19.9321 13.0000
v -128.4718 -17.1228 13.0000
v -123.0046 -19.0677 11.2857
v -122.3991 -21.7429 11.2857
v -127.2950 -22.7285 13.0000
v -123.0046 -19.0677 11.2857
v -127.2950 -22.7285 13.0000
v -127.9248 -19.9321 13.0000
v -122.3991 -21.7429 11.2857
v -121.7144 -24.4039 11.2857
v -126.5829 -25.5103 13.0000
v -122.3991 -21.7429 11.2857
v -126.5829 -25.5103 13.0000
v -127.2950 -22.7285 13.0000
v -121.7144 -24.4039 11.2857
v -120.9509 -27.0493 11.2857
v -125.7890 -28.2755 13.0000
v -121.7144 -24.4039 11.2857
v -125.7890 -28.2755 13.0000
v -126.5829 -25.5103 13.0000
v -120.9509 -27.0493 11.2857
v -120.1092 -29.6771 11.2857
v -124.9136 -31.0224 13.0000
v -120.9509 -27.0493 11.2857
v -124.9136 -31.0224 13.0000
v -125.7890 -28.2755 13.0000
v -120.1092 -29.6771 11.2857
v -119.1899 -32.2857 11.2857
v -123.9575 -33.7493 13.0000
v -120.1092 -29.6771 11.2857
v -123.9575 -33.7493 13.0000
v -124.9136 -31.0224 13.0000
v -119.1899 -32.2857 11.2857
v -118.1934 -34.8734 11.2857
v -122.9211 -36.4543 13.0000
v -119.1899 -32.2857 11.2857
v -122.9211 -36.4543 13.0000
v -123.9575 -33.7493 13.0000
v -118.1934 -34.8734 11.2857
v -117.1205 -37.4386 11.2857
v -121.8053 -39.1358 13.0000
v -118.1934 -34.8734 11.2857
v -121.8053 -39.1358 13.0000
v -122.9211 -36.4543 13.0000
v -117.1205 -37.4386 11.2857
v -115.9718 -39.9795 11.2857
v -120.6106 -41.7919 13.0000
v -117.1205 -37.4386 11.2857
v -120.6106 -41.7919 13.0000
v -121.8053 -39.1358 13.0000
v -115.9718 -39.9795 11.2857
v -114.7480 -42.4946 11.2857
v -119.3380 -44.4211 13.0000
v -115.9718 -39.9795 11.2857
v -119.3380 -44.4211 13.0000
v -120.6106 -41.7919 13.0000
v -114.7480 -42.4946 11.2857
v -113.4501 -44.9822 11.2857
v -117.9881 -47.0214 13.0000
v -114.7480 -42.4946 11.2857
v -117.9881 -47.0214 13.0000
v -119.3380 -44.4211 13.0000
v -113.4501 -44.9822 11.2857
v -112.0788 -47.4407 11.2857
v -116.5619 -49.5914 13.0000
v -113.4501 -44.9822 11.2857
v -116.5619 -49.5914 13.0000
v -117.9881 -47.0214 13.0000
v -112.0788 -47.4407 11.2857
v -110.6349 -49.8686 11.2857
v -115.0603 -52.1293 13.0000
v -112.0788 -47.4407 11.2857
v -115.0603 -52.1293 13.0000
v -116.5619 -49.5914 13.0000
v -110.6349 -49.8686 11.2857
v -109.1195 -52.2641 11.2857
v -113.4843 -54.6334 13.0000
v -110.6349 -49.8686 11.2857
v -113.4843 -54.6334 13.0000
v -115.0603 -52.1293 13.0000
v -109.1195 -52.2641 11.2857
v -107.5336 -54.6259 11.2857
v -111.8349 -57.1022 13.0000
v -109.1195 -52.2641 11.2857
v -111.8349 -57.1022 13.0000
v -113.4843 -54.6334 13.0000
v -107.5336 -54.6259 11.2857
v -105.8780 -56.9523 11.2857
v -110.1131 -59.5341 13.0000
v -107.5336 -54.6259 11.2857
v -110.1131 -59.5341 13.0000
v -111.8349 -57.1022 13.0000
v -105.8780 -56.9523 11.2857
v -104.1540 -59.2419 11.2857
v -108.3201 -61.9275 13.0000
v -105.8780 -56.9523 11.2857
v -108.3201 -61.9275 13.0000
v -110.1131 -59.5341 13.0000
v -104.1540 -59.2419 11.2857
v -102.3626 -61.4931 11.2857
v -106.4571 -64.2808 13.0000
v -104.1540 -59.2419 11.2857
v -106.4571 -64.2808 13.0000
v -108.3201 -61.9275 13.0000
v -102.3626 -61.4931 11.2857
v -100.5049 -63.7046 11.2857
v -104.5251 -66.5925 13.0000
v -102.3626 -61.4931 11.2857
v -104.5251 -66.5925 13.0000
v -106.4571 -64.2808 13.0000
v -100.5049 -63.7046 11.2857
v -98.5823 -65.8748 11.2857
v -102.5256 -68.8612 13.0000
v -100.5049 -63.7046 11.2857
v -102.5256 -68.8612 13.0000
v -104.5251 -66.5925 13.0000
v -98.5823 -65.8748 11.2857
v -96.5959 -68.0025 11.2857
v -100.4597 -71.0853 13.0000
v -98.5823 -65.8748 11.2857
v -100.4597 -71.0853 13.0000
v -102.5256 -68.8612 13.0000
v -96.5959 -68.0025 11.2857
v -94.5470 -70.0861 11.2857
v -98.3289 -73.2634 13.0000
v -96.5959 -68.0025 11.2857
v -98.3289 -73.2634 13.0000
v -100.4597 -71.0853 13.0000
v -94.5470 -70.0861 11.2857
v -92.4369 -72.1245 11.2857
v -96.1344 -75.3941 13.0000
v -94.5470 -70.0861 11.2857
v -96.1344 -75.3941 13.0000
v -98.3289 -73.2634 13.0000
v -92.4369 -72.1245 11.2857
v -90.2671 -74.1161 11.2857
v -93.8777 -77.4761 13.0000
v -92.4369 -72.1245 11.2857
v -93.8777 -77.4761 13.0000
v -96.1344 -75.3941 13.0000
v -90.2671 -74.1161 11.2857
v -88.0388 -76.0599 11.2857
v -91.5604 -79.5079 13.0000
v -90.2671 -74.1161 11.2857
v -91.5604 -79.5079 13.0000
v -93.8777 -77.4761 13.0000
v -88.0388 -76.0599 11.2857
v -85.7536 -77.9544 11.2857
v -89.1838 -81.4883 13.0000
v -88.0388 -76.0599 11.2857
v -89.1838 -81.4883 13.0000
v -91.5604 -79.5079 13.0000
v -85.7536 -77.9544 11.2857
v -83.4130 -79.7985 11.2857
v -86.7495 -83.4160 13.0000
v -85.7536 -77.9544 11.2857
v -86.7495 -83.4160 13.0000
v -89.1838 -81.4883 13.0000
v -83.4130 -79.7985 11.2857
v -81.0183 -81.5910 11.2857
v -84.2591 -85.2897 13.0000
v -83.4130 -79.7985 11.2857
v -84.2591 -85.2897 13.0000
v -86.7495 -83.4160 13.0000
v -81.0183 -81.5910 11.2857
v -78.5713 -83.3307 11.2857
v -81.7141 -87.1083 13.0000
v -81.0183 -81.5910 11.2857
v -81.7141 -87.1083 13.0000
v -84.2591 -85.2897 13.0000
v -78.5713 -83.3307 11.2857
v -76.0734 -85.0164 11.2857
v -79.1164 -88.8705 13.0000
v -78.5713 -83.3307 11.2857
v -79.1164 -88.8705 13.0000
v -81.7141 -87.1083 13.0000
v -76.0734 -85.0164 11.2857
v -73.5264 -86.6472 11.2857
v -76.4674 -90.5752 13.0000
v -76.0734 -85.0164 11.2857
v -76.4674 -90.5752 13.0000
v -79.1164 -88.8705 13.0000
v -73.5264 -86.6472 11.2857
v -70.9317 -88.2220 11.2857
v -73.7690 -92.2214 13.0000
v -73.5264 -86.6472 11.2857
v -73.7690 -92.2214 13.0000
v -76.4674 -90.5752 13.0000
v -70.9317 -88.2220 11.2857
v -68.2912 -89.7397 11.2857
v -71.0229 -93.8079 13.0000
v -70.9317 -88.2220 11.2857
v -71.0229 -93.8079 13.0000
v -73.7690 -92.2214 13.0000
v -68.2912 -89.7397 11.2857
v -65.6065 -91.1993 11.2857
v -68.2308 -95.3337 13.0000
v -68.2912 -89.7397 11.2857
v -68.2308 -95.3337 13.0000
v -71.0229 -93.8079 13.0000
v -65.6065 -91.1993 11.2857
v -62.8794 -92.5999 11.2857
v -65.3946 -96.7978 13.0000
v -65.6065 -91.1993 11.2857
v -65.3946 -96.7978 13.0000
v -68.2308 -95.3337 13.0000
v -62.8794 -92.5999 11.2857
v -60.1116 -93.9407 11.2857
v -62.5160 -98.1993 13.0000
v -62.8794 -92.5999 11.2857
v -62.5160 -98.1993 13.0000
v -65.3946 -96.7978 13.0000
v -60.1116 -93.9407 11.2857
v -57.3049 -95.2206 11.2857
v -59.5971 -99.5373 13.0000
v -60.1116 -93.9407 11.2857
v -59.5971 -99.5373 13.0000
v -62.5160 -98.1993 13.0000
v -57.3049 -95.2206 11.2857
v -54.4611 -96.4390 11.2857
v -56.6396 -100.8109 13.0000
v -57.3049 -95.2206 11.2857
v -56.6396 -100.8109 13.0000
v -59.5971 -99.5373 13.0000
v -54.4611 -96.4390 11.2857
v -51.5821 -97.5950 11.2857
v -53.6454 -102.0193 13.0000
v -54.4611 -96.4390 11.2857
v -53.6454 -102.0193 13.0000
v -56.6396 -100.8109 13.0000
v -51.5821 -97.5950 11.2857
v -48.6698 -98.6878 11.2857
v -50.6166 -103.1617 13.0000
v -51.5821 -97.5950 11.2857
v -50.6166 -103.1617 13.0000
v -53.6454 -102.0193 13.0000
v -48.6698 -98.6878 11.2857
v -45.7259 -99.7168 11.2857
v -47.5550 -104.2373 13.0000
v -48.6698 -98.6878 11.2857
v -47.5550 -104.2373 13.0000
v -50.6166 -103.1617 13.0000
v -45.7259 -99.7168 11.2857
v -42.7525 -100.6814 11.2857
v -44.4626 -105.2456 13.0000
v -45.7259 -99.7168 11.2857
v -44.4626 -105.2456 13.0000
v -47.5550 -104.2373 13.0000
v 120.1465 18.0594 24.0000
v 119.6525 20.3034 24.0000
v 123.8558 21.1401 26.8571
v 120.1465 18.0594 24.0000
v 123.8558 21.1401 26.8571
v 124.3672 18.8036 26.8571
v 119.6525 20.3034 24.0000
v 119.1009 22.5376 24.0000
v 123.2847 23.4663 26.8571
v 119.6525 20.3034 24.0000
v 123.2847 23.4663 26.8571
v 123.8558 21.1401 26.8571
v 119.1009 22.5376 24.0000
v 118.4918 24.7609 24.0000
v 122.6543 25.7813 26.8571
v 119.1009 22.5376 24.0000
v 122.6543 25.7813 26.8571
v 123.2847 23.4663 26.8571
v 118.4918 24.7609 24.0000
v 117.8256 26.9723 24.0000
v 121.9647 28.0838 26.8571
v 118.4918 24.7609 24.0000
v 121.9647 28.0838 26.8571
v 122.6543 25.7813 26.8571
v 117.8256 26.9723 24.0000
v 117.1026 29.1707 24.0000
v 121.2163 30.3728 26.8571
v 117.8256 26.9723 24.0000
v 121.2163 30.3728 26.8571
v 121.9647 28.0838 26.8571
v 117.1026 29.1707 24.0000
v 116.3232 31.3550 24.0000
v 120.4095 32.6472 26.8571
v 117.1026 29.1707 24.0000
v 120.4095 32.6472 26.8571
v 121.2163 30.3728 26.8571
v 116.3232 31.3550 24.0000
v 115.4878 33.5243 24.0000
v 119.5447 34.9058 26.8571
v 116.3232 31.3550 24.0000
v 119.5447 34.9058 26.8571
v 120.4095 32.6472 26.8571
v 115.4878 33.5243 24.0000
v 114.5966 35.6773 24.0000
v 118.6223 37.1476 26.8571
v 115.4878 33.5243 24.0000
v 118.6223 37.1476 26.8571
v 119.5447 34.9058 26.8571
v 114.5966 35.6773 24.0000
v 113.6503 37.8132 24.0000
v 117.6427 39.3715 26.8571
v 114.5966 35.6773 24.0000
v 117.6427 39.3715 26.8571
v 118.6223 37.1476 26.8571
v 113.6503 37.8132 24.0000
v 112.6491 39.9309 24.0000
v 116.6064 41.5764 26.8571
v 113.6503 37.8132 24.0000
v 116.6064 41.5764 26.8571
v 117.6427 39.3715 26.8571
v 112.6491 39.9309 24.0000
v 111.5937 42.0293 24.0000
v 115.5139 43.7613 26.8571
v 112.6491 39.9309 24.0000
v 115.5139 43.7613 26.8571
v 116.6064 41.5764 26.8571
v 111.5937 42.0293 24.0000
v 110.4845 44.1074 24.0000
v 114.3657 45.9250 26.8571
v 111.5937 42.0293 24.0000
v 114.3657 45.9250 26.8571
v 115.5139 43.7613 26.8571
v 110.4845 44.1074 24.0000
v 109.3221 46.1643 24.0000
v 113.1624 48.0667 26.8571
v 110.4845 44.1074 24.0000
v 113.1624 48.0667 26.8571
v 114.3657 45.9250 26.8571
v 109.3221 46.1643 24.0000
v 108.1069 48.1990 24.0000
v 111.9046 50.1852 26.8571
v 109.3221 46.1643 24.0000
v 111.9046 50.1852 26.8571
v 113.1624 48.0667 26.8571
v 108.1069 48.1990 24.0000
v 106.8397 50.2104 24.0000
v 110.5928 52.2795 26.8571
v 108.1069 48.1990 24.0000
v 110.5928 52.2795 26.8571
v 111.9046 50.1852 26.8571
v 106.8397 50.2104 24.0000
v 105.5209 52.1976 24.0000
v 109.2278 54.3486 26.8571
v 106.8397 50.2104 24.0000
v 109.2278 54.3486 26.8571
v 110.5928 52.2795 26.8571
v 105.5209 52.1976 24.0000
v 104.1513 54.1597 24.0000
v 107.8100 56.3915 26.8571
v 105.5209 52.1976 24.0000
v 107.8100 56.3915 26.8571
v 109.2278 54.3486 26.8571
v 104.1513 54.1597 24.0000
v 102.7315 56.0956 24.0000
v 106.3404 58.4073 26.8571
v 104.1513 54.1597 24.0000
v 106.3404 58.4073 26.8571
v 107.8100 56.3915 26.8571
v 102.7315 56.0956 24.0000
v 101.2622 58.0045 24.0000
v 104.8195 60.3948 26.8571
v 102.7315 56.0956 24.0000
v 104.8195 60.3948 26.8571
v 106.3404 58.4073 26.8571
v 101.2622 58.0045 24.0000
v 99.7441 59.8855 24.0000
v 103.2480 62.3533 26.8571
v 101.2622 58.0045 24.0000
v 103.2480 62.3533 26.8571
v 104.8195 60.3948 26.8571
v 99.7441 59.8855 24.0000
v 98.1780 61.7376 24.0000
v 101.6268 64.2817 26.8571
v 99.7441 59.8855 24.0000
v 101.6268 64.2817 26.8571
v 103.2480 62.3533 26.8571
v 98.1780 61.7376 24.0000
v 96.5645 63.5600 24.0000
v 99.9567 66.1792 26.8571
v 98.1780 61.7376 24.0000
v 99.9567 66.1792 26.8571
v 101.6268 64.2817 26.8571
v 96.5645 63.5600 24.0000
v 94.9044 65.3517 24.0000
v 98.2383 68.0447 26.8571
v 96.5645 63.5600 24.0000
v 98.2383 68.0447 26.8571
v 99.9567 66.1792 26.8571
v 94.9044 65.3517 24.0000
v 93.1987 67.1119 24.0000
v 96.4726 69.8775 26.8571
v 94.9044 65.3517 24.0000
v 96.4726 69.8775 26.8571
v 98.2383 68.0447 26.8571
v 93.1987 67.1119 24.0000
v 91.4480 68.8398 24.0000
v 94.6604 71.6766 26.8571
v 93.1987 67.1119 24.0000
v 94.6604 71.6766 26.8571
v 96.4726 69.8775 26.8571
v 91.4480 68.8398 24.0000
v 89.6532 70.5345 24.0000
v 92.8026 73.4411 26.8571
v 91.4480 68.8398 24.0000
v 92.8026 73.4411 26.8571
v 94.6604 71.6766 26.8571
v 89.6532 70.5345 24.0000
v 87.8153 72.1952 24.0000
v 90.9001 75.1703 26.8571
v 89.6532 70.5345 24.0000
v 90.9001 75.1703 26.8571
v 92.8026 73.4411 26.8571
v 87.8153 72.1952 24.0000
v 85.9350 73.8211 24.0000
v 88.9538 76.8632 26.8571
v 87.8153 72.1952 24.0000
v 88.9538 76.8632 26.8571
v 90.9001 75.1703 26.8571
v 85.9350 73.8211 24.0000
v 84.0133 75.4114 24.0000
v 86.9645 78.5190 26.8571
v 85.9350 73.8211 24.0000
v 86.9645 78.5190 26.8571
v 88.9538 76.8632 26.8571
v 84.0133 75.4114 24.0000
v 82.0511 76.9654 24.0000
v 84.9334 80.1371 26.8571
v 84.0133 75.4114 24.0000
v 84.9334 80.1371 26.8571
v 86.9645 78.5190 26.8571
v 82.0511 76.9654 24.0000
v 80.0493 78.4823 24.0000
v 82.8613 81.7165 26.8571
v 82.0511 76.9654 24.0000
v 82.8613 81.7165 26.8571
v 84.9334 80.1371 26.8571
v 80.0493 78.4823 24.0000
v 78.0090 79.9614 24.0000
v 80.7493 83.2565 26.8571
v 80.0493 78.4823 24.0000
v 80.7493 83.2565 26.8571
v 82.8613 81.7165 26.8571
v 78.0090 79.9614 24.0000
v 75.9311 81.4019 24.0000
v 78.5984 84.7564 26.8571
v 78.0090 79.9614 24.0000
v 78.5984 84.7564 26.8571
v 80.7493 83.2565 26.8571
v 75.9311 81.4019 24.0000
v 73.8165 82.8032 24.0000
v 76.4096 86.2154 26.8571
v 75.9311 81.4019 24.0000
v 76.4096 86.2154 26.8571
v 78.5984 84.7564 26.8571
v 73.8165 82.8032 24.0000
v 71.6665 84.1646 24.0000
v 74.1840 87.6329 26.8571
v 73.8165 82.8032 24.0000
v 74.1840 87.6329 26.8571
v 76.4096 86.2154 26.8571
v 71.6665 84.1646 24.0000
v 69.4818 85.4854 24.0000
v 71.9226 89.0082 26.8571
v 71.6665 84.1646 24.0000
v 71.9226 89.0082 26.8571
v 74.1840 87.6329 26.8571
v 69.4818 85.4854 24.0000
v 67.2637 86.7651 24.0000
v 69.6266 90.3405 26.8571
v 69.4818 85.4854 24.0000
v 69.6266 90.3405 26.8571
v 71.9226 89.0082 26.8571
v 67.2637 86.7651 24.0000
v 65.0132 88.0029 24.0000
v 67.2970 91.6294 26.8571
v 67.2637 86.7651 24.0000
v 67.2970 91.6294 26.8571
v 69.6266 90.3405 26.8571
v 65.0132 88.0029 24.0000
v 62.7313 89.1983 24.0000
v 64.9350 92.8740 26.8571
v 65.0132 88.0029 24.0000
v 64.9350 92.8740 26.8571
v 67.2970 91.6294 26.8571
v 62.7313 89.1983 24.0000
v 60.4192 90.3507 24.0000
v 62.5417 94.0739 26.8571
v 62.7313 89.1983 24.0000
v 62.5417 94.0739 26.8571
v 64.9350 92.8740 26.8571
v 60.4192 90.3507 24.0000
v 58.0780 91.4596 24.0000
v 60.1182 95.2285 26.8571
v 60.4192 90.3507 24.0000
v 60.1182 95.2285 26.8571
v 62.5417 94.0739 26.8571
v 58.0780 91.4596 24.0000
v 55.7088 92.5243 24.0000
v 57.6657 96.3372 26.8571
v 58.0780 91.4596 24.0000
v 57.6657 96.3372 26.8571
v 60.1182 95.2285 26.8571
v 55.7088 92.5243 24.0000
v 53.3127 93.5445 24.0000
v 55.1855 97.3994 26.8571
v 55.7088 92.5243 24.0000
v 55.1855 97.3994 26.8571
v 57.6657 96.3372 26.8571
v 53.3127 93.5445 24.0000
v 50.8910 94.5196 24.0000
v 52.6787 98.4147 26.8571
v 53.3127 93.5445 24.0000
v 52.6787 98.4147 26.8571
v 55.1855 97.3994 26.8571
v 50.8910 94.5196 24.0000
v 48.4447 95.4492 24.0000
v 50.1465 99.3825 26.8571
v 50.8910 94.5196 24.0000
v 50.1465 99.3825 26.8571
v 52.6787 98.4147 26.8571
v 48.4447 95.4492 24.0000
v 45.9750 96.3328 24.0000
v 47.5901 100.3025 26.8571
v 48.4447 95.4492 24.0000
v 47.5901 100.3025 26.8571
v 50.1465 99.3825 26.8571
v 45.9750 96.3328 24.0000
v 43.4833 97.1699 24.0000
v 45.0108 101.1741 26.8571
v 45.9750 96.3328 24.0000
v 45.0108 101.1741 26.8571
v 47.5901 100.3025 26.8571
v 43.4833 97.1699 24.0000
v 40.9705 97.9602 24.0000
v 42.4098 101.9970 26.8571
v 43.4833 97.1699 24.0000
v 42.4098 101.9970 26.8571
v 45.0108 101.1741 26.8571
v 40.9705 97.9602 24.0000
v 38.4380 98.7033 24.0000
v 39.7883 102.7707 26.8571
v 40.9705 97.9602 24.0000
v 39.7883 102.7707 26.8571
v 42.4098 101.9970 26.8571
v 38.4380 98.7033 24.0000
v 35.8870 99.3988 24.0000
v 37.1477 103.4949 26.8571
v 38.4380 98.7033 24.0000
v 37.1477 103.4949 26.8571
v 39.7883 102.7707 26.8571
v 35.8870 99.3988 24.0000
v 33.3187 100.0464 24.0000
v 34.4891 104.1692 26.8571
v 35.8870 99.3988 24.0000
v 34.4891 104.1692 26.8571
v 37.1477 103.4949 26.8571
v 33.3187 100.0464 24.0000
v 30.7343 100.6458 24.0000
v 31.8140 104.7933 26.8571
v 33.3187 100.0464 24.0000
v 31.8140 104.7933 26.8571
v 34.4891 104.1692 26.8571
v 30.7343 100.6458 24.0000
v 28.1351 101.1967 24.0000
v 29.1235 105.3669 26.8571
v 30.7343 100.6458 24.0000
v 29.1235 105.3669 26.8571
v 31.8140 104.7933 26.8571
v 28.1351 101.1967 24.0000
v 25.5224 101.6988 24.0000
v 26.4190 105.8897 26.8571
v 28.1351 101.1967 24.0000
v 26.4190 105.8897 26.8571
v 29.1235 105.3669 26.8571
v 25.5224 101.6988 24.0000
v 22.8974 102.1519 24.0000
v 23.7017 106.3614 26.8571
v 25.5224 101.6988 24.0000
v 23.7017 106.3614 26.8571
v 26.4190 105.8897 26.8571
v 22.8974 102.1519 24.0000
v 20.2613 102.5557 24.0000
v 20.9730 106.7819 26.8571
v 22.8974 102.1519 24.0000
v 20.9730 106.7819 26.8571
v 23.7017 106.3614 26.8571
v 20.2613 102.5557 24.0000
v 17.6154 102.9102 24.0000
v 18.2342 107.1510 26.8571
v 20.2613 102.5557 24.0000
v 18.2342 107.1510 26.8571
v 20.9730 106.7819 26.8571
v 17.6154 102.9102 24.0000
v 14.9611 103.2150 24.0000
v 15.4867 107.4684 26.8571
v 17.6154 102.9102 24.0000
v 15.4867 107.4684 26.8571
v 18.2342 107.1510 26.8571
v 14.9611 103.2150 24.0000
v 12.2996 103.4701 24.0000
v 12.7316 107.7340 26.8571
v 14.9611 103.2150 24.0000
v 12.7316 107.7340 26.8571
v 15.4867 107.4684 26.8571
v 12.2996 103.4701 24.0000
v 9.6321 103.6754 24.0000
v 9.9704 107.9477 26.8571
v 12.2996 103.4701 24.0000
v 9.9704 107.9477 26.8571
v 12.7316 107.7340 26.8571
v 9.6321 103.6754 24.0000
v 6.9600 103.8306 24.0000
v 7.2045 108.1094 26.8571
v 9.6321 103.6754 24.0000
v 7.2045 108.1094 26.8571
v 9.9704 107.9477 26.8571
v 6.9600 103.8306 24.0000
v 4.2845 103.9358 24.0000
v 4.4350 108.2189 26.8571
v 6.9600 103.8306 24.0000
v 4.4350 108.2189 26.8571
v 7.2045 108.1094 26.8571
v 4.2845 103.9358 24.0000
v 1.6070 103.9910 24.0000
v 1.6634 108.2763 26.8571
v 4.2845 103.9358 24.0000
v 1.6634 108.2763 26.8571
v 4.4350 108.2189 26.8571
v 1.6070 103.9910 24.0000
v -1.0713 103.9960 24.0000
v -1.1090 108.2815 26.8571
v 1.6070 103.9910 24.0000
v -1.1090 108.2815 26.8571
v 1.6634 108.2763 26.8571
v -1.0713 103.9960 24.0000
v -3.7491 103.9509 24.0000
v -3.8808 108.2346 26.8571
v -1.0713 103.9960 24.0000
v -3.8808 108.2346 26.8571
v -1.1090 108.2815 26.8571
v -3.7491 103.9509 24.0000
v -6.4251 103.8557 24.0000
v -6.6508 108.1354 26.8571
v -3.7491 103.9509 24.0000
v -6.6508 108.1354 26.8571
v -3.8808 108.2346 26.8571
v -6.4251 103.8557 24.0000
v -9.0980 103.7104 24.0000
v -9.4176 107.9842 26.8571
v -6.4251 103.8557 24.0000
v -9.4176 107.9842 26.8571
v -6.6508 108.1354 26.8571
v -9.0980 103.7104 24.0000
v -11.7665 103.5152 24.0000
v -12.1798 107.7809 26.8571
v -9.0980 103.7104 24.0000
v -12.1798 107.7809 26.8571
v -9.4176 107.9842 26.8571
v -11.7665 103.5152 24.0000
v -14.4293 103.2700 24.0000
v -14.9362 107.5257 26.8571
v -11.7665 103.5152 24.0000
v -14.9362 107.5257 26.8571
v -12.1798 107.7809 26.8571
v -14.4293 103.2700 24.0000
v -17.0852 102.9751 24.0000
v -17.6854 107.2186 26.8571
v -14.4293 103.2700 24.0000
v -17.6854 107.2186 26.8571
v -14.9362 107.5257 26.8571
v -17.0852 102.9751 24.0000
v -19.7328 102.6306 24.0000
v -20.4260 106.8599 26.8571
v -17.0852 102.9751 24.0000
v -20.4260 106.8599 26.8571
v -17.6854 107.2186 26.8571
v -19.7328 102.6306 24.0000
v -22.3710 102.2366 24.0000
v -23.1568 106.4496 26.8571
v -19.7328 102.6306 24.0000
v -23.1568 106.4496 26.8571
v -20.4260 106.8599 26.8571
v -22.3710 102.2366 24.0000
v -24.9983 101.7933 24.0000
v -25.8765 105.9881 26.8571
v -22.3710 102.2366 24.0000
v -25.8765 105.9881 26.8571
v -23.1568 106.4496 26.8571
v -24.9983 101.7933 24.0000
v -27.6136 101.3010 24.0000
v -28.5837 105.4755 26.8571
v -24.9983 101.7933 24.0000
v -28.5837 105.4755 26.8571
v -25.8765 105.9881 26.8571
v -27.6136 101.3010 24.0000
v -30.2156 100.7598 24.0000
v -31.2771 104.9120 26.8571
v -27.6136 101.3010 24.0000
v -31.2771 104.9120 26.8571
v -28.5837 105.4755 26.8571
v -30.2156 100.7598 24.0000
v -32.8031 100.1701 24.0000
v -33.9554 104.2980 26.8571
v -30.2156 100.7598 24.0000
v -33.9554 104.2980 26.8571
v -31.2771 104.9120 26.8571
v -32.8031 100.1701 24.0000
v -35.3747 99.5321 24.0000
v -36.6174 103.6337 26.8571
v -32.8031 100.1701 24.0000
v -36.6174 103.6337 26.8571
v -33.9554 104.2980 26.8571
v -35.3747 99.5321 24.0000
v -37.9293 98.8462 24.0000
v -39.2617 102.9195 26.8571
v -35.3747 99.5321 24.0000
v -39.2617 102.9195 26.8571
v -36.6174 103.6337 26.8571
v -37.9293 98.8462 24.0000
v -40.4655 98.1126 24.0000
v -41.8871 102.1557 26.8571
v -37.9293 98.8462 24.0000
v -41.8871 102.1557 26.8571
v -39.2617 102.9195 26.8571
v -40.4655 98.1126 24.0000
v -42.9823 97.3317 24.0000
v -44.4923 101.3426 26.8571
v -40.4655 98.1126 24.0000
v -44.4923 101.3426 26.8571
v -41.8871 102.1557 26.8571
v -42.9823 97.3317 24.0000
v -45.4784 96.5039 24.0000
v -47.0760 100.4807 26.8571
v -42.9823 97.3317 24.0000
v -47.0760 100.4807 26.8571
v -44.4923 101.3426 26.8571
v -45.4784 96.5039 24.0000
v -47.9526 95.6296 24.0000
v -49.6371 99.5704 26.8571
v -45.4784 96.5039 24.0000
v -49.6371 99.5704 26.8571
v -47.0760 100.4807 26.8571
v -47.9526 95.6296 24.0000
v -50.4036 94.7092 24.0000
v -52.1742 98.6121 26.8571
v -47.9526 95.6296 24.0000
v -52.1742 98.6121 26.8571
v -49.6371 99.5704 26.8571
v -50.4036 94.7092 24.0000
v -52.8304 93.7432 24.0000
v -54.6862 97.6062 26.8571
v -50.4036 94.7092 24.0000
v -54.6862 97.6062 26.8571
v -52.1742 98.6121 26.8571
v -52.8304 93.7432 24.0000
v -55.2317 92.7320 24.0000
v -57.1719 96.5533 26.8571
v -52.8304 93.7432 24.0000
v -57.1719 96.5533 26.8571
v -54.6862 97.6062 26.8571
v -55.2317 92.7320 24.0000
v -57.6063 91.6761 24.0000
v -59.6300 95.4539 26.8571
v -55.2317 92.7320 24.0000
v -59.6300 95.4539 26.8571
v -57.1719 96.5533 26.8571
v -57.6063 91.6761 24.0000
v -59.9533 90.5760 24.0000
v -62.0593 94.3085 26.8571
v -57.6063 91.6761 24.0000
v -62.0593 94.3085 26.8571
v -59.6300 95.4539 26.8571
v -59.9533 90.5760 24.0000
v -62.2713 89.4322 24.0000
v -64.4588 93.1176 26.8571
v -59.9533 90.5760 24.0000
v -64.4588 93.1176 26.8571
v -62.0593 94.3085 26.8571
v -62.2713 89.4322 24.0000
v -64.5593 88.2454 24.0000
v -66.8272 91.8818 26.8571
v -62.2713 89.4322 24.0000
v -66.8272 91.8818 26.8571
v -64.4588 93.1176 26.8571
v -64.5593 88.2454 24.0000
v -66.8162 87.0160 24.0000
v -69.1633 90.6018 26.8571
v -64.5593 88.2454 24.0000
v -69.1633 90.6018 26.8571
v -66.8272 91.8818 26.8571
v -66.8162 87.0160 24.0000
v -69.0408 85.7447 24.0000
v -71.4662 89.2781 26.8571
v -66.8162 87.0160 24.0000
v -71.4662 89.2781 26.8571
v -69.1633 90.6018 26.8571
v -69.0408 85.7447 24.0000
v -71.2323 84.4320 24.0000
v -73.7346 87.9114 26.8571
v -69.0408 85.7447 24.0000
v -73.7346 87.9114 26.8571
v -71.4662 89.2781 26.8571
v -71.2323 84.4320 24.0000
v -73.3893 83.0787 24.0000
v -75.9674 86.5023 26.8571
v -71.2323 84.4320 24.0000
v -75.9674 86.5023 26.8571
v -73.7346 87.9114 26.8571
v -73.3893 83.0787 24.0000
v -75.5111 81.6853 24.0000
v -78.1637 85.0515 26.8571
v -73.3893 83.0787 24.0000
v -78.1637 85.0515 26.8571
v -75.9674 86.5023 26.8571
v -75.5111 81.6853 24.0000
v -77.5964 80.2526 24.0000
v -80.3222 83.5597 26.8571
v -75.5111 81.6853 24.0000
v -80.3222 83.5597 26.8571
v -78.1637 85.0515 26.8571
v -77.5964 80.2526 24.0000
v -79.6443 78.7812 24.0000
v -82.4421 82.0276 26.8571
v -77.5964 80.2526 24.0000
v -82.4421 82.0276 26.8571
v -80.3222 83.5597 26.8571
v -79.6443 78.7812 24.0000
v -81.6538 77.2718 24.0000
v -84.5222 80.4561 26.8571
v -79.6443 78.7812 24.0000
v -84.5222 80.4561 26.8571
v -82.4421 82.0276 26.8571
v -81.6538 77.2718 24.0000
v -83.6240 75.7252 24.0000
v -86.5616 78.8457 26.8571
v -81.6538 77.2718 24.0000
v -86.5616 78.8457 26.8571
v -84.5222 80.4561 26.8571
v -83.6240 75.7252 24.0000
v -85.5539 74.1420 24.0000
v -88.5593 77.1973 26.8571
v -83.6240 75.7252 24.0000
v -88.5593 77.1973 26.8571
v -86.5616 78.8457 26.8571
v -85.5539 74.1420 24.0000
v -87.4426 72.5232 24.0000
v -90.5143 75.5118 26.8571
v -85.5539 74.1420 24.0000
v -90.5143 75.5118 26.8571
v -88.5593 77.1973 26.8571
v -87.4426 72.5232 24.0000
v -89.2891 70.8694 24.0000
v -92.4257 73.7898 26.8571
v -87.4426 72.5232 24.0000
v -92.4257 73.7898 26.8571
v -90.5143 75.5118 26.8571
v -89.2891 70.8694 24.0000
v -91.0925 69.1814 24.0000
v -94.2925 72.0323 26.8571
v -89.2891 70.8694 24.0000
v -94.2925 72.0323 26.8571
v -92.4257 73.7898 26.8571
v -91.0925 69.1814 24.0000
v -92.8521 67.4601 24.0000
v -96.1139 70.2400 26.8571
v -91.0925 69.1814 24.0000
v -96.1139 70.2400 26.8571
v -94.2925 72.0323 26.8571
v -92.8521 67.4601 24.0000
v -94.5669 65.7063 24.0000
v -97.8889 68.4139 26.8571
v -92.8521 67.4601 24.0000
v -97.8889 68.4139 26.8571
v -96.1139 70.2400 26.8571
v -94.5669 65.7063 24.0000
v -96.2362 63.9208 24.0000
v -99.6168 66.5549 26.8571
v -94.5669 65.7063 24.0000
v -99.6168 66.5549 26.8571
v -97.8889 68.4139 26.8571
v -96.2362 63.9208 24.0000
v -97.8590 62.1045 24.0000
v -101.2967 64.6637 26.8571
v -96.2362 63.9208 24.0000
v -101.2967 64.6637 26.8571
v -99.6168 66.5549 26.8571
v -97.8590 62.1045 24.0000
v -99.4347 60.2583 24.0000
v -102.9278 62.7414 26.8571
v -97.8590 62.1045 24.0000
v -102.9278 62.7414 26.8571
v -101.2967 64.6637 26.8571
v -99.4347 60.2583 24.0000
v -100.9625 58.3830 24.0000
v -104.5092 60.7889 26.8571
v -99.4347 60.2583 24.0000
v -104.5092 60.7889 26.8571
v -102.9278 62.7414 26.8571
v -100.9625 58.3830 24.0000
v -102.4416 56.4796 24.0000
v -106.0403 58.8071 26.8571
v -100.9625 58.3830 24.0000
v -106.0403 58.8071 26.8571
v -104.5092 60.7889 26.8571
v -102.4416 56.4796 24.0000
v -103.8714 54.5490 24.0000
v -107.5202 56.7969 26.8571
v -102.4416 56.4796 24.0000
v -107.5202 56.7969 26.8571
v -106.0403 58.8071 26.8571
v -103.8714 54.5490 24.0000
v -105.2511 52.5921 24.0000
v -108.9484 54.7593 26.8571
v -103.8714 54.5490 24.0000
v -108.9484 54.7593 26.8571
v -107.5202 56.7969 26.8571
v -105.2511 52.5921 24.0000
v -106.5800 50.6098 24.0000
v -110.3240 52.6954 26.8571
v -105.2511 52.5921 24.0000
v -110.3240 52.6954 26.8571
v -108.9484 54.7593 26.8571
v -106.5800 50.6098 24.0000
v -107.8576 48.6031 24.0000
v -111.6465 50.6060 26.8571
v -106.5800 50.6098 24.0000
v -111.6465 50.6060 26.8571
v -110.3240 52.6954 26.8571
v -107.8576 48.6031 24.0000
v -109.0832 46.5731 24.0000
v -112.9152 48.4923 26.8571
v -107.8576 48.6031 24.0000
v -112.9152 48.4923 26.8571
v -111.6465 50.6060 26.8571
v -109.0832 46.5731 24.0000
v -110.2563 44.5205 24.0000
v -114.1294 46.3552 26.8571
v -109.0832 46.5731 24.0000
v -114.1294 46.3552 26.8571
v -112.9152 48.4923 26.8571
v -110.2563 44.5205 24.0000
v -111.3762 42.4466 24.0000
v -115.2887 44.1957 26.8571
v -110.2563 44.5205 24.0000
v -115.2887 44.1957 26.8571
v -114.1294 46.3552 26.8571
v -111.3762 42.4466 24.0000
v -112.4424 40.3521 24.0000
v -116.3923 42.0150 26.8571
v -111.3762 42.4466 24.0000
v -116.3923 42.0150 26.8571
v -115.2887 44.1957 26.8571
v -112.4424 40.3521 24.0000
v -113.4544 38.2382 24.0000
v -117.4399 39.8140 26.8571
v -112.4424 40.3521 24.0000
v -117.4399 39.8140 26.8571
v -116.3923 42.0150 26.8571
v -113.4544 38.2382 24.0000
v -114.4118 36.1059 24.0000
v -118.4309 37.5938 26.8571
v -113.4544 38.2382 24.0000
v -118.4309 37.5938 26.8571
v -117.4399 39.8140 26.8571
v -114.4118 36.1059 24.0000
v -115.3140 33.9562 24.0000
v -119.3648 35.3555 26.8571
v -114.4118 36.1059 24.0000
v -119.3648 35.3555 26.8571
v -118.4309 37.5938 26.8571
v -115.3140 33.9562 24.0000
v -116.1606 31.7901 24.0000
v -120.2412 33.1002 26.8571
v -115.3140 33.9562 24.0000
v -120.2412 33.1002 26.8571
v -119.3648 35.3555 26.8571
v -116.1606 31.7901 24.0000
v -116.9513 29.6087 24.0000
v -121.0596 30.8289 26.8571
v -116.1606 31.7901 24.0000
v -121.0596 30.8289 26.8571
v -120.2412 33.1002 26.8571
v -116.9513 29.6087 24.0000
v -117.6855 27.4131 24.0000
v -121.8197 28.5427 26.8571
v -116.9513 29.6087 24.0000
v -121.8197 28.5427 26.8571
v -121.0596 30.8289 26.8571
v -117.6855 27.4131 24.0000
v -118.3631 25.2042 24.0000
v -122.5211 26.2428 26.8571
v -117.6855 27.4131 24.0000
v -122.5211 26.2428 26.8571
v -121.8197 28.5427 26.8571
v -118.3631 25.2042 24.0000
v -118.9836 22.9832 24.0000
v -123.1634 23.9303 26.8571
v -118.3631 25.2042 24.0000
v -123.1634 23.9303 26.8571
v -122.5211 26.2428 26.8571
v -118.9836 22.9832 24.0000
v -119.5468 20.7510 24.0000
v -123.7463 21.6062 26.8571
v -118.9836 22.9832 24.0000
v -123.7463 21.6062 26.8571
v -123.1634 23.9303 26.8571
v -119.5468 20.7510 24.0000
v -120.0524 18.5089 24.0000
v -124.2697 19.2717 26.8571
v -119.5468 20.7510 24.0000
v -124.2697 19.2717 26.8571
v -123.7463 21.6062 26.8571
v -120.0524 18.5089 24.0000
v -120.5001 16.2579 24.0000
v -124.7331 16.9279 26.8571
v -120.0524 18.5089 24.0000
v -124.7331 16.9279 26.8571
v -124.2697 19.2717 26.8571
v -120.5001 16.2579 24.0000
v -120.8897 13.9990 24.0000
v -125.1364 14.5759 26.8571
v -120.5001 16.2579 24.0000
v -125.1364 14.5759 26.8571
v -124.7331 16.9279 26.8571
v -120.8897 13.9990 24.0000
v -121.2211 11.7334 24.0000
v -125.4794 12.2170 26.8571
v -120.8897 13.9990 24.0000
v -125.4794 12.2170 26.8571
v -125.1364 14.5759 26.8571
v -121.2211 11.7334 24.0000
v -121.4940 9.4622 24.0000
v -125.7619 9.8521 26.8571
v -121.2211 11.7334 24.0000
v -125.7619 9.8521 26.8571
v -125.4794 12.2170 26.8571
v -121.4940 9.4622 24.0000
v -121.7084 7.1863 24.0000
v -125.9839 7.4825 26.8571
v -121.4940 9.4622 24.0000
v -125.9839 7.4825 26.8571
v -125.7619 9.8521 26.8571
v -121.7084 7.1863 24.0000
v -121.8641 4.9071 24.0000
v -126.1451 5.1093 26.8571
v -121.7084 7.1863 24.0000
v -126.1451 5.1093 26.8571
v -125.9839 7.4825 26.8571
v -121.8641 4.9071 24.0000
v -121.9611 2.6254 24.0000
v -126.2455 2.7336 26.8571
v -121.8641 4.9071 24.0000
v -126.2455 2.7336 26.8571
v -126.1451 5.1093 26.8571
v -121.9611 2.6254 24.0000
v -121.9993 0.3425 24.0000
v -126.2850 0.3566 26.8571
v -121.9611 2.6254 24.0000
v -126.2850 0.3566 26.8571
v -126.2455 2.7336 26.8571
v -121.9993 0.3425 24.0000
v -121.9788 -1.9406 24.0000
v -126.2637 -2.0206 26.8571
v -121.9993 0.3425 24.0000
v -126.2637 -2.0206 26.8571
v -126.2850 0.3566 26.8571
v -121.9788 -1.9406 24.0000
v -121.8994 -4.2228 24.0000
v -126.1816 -4.3968 26.8571
v -121.9788 -1.9406 24.0000
v -126.1816 -4.3968 26.8571
v -126.2637 -2.0206 26.8571
v -121.8994 -4.2228 24.0000
v -121.7613 -6.5029 24.0000
v -126.0386 -6.7708 26.8571
v -121.8994 -4.2228 24.0000
v -126.0386 -6.7708 26.8571
v -126.1816 -4.3968 26.8571
v -121.7613 -6.5029 24.0000
v -121.5645 -8.7798 24.0000
v -125.8349 -9.1417 26.8571
v -121.7613 -6.5029 24.0000
v -125.8349 -9.1417 26.8571
v -126.0386 -6.7708 26.8571
v -121.5645 -8.7798 24.0000
v -121.3091 -11.0526 24.0000
v -125.5705 -11.5081 26.8571
v -121.5645 -8.7798 24.0000
v -125.5705 -11.5081 26.8571
v -125.8349 -9.1417 26.8571
v -121.3091 -11.0526 24.0000
v -120.9952 -13.3200 24.0000
v -125.2457 -13.8689 26.8571
v -121.3091 -11.0526 24.0000
v -125.2457 -13.8689 26.8571
v -125.5705 -11.5081 26.8571
v -120.9952 -13.3200 24.0000
v -120.6231 -15.5810 24.0000
v -124.8604 -16.2231 26.8571
v -120.9952 -13.3200 24.0000
v -124.8604 -16.2231 26.8571
v -125.2457 -13.8689 26.8571
v -120.6231 -15.5810 24.0000
v -120.1928 -17.8345 24.0000
v -124.4150 -18.5695 26.8571
v -120.6231 -15.5810 24.0000
v -124.4150 -18.5695 26.8571
v -124.8604 -16.2231 26.8571
v -120.1928 -17.8345 24.0000
v -119.7045 -20.0794 24.0000
v -123.9096 -20.9069 26.8571
v -120.1928 -17.8345 24.0000
v -123.9096 -20.9069 26.8571
v -124.4150 -18.5695 26.8571
v -119.7045 -20.0794 24.0000
v -119.1586 -22.3146 24.0000
v -123.3445 -23.2342 26.8571
v -119.7045 -20.0794 24.0000
v -123.3445 -23.2342 26.8571
v -123.9096 -20.9069 26.8571
v -119.1586 -22.3146 24.0000
v -118.5553 -24.5391 24.0000
v -122.7200 -25.5503 26.8571
v -119.1586 -22.3146 24.0000
v -122.7200 -25.5503 26.8571
v -123.3445 -23.2342 26.8571
v -118.5553 -24.5391 24.0000
v -117.8948 -26.7517 24.0000
v -122.0363 -27.8541 26.8571
v -118.5553 -24.5391 24.0000
v -122.0363 -27.8541 26.8571
v -122.7200 -25.5503 26.8571
v -117.8948 -26.7517 24.0000
v -117.1775 -28.9515 24.0000
v -121.2938 -30.1445 26.8571
v -117.8948 -26.7517 24.0000
v -121.2938 -30.1445 26.8571
v -122.0363 -27.8541 26.8571
v -117.1775 -28.9515 24.0000
v -116.4037 -31.1373 24.0000
v -120.4928 -32.4204 26.8571
v -117.1775 -28.9515 24.0000
v -120.4928 -32.4204 26.8571
v -121.2938 -30.1445 26.8571
v -116.4037 -31.1373 24.0000
v -115.5738 -33.3081 24.0000
v -119.6338 -34.6806 26.8571
v -116.4037 -31.1373 24.0000
v -119.6338 -34.6806 26.8571
v -120.4928 -32.4204 26.8571
v -115.5738 -33.3081 24.0000
v -114.6882 -35.4628 24.0000
v -118.7171 -36.9242 26.8571
v -115.5738 -33.3081 24.0000
v -118.7171 -36.9242 26.8571
v -119.6338 -34.6806 26.8571
v -114.6882 -35.4628 24.0000
v -113.7474 -37.6004 24.0000
v -117.7432 -39.1499 26.8571
v -114.6882 -35.4628 24.0000
v -117.7432 -39.1499 26.8571
v -118.7171 -36.9242 26.8571
v -113.7474 -37.6004 24.0000
v -112.7517 -39.7200 24.0000
v -116.7125 -41.3568 26.8571
v -113.7474 -37.6004 24.0000
v -116.7125 -41.3568 26.8571
v -117.7432 -39.1499 26.8571
v -112.7517 -39.7200 24.0000
v -111.7017 -41.8203 24.0000
v -115.6256 -43.5437 26.8571
v -112.7517 -39.7200 24.0000
v -115.6256 -43.5437 26.8571
v -116.7125 -41.3568 26.8571
v -111.7017 -41.8203 24.0000
v -110.5978 -43.9006 24.0000
v -114.4830 -45.7096 26.8571
v -111.7017 -41.8203 24.0000
v -114.4830 -45.7096 26.8571
v -115.6256 -43.5437 26.8571
v -110.5978 -43.9006 24.0000
v -109.4407 -45.9596 24.0000
v -113.2852 -47.8536 26.8571
v -110.5978 -43.9006 24.0000
v -113.2852 -47.8536 26.8571
v -114.4830 -45.7096 26.8571
v -109.4407 -45.9596 24.0000
v -108.2308 -47.9965 24.0000
v -112.0328 -49.9744 26.8571
v -109.4407 -45.9596 24.0000
v -112.0328 -49.9744 26.8571
v -113.2852 -47.8536 26.8571
v -108.2308 -47.9965 24.0000
v -106.9687 -50.0103 24.0000
v -110.7264 -52.0712 26.8571
v -108.2308 -47.9965 24.0000
v -110.7264 -52.0712 26.8571
v -112.0328 -49.9744 26.8571
v -106.9687 -50.0103 24.0000
v -105.6551 -52.0000 24.0000
v -109.3666 -54.1429 26.8571
v -106.9687 -50.0103 24.0000
v -109.3666 -54.1429 26.8571
v -110.7264 -52.0712 26.8571
v 124.3672 18.8036 26.8571
v 123.8558 21.1401 26.8571
v 128.0590 21.9767 29.7143
v 124.3672 18.8036 26.8571
v 128.0590 21.9767 29.7143
v 128.5878 19.5478 29.7143
v 123.8558 21.1401 26.8571
v 123.2847 23.4663 26.8571
v 127.4686 24.3951 29.7143
v 123.8558 21.1401 26.8571
v 127.4686 24.3951 29.7143
v 128.0590 21.9767 29.7143
v 123.2847 23.4663 26.8571
v 122.6543 25.7813 26.8571
v 126.8167 26.8016 29.7143
v 123.2847 23.4663 26.8571
v 126.8167 26.8016 29.7143
v 127.4686 24.3951 29.7143
v 122.6543 25.7813 26.8571
v 121.9647 28.0838 26.8571
v 126.1037 29.1953 29.7143
v 122.6543 25.7813 26.8571
v 126.1037 29.1953 29.7143
v 126.8167 26.8016 29.7143
v 121.9647 28.0838 26.8571
v 121.2163 30.3728 26.8571
v 125.3300 31.5749 29.7143
v 121.9647 28.0838 26.8571
v 125.3300 31.5749 29.7143
v 126.1037 29.1953 29.7143
v 121.2163 30.3728 26.8571
v 120.4095 32.6472 26.8571
v 124.4958 33.9393 29.7143
v 121.2163 30.3728 26.8571
v 124.4958 33.9393 29.7143
v 125.3300 31.5749 29.7143
v 120.4095 32.6472 26.8571
v 119.5447 34.9058 26.8571
v 123.6017 36.2873 29.7143
v 120.4095 32.6472 26.8571
v 123.6017 36.2873 29.7143
v 124.4958 33.9393 29.7143
v 119.5447 34.9058 26.8571
v 118.6223 37.1476 26.8571
v 122.6479 38.6178 29.7143
v 119.5447 34.9058 26.8571
v 122.6479 38.6178 29.7143
v 123.6017 36.2873 29.7143
v 118.6223 37.1476 26.8571
v 117.6427 39.3715 26.8571
v 121.6351 40.9297 29.7143
v 118.6223 37.1476 26.8571
v 121.6351 40.9297 29.7143
v 122.6479 38.6178 29.7143
v 117.6427 39.3715 26.8571
v 116.6064 41.5764 26.8571
v 120.5636 43.2219 29.7143
v 117.6427 39.3715 26.8571
v 120.5636 43.2219 29.7143
v 121.6351 40.9297 29.7143
v 116.6064 41.5764 26.8571
v 115.5139 43.7613 26.8571
v 119.4340 45.4932 29.7143
v 116.6064 41.5764 26.8571
v 119.4340 45.4932 29.7143
v 120.5636 43.2219 29.7143
v 115.5139 43.7613 26.8571
v 114.3657 45.9250 26.8571
v 118.2469 47.7427 29.7143
v 115.5139 43.7613 26.8571
v 118.2469 47.7427 29.7143
v 119.4340 45.4932 29.7143
v 114.3657 45.9250 26.8571
v 113.1624 48.0667 26.8571
v 117.0028 49.9691 29.7143
v 114.3657 45.9250 26.8571
v 117.0028 49.9691 29.7143
v 118.2469 47.7427 29.7143
v 113.1624 48.0667 26.8571
v 111.9046 50.1852 26.8571
v 115.7022 52.1714 29.7143
v 113.1624 48.0667 26.8571
v 115.7022 52.1714 29.7143
v 117.0028 49.9691 29.7143
v 111.9046 50.1852 26.8571
v 110.5928 52.2795 26.8571
v 114.3460 54.3486 29.7143
v 111.9046 50.1852 26.8571
v 114.3460 54.3486 29.7143
v 115.7022 52.1714 29.7143
v 110.5928 52.2795 26.8571
v 109.2278 54.3486 26.8571
v 112.9346 56.4996 29.7143
v 110.5928 52.2795 26.8571
v 112.9346 56.4996 29.7143
v 114.3460 54.3486 29.7143
v 109.2278 54.3486 26.8571
v 107.8100 56.3915 26.8571
v 111.4688 58.6234 29.7143
v 109.2278 54.3486 26.8571
v 111.4688 58.6234 29.7143
v 112.9346 56.4996 29.7143
v 107.8100 56.3915 26.8571
v 106.3404 58.4073 26.8571
v 109.9492 60.7189 29.7143
v 107.8100 56.3915 26.8571
v 109.9492 60.7189 29.7143
v 111.4688 58.6234 29.7143
v 106.3404 58.4073 26.8571
v 104.8195 60.3948 26.8571
v 108.3767 62.7851 29.7143
v 106.3404 58.4073 26.8571
v 108.3767 62.7851 29.7143
v 109.9492 60.7189 29.7143
v 104.8195 60.3948 26.8571
v 103.2480 62.3533 26.8571
v 106.7519 64.8211 29.7143
v 104.8195 60.3948 26.8571
v 106.7519 64.8211 29.7143
v 108.3767 62.7851 29.7143
v 103.2480 62.3533 26.8571
v 101.6268 64.2817 26.8571
v 105.0757 66.8259 29.7143
v 103.2480 62.3533 26.8571
v 105.0757 66.8259 29.7143
v 106.7519 64.8211 29.7143
v 101.6268 64.2817 26.8571
v 99.9567 66.1792 26.8571
v 103.3489 68.7984 29.7143
v 101.6268 64.2817 26.8571
v 103.3489 68.7984 29.7143
v 105.0757 66.8259 29.7143
v 99.9567 66.1792 26.8571
v 98.2383 68.0447 26.8571
v 101.5722 70.7378 29.7143
v 99.9567 66.1792 26.8571
v 101.5722 70.7378 29.7143
v 103.3489 68.7984 29.7143
v 98.2383 68.0447 26.8571
v 96.4726 69.8775 26.8571
v 99.7466 72.6431 29.7143
v 98.2383 68.0447 26.8571
v 99.7466 72.6431 29.7143
v 101.5722 70.7378 29.7143
v 96.4726 69.8775 26.8571
v 94.6604 71.6766 26.8571
v 97.8729 74.5134 29.7143
v 96.4726 69.8775 26.8571
v 97.8729 74.5134 29.7143
v 99.7466 72.6431 29.7143
v 94.6604 71.6766 26.8571
v 92.8026 73.4411 26.8571
v 95.9520 76.3478 29.7143
v 94.6604 71.6766 26.8571
v 95.9520 76.3478 29.7143
v 97.8729 74.5134 29.7143
v 92.8026 73.4411 26.8571
v 90.9001 75.1703 26.8571
v 93.9849 78.1453 29.7143
v 92.8026 73.4411 26.8571
v 93.9849 78.1453 29.7143
v 95.9520 76.3478 29.7143
v 90.9001 75.1703 26.8571
v 88.9538 76.8632 26.8571
v 91.9725 79.9052 29.7143
v 90.9001 75.1703 26.8571
v 91.9725 79.9052 29.7143
v 93.9849 78.1453 29.7143
v 88.9538 76.8632 26.8571
v 86.9645 78.5190 26.8571
v 89.9158 81.6267 29.7143
v 88.9538 76.8632 26.8571
v 89.9158 81.6267 29.7143
v 91.9725 79.9052 29.7143
v 86.9645 78.5190 26.8571
v 84.9334 80.1371 26.8571
v 87.8158 83.3087 29.7143
v 86.9645 78.5190 26.8571
v 87.8158 83.3087 29.7143
v 89.9158 81.6267 29.7143
v 84.9334 80.1371 26.8571
v 82.8613 81.7165 26.8571
v 85.6734 84.9506 29.7143
v 84.9334 80.1371 26.8571
v 85.6734 84.9506 29.7143
v 87.8158 83.3087 29.7143
v 82.8613 81.7165 26.8571
v 80.7493 83.2565 26.8571
v 83.4897 86.5516 29.7143
v 82.8613 81.7165 26.8571
v 83.4897 86.5516 29.7143
v 85.6734 84.9506 29.7143
v 80.7493 83.2565 26.8571
v 78.5984 84.7564 26.8571
v 81.2658 88.1109 29.7143
v 80.7493 83.2565 26.8571
v 81.2658 88.1109 29.7143
v 83.4897 86.5516 29.7143
v 78.5984 84.7564 26.8571
v 76.4096 86.2154 26.8571
v 79.0027 89.6276 29.7143
v 78.5984 84.7564 26.8571
v 79.0027 89.6276 29.7143
v 81.2658 88.1109 29.7143
v 76.4096 86.2154 26.8571
v 74.1840 87.6329 26.8571
v 76.7016 91.1012 29.7143
v 76.4096 86.2154 26.8571
v 76.7016 91.1012 29.7143
v 79.0027 89.6276 29.7143
v 74.1840 87.6329 26.8571
v 71.9226 89.0082 26.8571
v 74.3635 92.5309 29.7143
v 74.1840 87.6329 26.8571
v 74.3635 92.5309 29.7143
v 76.7016 91.1012 29.7143
v 71.9226 89.0082 26.8571
v 69.6266 90.3405 26.8571
v 71.9895 93.9160 29.7143
v 71.9226 89.0082 26.8571
v 71.9895 93.9160 29.7143
v 74.3635 92.5309 29.7143
v 69.6266 90.3405 26.8571
v 67.2970 91.6294 26.8571
v 69.5808 95.2559 29.7143
v 69.6266 90.3405 26.8571
v 69.5808 95.2559 29.7143
v 71.9895 93.9160 29.7143
v 67.2970 91.6294 26.8571
v 64.9350 92.8740 26.8571
v 67.1387 96.5498 29.7143
v 67.2970 91.6294 26.8571
v 67.1387 96.5498 29.7143
v 69.5808 95.2559 29.7143
v 64.9350 92.8740 26.8571
v 62.5417 94.0739 26.8571
v 64.6641 97.7972 29.7143
v 64.9350 92.8740 26.8571
v 64.6641 97.7972 29.7143
v 67.1387 96.5498 29.7143
v 62.5417 94.0739 26.8571
v 60.1182 95.2285 26.8571
v 62.1584 98.9974 29.7143
v 62.5417 94.0739 26.8571
v 62.1584 98.9974 29.7143
v 64.6641 97.7972 29.7143
v 60.1182 95.2285 26.8571
v 57.6657 96.3372 26.8571
v 59.6227 100.1500 29.7143
v 60.1182 95.2285 26.8571
v 59.6227 100.1500 29.7143
v 62.1584 98.9974 29.7143
v 57.6657 96.3372 26.8571
v 55.1855 97.3994 26.8571
v 57.0583 101.2542 29.7143
v 57.6657 96.3372 26.8571
v 57.0583 101.2542 29.7143
v 59.6227 100.1500 29.7143
v 55.1855 97.3994 26.8571
v 52.6787 98.4147 26.8571
v 54.4664 102.3097 29.7143
v 55.1855 97.3994 26.8571
v 54.4664 102.3097 29.7143
v 57.0583 101.2542 29.7143
v 52.6787 98.4147 26.8571
v 50.1465 99.3825 26.8571
v 51.8483 103.3159 29.7143
v 52.6787 98.4147 26.8571
v 51.8483 103.3159 29.7143
v 54.4664 102.3097 29.7143
v 50.1465 99.3825 26.8571
v 47.5901 100.3025 26.8571
v 49.2051 104.2723 29.7143
v 50.1465 99.3825 26.8571
v 49.2051 104.2723 29.7143
v 51.8483 103.3159 29.7143
v 47.5901 100.3025 26.8571
v 45.0108 101.1741 26.8571
v 46.5383 105.1784 29.7143
v 47.5901 100.3025 26.8571
v 46.5383 105.1784 29.7143
v 49.2051 104.2723 29.7143
v 45.0108 101.1741 26.8571
v 42.4098 101.9970 26.8571
v 43.8490 106.0338 29.7143
v 45.0108 101.1741 26.8571
v 43.8490 106.0338 29.7143
v 46.5383 105.1784 29.7143
v 42.4098 101.9970 26.8571
v 39.7883 102.7707 26.8571
v 41.1386 106.8382 29.7143
v 42.4098 101.9970 26.8571
v 41.1386 106.8382 29.7143
v 43.8490 106.0338 29.7143
v 39.7883 102.7707 26.8571
v 37.1477 103.4949 26.8571
v 38.4083 107.5910 29.7143
v 39.7883 102.7707 26.8571
v 38.4083 107.5910 29.7143
v 41.1386 106.8382 29.7143
v 37.1477 103.4949 26.8571
v 34.4891 104.1692 26.8571
v 35.6596 108.2920 29.7143
v 37.1477 103.4949 26.8571
v 35.6596 108.2920 29.7143
v 38.4083 107.5910 29.7143
v 34.4891 104.1692 26.8571
v 31.8140 104.7933 26.8571
v 32.8936 108.9408 29.7143
v 34.4891 104.1692 26.8571
v 32.8936 108.9408 29.7143
v 35.6596 108.2920 29.7143
v 31.8140 104.7933 26.8571
v 29.1235 105.3669 26.8571
v 30.1118 109.5371 29.7143
v 31.8140 104.7933 26.8571
v 30.1118 109.5371 29.7143
v 32.8936 108.9408 29.7143
v 29.1235 105.3669 26.8571
v 26.4190 105.8897 26.8571
v 27.3155 110.0805 29.7143
v 29.1235 105.3669 26.8571
v 27.3155 110.0805 29.7143
v 30.1118 109.5371 29.7143
v 26.4190 105.8897 26.8571
v 23.7017 106.3614 26.8571
v 24.5061 110.5710 29.7143
v 26.4190 105.8897 26.8571
v 24.5061 110.5710 29.7143
v 27.3155 110.0805 29.7143
v 23.7017 106.3614 26.8571
v 20.9730 106.7819 26.8571
v 21.6848 111.0081 29.7143
v 23.7017 106.3614 26.8571
v 21.6848 111.0081 29.7143
v 24.5061 110.5710 29.7143
v 20.9730 106.7819 26.8571
v 18.2342 107.1510 26.8571
v 18.8531 111.3918 29.7143
v 20.9730 106.7819 26.8571
v 18.8531 111.3918 29.7143
v 21.6848 111.0081 29.7143
v 18.2342 107.1510 26.8571
v 15.4867 107.4684 26.8571
v 16.0122 111.7218 29.7143
v 18.2342 107.1510 26.8571
v 16.0122 111.7218 29.7143
v 18.8531 111.3918 29.7143
v 15.4867 107.4684 26.8571
v 12.7316 107.7340 26.8571
v 13.1637 111.9979 29.7143
v 15.4867 107.4684 26.8571
v 13.1637 111.9979 29.7143
v 16.0122 111.7218 29.7143
v 12.7316 107.7340 26.8571
v 9.9704 107.9477 26.8571
v 10.3088 112.2200 29.7143
v 12.7316 107.7340 26.8571
v 10.3088 112.2200 29.7143
v 13.1637 111.9979 29.7143
v 9.9704 107.9477 26.8571
v 7.2045 108.1094 26.8571
v 7.4490 112.3881 29.7143
v 9.9704 107.9477 26.8571
v 7.4490 112.3881 29.7143
v 10.3088 112.2200 29.7143
v 7.2045 108.1094 26.8571
v 4.4350 108.2189 26.8571
v 4.5855 112.5020 29.7143
v 7.2045 108.1094 26.8571
v 4.5855 112.5020 29.7143
v 7.4490 112.3881 29.7143
v 4.4350 108.2189 26.8571
v 1.6634 108.2763 26.8571
v 1.7199 112.5617 29.7143
v 4.4350 108.2189 26.8571
v 1.7199 112.5617 29.7143
v 4.5855 112.5020 29.7143
v 1.6634 108.2763 26.8571
v -1.1090 108.2815 26.8571
v -1.1466 112.5671 29.7143
v 1.6634 108.2763 26.8571
v -1.1466 112.5671 29.7143
v 1.7199 112.5617 29.7143
v -1.1090 108.2815 26.8571
v -3.8808 108.2346 26.8571
v -4.0125 112.5183 29.7143
v -1.1090 108.2815 26.8571
v -4.0125 112.5183 29.7143
v -1.1466 112.5671 29.7143
v -3.8808 108.2346 26.8571
v -6.6508 108.1354 26.8571
v -6.8765 112.4152 29.7143
v -3.8808 108.2346 26.8571
v -6.8765 112.4152 29.7143
v -4.0125 112.5183 29.7143
v -6.6508 108.1354 26.8571
v -9.4176 107.9842 26.8571
v -9.7372 112.2580 29.7143
v -6.6508 108.1354 26.8571
v -9.7372 112.2580 29.7143
v -6.8765 112.4152 29.7143
v -9.4176 107.9842 26.8571
v -12.1798 107.7809 26.8571
v -12.5932 112.0466 29.7143
v -9.4176 107.9842 26.8571
v -12.5932 112.0466 29.7143
v -9.7372 112.2580 29.7143
v -12.1798 107.7809 26.8571
v -14.9362 107.5257 26.8571
v -15.4431 111.7813 29.7143
v -12.1798 107.7809 26.8571
v -15.4431 111.7813 29.7143
v -12.5932 112.0466 29.7143
v -14.9362 107.5257 26.8571
v -17.6854 107.2186 26.8571
v -18.2856 111.4621 29.7143
v -14.9362 107.5257 26.8571
v -18.2856 111.4621 29.7143
v -15.4431 111.7813 29.7143
v -17.6854 107.2186 26.8571
v -20.4260 106.8599 26.8571
v -21.1192 111.0892 29.7143
v -17.6854 107.2186 26.8571
v -21.1192 111.0892 29.7143
v -18.2856 111.4621 29.7143
v -20.4260 106.8599 26.8571
v -23.1568 106.4496 26.8571
v -23.9427 110.6627 29.7143
v -20.4260 106.8599 26.8571
v -23.9427 110.6627 29.7143
v -21.1192 111.0892 29.7143
v -23.1568 106.4496 26.8571
v -25.8765 105.9881 26.8571
v -26.7547 110.1829 29.7143
v -23.1568 106.4496 26.8571
v -26.7547 110.1829 29.7143
v -23.9427 110.6627 29.7143
v -25.8765 105.9881 26.8571
v -28.5837 105.4755 26.8571
v -29.5537 109.6500 29.7143
v -25.8765 105.9881 26.8571
v -29.5537 109.6500 29.7143
v -26.7547 110.1829 29.7143
v -28.5837 105.4755 26.8571
v -31.2771 104.9120 26.8571
v -32.3385 109.0642 29.7143
v -28.5837 105.4755 26.8571
v -32.3385 109.0642 29.7143
v -29.5537 109.6500 29.7143
v -31.2771 104.9120 26.8571
v -33.9554 104.2980 26.8571
v -35.1077 108.4259 29.7143
v -31.2771 104.9120 26.8571
v -35.1077 108.4259 29.7143
v -32.3385 109.0642 29.7143
v -33.9554 104.2980 26.8571
v -36.6174 103.6337 26.8571
v -37.8600 107.7353 29.7143
v -33.9554 104.2980 26.8571
v -37.8600 107.7353 29.7143
v -35.1077 108.4259 29.7143
v -36.6174 103.6337 26.8571
v -39.2617 102.9195 26.8571
v -40.5941 106.9928 29.7143
v -36.6174 103.6337 26.8571
v -40.5941 106.9928 29.7143
v -37.8600 107.7353 29.7143
v -39.2617 102.9195 26.8571
v -41.8871 102.1557 26.8571
v -43.3086 106.1988 29.7143
v -39.2617 102.9195 26.8571
v -43.3086 106.1988 29.7143
v -40.5941 106.9928 29.7143
v -41.8871 102.1557 26.8571
v -44.4923 101.3426 26.8571
v -46.0022 105.3535 29.7143
v -41.8871 102.1557 26.8571
v -46.0022 105.3535 29.7143
v -43.3086 106.1988 29.7143
v -44.4923 101.3426 26.8571
v -47.0760 100.4807 26.8571
v -48.6736 104.4575 29.7143
v -44.4923 101.3426 26.8571
v -48.6736 104.4575 29.7143
v -46.0022 105.3535 29.7143
v -47.0760 100.4807 26.8571
v -49.6371 99.5704 26.8571
v -51.3216 103.5112 29.7143
v -47.0760 100.4807 26.8571
v -51.3216 103.5112 29.7143
v -48.6736 104.4575 29.7143
v -49.6371 99.5704 26.8571
v -52.1742 98.6121 26.8571
v -53.9449 102.5149 29.7143
v -49.6371 99.5704 26.8571
v -53.9449 102.5149 29.7143
v -51.3216 103.5112 29.7143
v -52.1742 98.6121 26.8571
v -54.6862 97.6062 26.8571
v -56.5421 101.4693 29.7143
v -52.1742 98.6121 26.8571
v -56.5421 101.4693 29.7143
v -53.9449 102.5149 29.7143
v -54.6862 97.6062 26.8571
v -57.1719 96.5533 26.8571
v -59.1121 100.3747 29.7143
v -54.6862 97.6062 26.8571
v -59.1121 100.3747 29.7143
v -56.5421 101.4693 29.7143
v -57.1719 96.5533 26.8571
v -59.6300 95.4539 26.8571
v -61.6536 99.2318 29.7143
v -57.1719 96.5533 26.8571
v -61.6536 99.2318 29.7143
v -59.1121 100.3747 29.7143
v -59.6300 95.4539 26.8571
v -62.0593 94.3085 26.8571
v -64.1654 98.0410 29.7143
v -59.6300 95.4539 26.8571
v -64.1654 98.0410 29.7143
v -61.6536 99.2318 29.7143
v -62.0593 94.3085 26.8571
v -64.4588 93.1176 26.8571
v -66.6463 96.8030 29.7143
v -62.0593 94.3085 26.8571
v -66.6463 96.8030 29.7143
v -64.1654 98.0410 29.7143
v -64.4588 93.1176 26.8571
v -66.8272 91.8818 26.8571
v -69.0951 95.5183 29.7143
v -64.4588 93.1176 26.8571
v -69.0951 95.5183 29.7143
v -66.6463 96.8030 29.7143
v -66.8272 91.8818 26.8571
v -69.1633 90.6018 26.8571
v -71.5105 94.1876 29.7143
v -66.8272 91.8818 26.8571
v -71.5105 94.1876 29.7143
v -69.0951 95.5183 29.7143
v -69.1633 90.6018 26.8571
v -71.4662 89.2781 26.8571
v -73.8915 92.8115 29.7143
v -69.1633 90.6018 26.8571
v -73.8915 92.8115 29.7143
v -71.5105 94.1876 29.7143
v -71.4662 89.2781 26.8571
v -73.7346 87.9114 26.8571
v -76.2369 91.3907 29.7143
v -71.4662 89.2781 26.8571
v -76.2369 91.3907 29.7143
v -73.8915 92.8115 29.7143
v -73.7346 87.9114 26.8571
v -75.9674 86.5023 26.8571
v -78.5455 89.9258 29.7143
v -73.7346 87.9114 26.8571
v -78.5455 89.9258 29.7143
v -76.2369 91.3907 29.7143
v -75.9674 86.5023 26.8571
v -78.1637 85.0515 26.8571
v -80.8163 88.4176 29.7143
v -75.9674 86.5023 26.8571
v -80.8163 88.4176 29.7143
v -78.5455 89.9258 29.7143
v -78.1637 85.0515 26.8571
v -80.3222 83.5597 26.8571
v -83.0481 86.8668 29.7143
v -78.1637 85.0515 26.8571
v -83.0481 86.8668 29.7143
v -80.8163 88.4176 29.7143
v -80.3222 83.5597 26.8571
v -82.4421 82.0276 26.8571
v -85.2399 85.2741 29.7143
v -80.3222 83.5597 26.8571
v -85.2399 85.2741 29.7143
v -83.0481 86.8668 29.7143
v -82.4421 82.0276 26.8571
v -84.5222 80.4561 26.8571
v -87.3906 83.6403 29.7143
v -82.4421 82.0276 26.8571
v -87.3906 83.6403 29.7143
v -85.2399 85.2741 29.7143
v -84.5222 80.4561 26.8571
v -86.5616 78.8457 26.8571
v -89.4992 81.9662 29.7143
v -84.5222 80.4561 26.8571
v -89.4992 81.9662 29.7143
v -87.3906 83.6403 29.7143
v -86.5616 78.8457 26.8571
v -88.5593 77.1973 26.8571
v -91.5647 80.2526 29.7143
v -86.5616 78.8457 26.8571
v -91.5647 80.2526 29.7143
v -89.4992 81.9662 29.7143
v -88.5593 77.1973 26.8571
v -90.5143 75.5118 26.8571
v -93.5861 78.5004 29.7143
v -88.5593 77.1973 26.8571
v -93.5861 78.5004 29.7143
v -91.5647 80.2526 29.7143
v -90.5143 75.5118 26.8571
v -92.4257 73.7898 26.8571
v -95.5623 76.7102 29.7143
v -90.5143 75.5118 26.8571
v -95.5623 76.7102 29.7143
v -93.5861 78.5004 29.7143
v -92.4257 73.7898 26.8571
v -94.2925 72.0323 26.8571
v -97.4925 74.8832 29.7143
v -92.4257 73.7898 26.8571
v -97.4925 74.8832 29.7143
v -95.5623 76.7102 29.7143
v -94.2925 72.0323 26.8571
v -96.1139 70.2400 26.8571
v -99.3757 73.0200 29.7143
v -94.2925 72.0323 26.8571
v -99.3757 73.0200 29.7143
v -97.4925 74.8832 29.7143
v -96.1139 70.2400 26.8571
v -97.8889 68.4139 26.8571
v -101.2110 71.1216 29.7143
v -96.1139 70.2400 26.8571
v -101.2110 71.1216 29.7143
v -99.3757 73.0200 29.7143
v -97.8889 68.4139 26.8571
v -99.6168 66.5549 26.8571
v -102.9975 69.1890 29.7143
v -97.8889 68.4139 26.8571
v -102.9975 69.1890 29.7143
v -101.2110 71.1216 29.7143
v -99.6168 66.5549 26.8571
v -101.2967 64.6637 26.8571
v -104.7344 67.2230 29.7143
v -99.6168 66.5549 26.8571
v -104.7344 67.2230 29.7143
v -102.9975 69.1890 29.7143
v -101.2967 64.6637 26.8571
v -102.9278 62.7414 26.8571
v -106.4208 65.2246 29.7143
v -101.2967 64.6637 26.8571
v -106.4208 65.2246 29.7143
v -104.7344 67.2230 29.7143
v -102.9278 62.7414 26.8571
v -104.5092 60.7889 26.8571
v -108.0559 63.1948 29.7143
v -102.9278 62.7414 26.8571
v -108.0559 63.1948 29.7143
v -106.4208 65.2246 29.7143
v -104.5092 60.7889 26.8571
v -106.0403 58.8071 26.8571
v -109.6389 61.1345 29.7143
v -104.5092 60.7889 26.8571
v -109.6389 61.1345 29.7143
v -108.0559 63.1948 29.7143
v -106.0403 58.8071 26.8571
v -107.5202 56.7969 26.8571
v -111.1691 59.0448 29.7143
v -106.0403 58.8071 26.8571
v -111.1691 59.0448 29.7143
v -109.6389 61.1345 29.7143
v -107.5202 56.7969 26.8571
v -108.9484 54.7593 26.8571
v -112.6457 56.9266 29.7143
v -107.5202 56.7969 26.8571
v -112.6457 56.9266 29.7143
v -111.1691 59.0448 29.7143
v -108.9484 54.7593 26.8571
v -110.3240 52.6954 26.8571
v -114.0681 54.7809 29.7143
v -108.9484 54.7593 26.8571
v -114.0681 54.7809 29.7143
v -112.6457 56.9266 29.7143
v -110.3240 52.6954 26.8571
v -111.6465 50.6060 26.8571
v -115.4354 52.6089 29.7143
v -110.3240 52.6954 26.8571
v -115.4354 52.6089 29.7143
v -114.0681 54.7809 29.7143
v -111.6465 50.6060 26.8571
v -112.9152 48.4923 26.8571
v -116.7471 50.4115 29.7143
v -111.6465 50.6060 26.8571
v -116.7471 50.4115 29.7143
v -115.4354 52.6089 29.7143
v -112.9152 48.4923 26.8571
v -114.1294 46.3552 26.8571
v -118.0026 48.1898 29.7143
v -112.9152 48.4923 26.8571
v -118.0026 48.1898 29.7143
v -116.7471 50.4115 29.7143
v -114.1294 46.3552 26.8571
v -115.2887 44.1957 26.8571
v -119.2012 45.9449 29.7143
v -114.1294 46.3552 26.8571
v -119.2012 45.9449 29.7143
v -118.0026 48.1898 29.7143
v -115.2887 44.1957 26.8571
v -116.3923 42.0150 26.8571
v -120.3423 43.6779 29.7143
v -115.2887 44.1957 26.8571
v -120.3423 43.6779 29.7143
v -119.2012 45.9449 29.7143
v -116.3923 42.0150 26.8571
v -117.4399 39.8140 26.8571
v -121.4254 41.3897 29.7143
v -116.3923 42.0150 26.8571
v -121.4254 41.3897 29.7143
v -120.3423 43.6779 29.7143
v -117.4399 39.8140 26.8571
v -118.4309 37.5938 26.8571
v -122.4501 39.0817 29.7143
v -117.4399 39.8140 26.8571
v -122.4501 39.0817 29.7143
v -121.4254 41.3897 29.7143
v -118.4309 37.5938 26.8571
v -119.3648 35.3555 26.8571
v -123.4157 36.7548 29.7143
v -118.4309 37.5938 26.8571
v -123.4157 36.7548 29.7143
v -122.4501 39.0817 29.7143
v -119.3648 35.3555 26.8571
v -120.2412 33.1002 26.8571
v -124.3218 34.4102 29.7143
v -119.3648 35.3555 26.8571
v -124.3218 34.4102 29.7143
v -123.4157 36.7548 29.7143
v -120.2412 33.1002 26.8571
v -121.0596 30.8289 26.8571
v -125.1680 32.0490 29.7143
v -120.2412 33.1002 26.8571
v -125.1680 32.0490 29.7143
v -124.3218 34.4102 29.7143
v -121.0596 30.8289 26.8571
v -121.8197 28.5427 26.8571
v -125.9538 29.6724 29.7143
v -121.0596 30.8289 26.8571
v -125.9538 29.6724 29.7143
v -125.1680 32.0490 29.7143
v -121.8197 28.5427 26.8571
v -122.5211 26.2428 26.8571
v -126.6790 27.2815 29.7143
v -121.8197 28.5427 26.8571
v -126.6790 27.2815 29.7143
v -125.9538 29.6724 29.7143
v -122.5211 26.2428 26.8571
v -123.1634 23.9303 26.8571
v -127.3431 24.8774 29.7143
v -122.5211 26.2428 26.8571
v -127.3431 24.8774 29.7143
v -126.6790 27.2815 29.7143
v -123.1634 23.9303 26.8571
v -123.7463 21.6062 26.8571
v -127.9459 22.4613 29.7143
v -123.1634 23.9303 26.8571
v -127.9459 22.4613 29.7143
v -127.3431 24.8774 29.7143
v -123.7463 21.6062 26.8571
v -124.2697 19.2717 26.8571
v -128.4870 20.0344 29.7143
v -123.7463 21.6062 26.8571
v -128.4870 20.0344 29.7143
v -127.9459 22.4613 29.7143
v -124.2697 19.2717 26.8571
v -124.7331 16.9279 26.8571
v -128.9661 17.5978 29.7143
v -124.2697 19.2717 26.8571
v -128.9661 17.5978 29.7143
v -128.4870 20.0344 29.7143
v -124.7331 16.9279 26.8571
v -125.1364 14.5759 26.8571
v -129.3831 15.1528 29.7143
v -124.7331 16.9279 26.8571
v -129.3831 15.1528 29.7143
v -128.9661 17.5978 29.7143
v -125.1364 14.5759 26.8571
v -125.4794 12.2170 26.8571
v -129.7378 12.7005 29.7143
v -125.1364 14.5759 26.8571
v -129.7378 12.7005 29.7143
v -129.3831 15.1528 29.7143
v -125.4794 12.2170 26.8571
v -125.7619 9.8521 26.8571
v -130.0299 10.2420 29.7143
v -125.4794 12.2170 26.8571
v -130.0299 10.2420 29.7143
v -129.7378 12.7005 29.7143
v -125.7619 9.8521 26.8571
v -125.9839 7.4825 26.8571
v -130.2593 7.7786 29.7143
v -125.7619 9.8521 26.8571
v -130.2593 7.7786 29.7143
v -130.0299 10.2420 29.7143
v -125.9839 7.4825 26.8571
v -126.1451 5.1093 26.8571
v -130.4260 5.3115 29.7143
v -125.9839 7.4825 26.8571
v -130.4260 5.3115 29.7143
v -130.2593 7.7786 29.7143
v -126.1451 5.1093 26.8571
v -126.2455 2.7336 26.8571
v -130.5298 2.8418 29.7143
v -126.1451 5.1093 26.8571
v -130.5298 2.8418 29.7143
v -130.4260 5.3115 29.7143
v -126.2455 2.7336 26.8571
v -126.2850 0.3566 26.8571
v -130.5707 0.3707 29.7143
v -126.2455 2.7336 26.8571
v -130.5707 0.3707 29.7143
v -130.5298 2.8418 29.7143
v -126.2850 0.3566 26.8571
v -126.2637 -2.0206 26.8571
v -130.5487 -2.1005 29.7143
v -126.2850 0.3566 26.8571
v -130.5487 -2.1005 29.7143
v -130.5707 0.3707 29.7143
v -126.2637 -2.0206 26.8571
v -126.1816 -4.3968 26.8571
v -130.4638 -4.5708 29.7143
v -126.2637 -2.0206 26.8571
v -130.4638 -4.5708 29.7143
v -130.5487 -2.1005 29.7143
v -126.1816 -4.3968 26.8571
v -126.0386 -6.7708 26.8571
v -130.3159 -7.0388 29.7143
v -126.1816 -4.3968 26.8571
v -130.3159 -7.0388 29.7143
v -130.4638 -4.5708 29.7143
v -126.0386 -6.7708 26.8571
v -125.8349 -9.1417 26.8571
v -130.1053 -9.5035 29.7143
v -126.0386 -6.7708 26.8571
v -130.1053 -9.5035 29.7143
v -130.3159 -7.0388 29.7143
v -125.8349 -9.1417 26.8571
v -125.5705 -11.5081 26.8571
v -129.8320 -11.9635 29.7143
v -125.8349 -9.1417 26.8571
v -129.8320 -11.9635 29.7143
v -130.1053 -9.5035 29.7143
v -125.5705 -11.5081 26.8571
v -125.2457 -13.8689 26.8571
v -129.4961 -14.4178 29.7143
v -125.5705 -11.5081 26.8571
v -129.4961 -14.4178 29.7143
v -129.8320 -11.9635 29.7143
v -125.2457 -13.8689 26.8571
v -124.8604 -16.2231 26.8571
v -129.0978 -16.8652 29.7143
v -125.2457 -13.8689 26.8571
v -129.0978 -16.8652 29.7143
v -129.4961 -14.4178 29.7143
v -124.8604 -16.2231 26.8571
v -124.4150 -18.5695 26.8571
v -128.6372 -19.3044 29.7143
v -124.8604 -16.2231 26.8571
v -128.6372 -19.3044 29.7143
v -129.0978 -16.8652 29.7143
v -124.4150 -18.5695 26.8571
v -123.9096 -20.9069 26.8571
v -128.1147 -21.7343 29.7143
v -124.4150 -18.5695 26.8571
v -128.1147 -21.7343 29.7143
v -128.6372 -19.3044 29.7143
v -123.9096 -20.9069 26.8571
v -123.3445 -23.2342 26.8571
v -127.5304 -24.1538 29.7143
v -123.9096 -20.9069 26.8571
v -127.5304 -24.1538 29.7143
v -128.1147 -21.7343 29.7143
v -123.3445 -23.2342 26.8571
v -122.7200 -25.5503 26.8571
v -126.8847 -26.5616 29.7143
v -123.3445 -23.2342 26.8571
v -126.8847 -26.5616 29.7143
v -127.5304 -24.1538 29.7143
v -122.7200 -25.5503 26.8571
v -122.0363 -27.8541 26.8571
v -126.1778 -28.9566 29.7143
v -122.7200 -25.5503 26.8571
v -126.1778 -28.9566 29.7143
v -126.8847 -26.5616 29.7143
v -122.0363 -27.8541 26.8571
v -121.2938 -30.1445 26.8571
v -125.4101 -31.3376 29.7143
v -122.0363 -27.8541 26.8571
v -125.4101 -31.3376 29.7143
v -126.1778 -28.9566 29.7143
v -121.2938 -30.1445 26.8571
v -120.4928 -32.4204 26.8571
v -124.5819 -33.7035 29.7143
v -121.2938 -30.1445 26.8571
v -124.5819 -33.7035 29.7143
v -125.4101 -31.3376 29.7143
v -120.4928 -32.4204 26.8571
v -119.6338 -34.6806 26.8571
v -123.6938 -36.0532 29.7143
v -120.4928 -32.4204 26.8571
v -123.6938 -36.0532 29.7143
v -124.5819 -33.7035 29.7143
v -119.6338 -34.6806 26.8571
v -118.7171 -36.9242 26.8571
v -122.7460 -38.3856 29.7143
v -119.6338 -34.6806 26.8571
v -122.7460 -38.3856 29.7143
v -123.6938 -36.0532 29.7143
v -118.7171 -36.9242 26.8571
v -117.7432 -39.1499 26.8571
v -121.7390 -40.6994 29.7143
v -118.7171 -36.9242 26.8571
v -121.7390 -40.6994 29.7143
v -122.7460 -38.3856 29.7143
v -117.7432 -39.1499 26.8571
v -116.7125 -41.3568 26.8571
v -120.6734 -42.9936 29.7143
v -117.7432 -39.1499 26.8571
v -120.6734 -42.9936 29.7143
v -121.7390 -40.6994 29.7143
v -116.7125 -41.3568 26.8571
v -115.6256 -43.5437 26.8571
v -119.5496 -45.2671 29.7143
v -116.7125 -41.3568 26.8571
v -119.5496 -45.2671 29.7143
v -120.6734 -42.9936 29.7143
v -115.6256 -43.5437 26.8571
v -114.4830 -45.7096 26.8571
v -118.3682 -47.5187 29.7143
v -115.6256 -43.5437 26.8571
v -118.3682 -47.5187 29.7143
v -119.5496 -45.2671 29.7143
v -114.4830 -45.7096 26.8571
v -113.2852 -47.8536 26.8571
v -117.1297 -49.7475 29.7143
v -114.4830 -45.7096 26.8571
v -117.1297 -49.7475 29.7143
v -118.3682 -47.5187 29.7143
v -113.2852 -47.8536 26.8571
v -112.0328 -49.9744 26.8571
v -115.8348 -51.9523 29.7143
v -113.2852 -47.8536 26.8571
v -115.8348 -51.9523 29.7143
v -117.1297 -49.7475 29.7143
v -112.0328 -49.9744 26.8571
v -110.7264 -52.0712 26.8571
v -114.4841 -54.1321 29.7143
v -112.0328 -49.9744 26.8571
v -114.4841 -54.1321 29.7143
v -115.8348 -51.9523 29.7143
v -110.7264 -52.0712 26.8571
v -109.3666 -54.1429 26.8571
v -113.0782 -56.2857 29.7143
v -110.7264 -52.0712 26.8571
v -113.0782 -56.2857 29.7143
v -114.4841 -54.1321 29.7143
v 128.5878 19.5478 29.7143
v 128.0590 21.9767 29.7143
v 132.2623 22.8134 32.5714
v 128.5878 19.5478 29.7143
v 132.2623 22.8134 32.5714
v 132.8084 20.2920 32.5714
v 128.0590 21.9767 29.7143
v 127.4686 24.3951 29.7143
v 131.6525 25.3238 32.5714
v 128.0590 21.9767 29.7143
v 131.6525 25.3238 32.5714
v 132.2623 22.8134 32.5714
v 127.4686 24.3951 29.7143
v 126.8167 26.8016 29.7143
v 130.9792 27.8220 32.5714
v 127.4686 24.3951 29.7143
v 130.9792 27.8220 32.5714
v 131.6525 25.3238 32.5714
v 126.8167 26.8016 29.7143
v 126.1037 29.1953 29.7143
v 130.2428 30.3068 32.5714
v 126.8167 26.8016 29.7143
v 130.2428 30.3068 32.5714
v 130.9792 27.8220 32.5714
v 126.1037 29.1953 29.7143
v 125.3300 31.5749 29.7143
v 129.4437 32.7770 32.5714
v 126.1037 29.1953 29.7143
v 129.4437 32.7770 32.5714
v 130.2428 30.3068 32.5714
v 125.3300 31.5749 29.7143
v 124.4958 33.9393 29.7143
v 128.5821 35.2314 32.5714
v 125.3300 31.5749 29.7143
v 128.5821 35.2314 32.5714
v 129.4437 32.7770 32.5714
v 124.4958 33.9393 29.7143
v 123.6017 36.2873 29.7143
v 127.6586 37.6688 32.5714
v 124.4958 33.9393 29.7143
v 127.6586 37.6688 32.5714
v 128.5821 35.2314 32.5714
v 123.6017 36.2873 29.7143
v 122.6479 38.6178 29.7143
v 126.6736 40.0880 32.5714
v 123.6017 36.2873 29.7143
v 126.6736 40.0880 32.5714
v 127.6586 37.6688 32.5714
v 122.6479 38.6178 29.7143
v 121.6351 40.9297 29.7143
v 125.6275 42.4879 32.5714
v 122.6479 38.6178 29.7143
v 125.6275 42.4879 32.5714
v 126.6736 40.0880 32.5714
v 121.6351 40.9297 29.7143
v 120.5636 43.2219 29.7143
v 124.5208 44.8674 32.5714
v 121.6351 40.9297 29.7143
v 124.5208 44.8674 32.5714
v 125.6275 42.4879 32.5714
v 120.5636 43.2219 29.7143
v 119.4340 45.4932 29.7143
v 123.3542 47.2252 32.5714
v 120.5636 43.2219 29.7143
v 123.3542 47.2252 32.5714
v 124.5208 44.8674 32.5714
v 119.4340 45.4932 29.7143
v 118.2469 47.7427 29.7143
v 122.1281 49.5603 32.5714
v 119.4340 45.4932 29.7143
v 122.1281 49.5603 32.5714
v 123.3542 47.2252 32.5714
v 118.2469 47.7427 29.7143
v 117.0028 49.9691 29.7143
v 120.8431 51.8715 32.5714
v 118.2469 47.7427 29.7143
v 120.8431 51.8715 32.5714
v 122.1281 49.5603 32.5714
v 117.0028 49.9691 29.7143
v 115.7022 52.1714 29.7143
v 119.4999 54.1576 32.5714
v 117.0028 49.9691 29.7143
v 119.4999 54.1576 32.5714
v 120.8431 51.8715 32.5714
v 115.7022 52.1714 29.7143
v 114.3460 54.3486 29.7143
v 118.0991 56.4177 32.5714
v 115.7022 52.1714 29.7143
v 118.0991 56.4177 32.5714
v 119.4999 54.1576 32.5714
v 114.3460 54.3486 29.7143
v 112.9346 56.4996 29.7143
v 116.6414 58.6506 32.5714
v 114.3460 54.3486 29.7143
v 116.6414 58.6506 32.5714
v 118.0991 56.4177 32.5714
v 112.9346 56.4996 29.7143
v 111.4688 58.6234 29.7143
v 115.1275 60.8552 32.5714
v 112.9346 56.4996 29.7143
v 115.1275 60.8552 32.5714
v 116.6414 58.6506 32.5714
v 111.4688 58.6234 29.7143
v 109.9492 60.7189 29.7143
v 113.5581 63.0305 32.5714
v 111.4688 58.6234 29.7143
v 113.5581 63.0305 32.5714
v 115.1275 60.8552 32.5714
v 109.9492 60.7189 29.7143
v 108.3767 62.7851 29.7143
v 111.9339 65.1754 32.5714
v 109.9492 60.7189 29.7143
v 111.9339 65.1754 32.5714
v 113.5581 63.0305 32.5714
v 108.3767 62.7851 29.7143
v 106.7519 64.8211 29.7143
v 110.2558 67.2889 32.5714
v 108.3767 62.7851 29.7143
v 110.2558 67.2889 32.5714
v 111.9339 65.1754 32.5714
v 106.7519 64.8211 29.7143
v 105.0757 66.8259 29.7143
v 108.5246 69.3700 32.5714
v 106.7519 64.8211 29.7143
v 108.5246 69.3700 32.5714
v 110.2558 67.2889 32.5714
v 105.0757 66.8259 29.7143
v 103.3489 68.7984 29.7143
v 106.7411 71.4177 32.5714
v 105.0757 66.8259 29.7143
v 106.7411 71.4177 32.5714
v 108.5246 69.3700 32.5714
v 103.3489 68.7984 29.7143
v 101.5722 70.7378 29.7143
v 104.9061 73.4309 32.5714
v 103.3489 68.7984 29.7143
v 104.9061 73.4309 32.5714
v 106.7411 71.4177 32.5714
v 101.5722 70.7378 29.7143
v 99.7466 72.6431 29.7143
v 103.0205 75.4087 32.5714
v 101.5722 70.7378 29.7143
v 103.0205 75.4087 32.5714
v 104.9061 73.4309 32.5714
v 99.7466 72.6431 29.7143
v 97.8729 74.5134 29.7143
v 101.0854 77.3502 32.5714
v 99.7466 72.6431 29.7143
v 101.0854 77.3502 32.5714
v 103.0205 75.4087 32.5714
v 97.8729 74.5134 29.7143
v 95.9520 76.3478 29.7143
v 99.1015 79.2544 32.5714
v 97.8729 74.5134 29.7143
v 99.1015 79.2544 32.5714
v 101.0854 77.3502 32.5714
v 95.9520 76.3478 29.7143
v 93.9849 78.1453 29.7143
v 97.0698 81.1204 32.5714
v 95.9520 76.3478 29.7143
v 97.0698 81.1204 32.5714
v 99.1015 79.2544 32.5714
v 93.9849 78.1453 29.7143
v 91.9725 79.9052 29.7143
v 94.9913 82.9473 32.5714
v 93.9849 78.1453 29.7143
v 94.9913 82.9473 32.5714
v 97.0698 81.1204 32.5714
v 91.9725 79.9052 29.7143
v 89.9158 81.6267 29.7143
v 92.8671 84.7343 32.5714
v 91.9725 79.9052 29.7143
v 92.8671 84.7343 32.5714
v 94.9913 82.9473 32.5714
v 89.9158 81.6267 29.7143
v 87.8158 83.3087 29.7143
v 90.6981 86.4804 32.5714
v 89.9158 81.6267 29.7143
v 90.6981 86.4804 32.5714
v 92.8671 84.7343 32.5714
v 87.8158 83.3087 29.7143
v 85.6734 84.9506 29.7143
v 88.4854 88.1848 32.5714
v 87.8158 83.3087 29.7143
v 88.4854 88.1848 32.5714
v 90.6981 86.4804 32.5714
v 85.6734 84.9506 29.7143
v 83.4897 86.5516 29.7143
v 86.2301 89.8467 32.5714
v 85.6734 84.9506 29.7143
v 86.2301 89.8467 32.5714
v 88.4854 88.1848 32.5714
v 83.4897 86.5516 29.7143
v 81.2658 88.1109 29.7143
v 83.9332 91.4653 32.5714
v 83.4897 86.5516 29.7143
v 83.9332 91.4653 32.5714
v 86.2301 89.8467 32.5714
v 81.2658 88.1109 29.7143
v 79.0027 89.6276 29.7143
v 81.5958 93.0399 32.5714
v 81.2658 88.1109 29.7143
v 81.5958 93.0399 32.5714
v 83.9332 91.4653 32.5714
v 79.0027 89.6276 29.7143
v 76.7016 91.1012 29.7143
v 79.2191 94.5696 32.5714
v 79.0027 89.6276 29.7143
v 79.2191 94.5696 32.5714
v 81.5958 93.0399 32.5714
v 76.7016 91.1012 29.7143
v 74.3635 92.5309 29.7143
v 76.8043 96.0537 32.5714
v 76.7016 91.1012 29.7143
v 76.8043 96.0537 32.5714
v 79.2191 94.5696 32.5714
v 74.3635 92.5309 29.7143
v 71.9895 93.9160 29.7143
v 74.3524 97.4915 32.5714
v 74.3635 92.5309 29.7143
v 74.3524 97.4915 32.5714
v 76.8043 96.0537 32.5714
v 71.9895 93.9160 29.7143
v 69.5808 95.2559 29.7143
v 71.8647 98.8823 32.5714
v 71.9895 93.9160 29.7143
v 71.8647 98.8823 32.5714
v 74.3524 97.4915 32.5714
v 69.5808 95.2559 29.7143
v 67.1387 96.5498 29.7143
v 69.3423 100.2255 32.5714
v 69.5808 95.2559 29.7143
v 69.3423 100.2255 32.5714
v 71.8647 98.8823 32.5714
v 67.1387 96.5498 29.7143
v 64.6641 97.7972 29.7143
v 66.7866 101.5204 32.5714
v 67.1387 96.5498 29.7143
v 66.7866 101.5204 32.5714
v 69.3423 100.2255 32.5714
v 64.6641 97.7972 29.7143
v 62.1584 98.9974 29.7143
v 64.1986 102.7664 32.5714
v 64.6641 97.7972 29.7143
v 64.1986 102.7664 32.5714
v 66.7866 101.5204 32.5714
v 62.1584 98.9974 29.7143
v 59.6227 100.1500 29.7143
v 61.5797 103.9628 32.5714
v 62.1584 98.9974 29.7143
v 61.5797 103.9628 32.5714
v 64.1986 102.7664 32.5714
v 59.6227 100.1500 29.7143
v 57.0583 101.2542 29.7143
v 58.9311 105.1091 32.5714
v 59.6227 100.1500 29.7143
v 58.9311 105.1091 32.5714
v 61.5797 103.9628 32.5714
v 57.0583 101.2542 29.7143
v 54.4664 102.3097 29.7143
v 56.2542 106.2048 32.5714
v 57.0583 101.2542 29.7143
v 56.2542 106.2048 32.5714
v 58.9311 105.1091 32.5714
v 54.4664 102.3097 29.7143
v 51.8483 103.3159 29.7143
v 53.5501 107.2492 32.5714
v 54.4664 102.3097 29.7143
v 53.5501 107.2492 32.5714
v 56.2542 106.2048 32.5714
v 51.8483 103.3159 29.7143
v 49.2051 104.2723 29.7143
v 50.8202 108.2420 32.5714
v 51.8483 103.3159 29.7143
v 50.8202 108.2420 32.5714
v 53.5501 107.2492 32.5714
v 49.2051 104.2723 29.7143
v 46.5383 105.1784 29.7143
v 48.0658 109.1826 32.5714
v 49.2051 104.2723 29.7143
v 48.0658 109.1826 32.5714
v 50.8202 108.2420 32.5714
v 46.5383 105.1784 29.7143
v 43.8490 106.0338 29.7143
v 45.2882 110.0706 32.5714
v 46.5383 105.1784 29.7143
v 45.2882 110.0706 32.5714
v 48.0658 109.1826 32.5714
v 43.8490 106.0338 29.7143
v 41.1386 106.8382 29.7143
v 42.4889 110.9056 32.5714
v 43.8490 106.0338 29.7143
v 42.4889 110.9056 32.5714
v 45.2882 110.0706 32.5714
v 41.1386 106.8382 29.7143
v 38.4083 107.5910 29.7143
v 39.6690 111.6871 32.5714
v 41.1386 106.8382 29.7143
v 39.6690 111.6871 32.5714
v 42.4889 110.9056 32.5714
v 38.4083 107.5910 29.7143
v 35.6596 108.2920 29.7143
v 36.8300 112.4148 32.5714
v 38.4083 107.5910 29.7143
v 36.8300 112.4148 32.5714
v 39.6690 111.6871 32.5714
v 35.6596 108.2920 29.7143
v 32.8936 108.9408 29.7143
v 33.9733 113.0883 32.5714
v 35.6596 108.2920 29.7143
v 33.9733 113.0883 32.5714
v 36.8300 112.4148 32.5714
v 32.8936 108.9408 29.7143
v 30.1118 109.5371 29.7143
v 31.1002 113.7072 32.5714
v 32.8936 108.9408 29.7143
v 31.1002 113.7072 32.5714
v 33.9733 113.0883 32.5714
v 30.1118 109.5371 29.7143
v 27.3155 110.0805 29.7143
v 28.2121 114.2714 32.5714
v 30.1118 109.5371 29.7143
v 28.2121 114.2714 32.5714
v 31.1002 113.7072 32.5714
v 27.3155 110.0805 29.7143
v 24.5061 110.5710 29.7143
v 25.3104 114.7805 32.5714
v 27.3155 110.0805 29.7143
v 25.3104 114.7805 32.5714
v 28.2121 114.2714 32.5714
v 24.5061 110.5710 29.7143
v 21.6848 111.0081 29.7143
v 22.3965 115.2343 32.5714
v 24.5061 110.5710 29.7143
v 22.3965 115.2343 32.5714
v 25.3104 114.7805 32.5714
v 21.6848 111.0081 29.7143
v 18.8531 111.3918 29.7143
v 19.4719 115.6326 32.5714
v 21.6848 111.0081 29.7143
v 19.4719 115.6326 32.5714
v 22.3965 115.2343 32.5714
v 18.8531 111.3918 29.7143
v 16.0122 111.7218 29.7143
v 16.5378 115.9751 32.5714
v 18.8531 111.3918 29.7143
v 16.5378 115.9751 32.5714
v 19.4719 115.6326 32.5714
v 16.0122 111.7218 29.7143
v 13.1637 111.9979 29.7143
v 13.5958 116.2618 32.5714
v 16.0122 111.7218 29.7143
v 13.5958 116.2618 32.5714
v 16.5378 115.9751 32.5714
v 13.1637 111.9979 29.7143
v 10.3088 112.2200 29.7143
v 10.6472 116.4924 32.5714
v 13.1637 111.9979 29.7143
v 10.6472 116.4924 32.5714
v 13.5958 116.2618 32.5714
v 10.3088 112.2200 29.7143
v 7.4490 112.3881 29.7143
v 7.6935 116.6668 32.5714
v 10.3088 112.2200 29.7143
v 7.6935 116.6668 32.5714
v 10.6472 116.4924 32.5714
v 7.4490 112.3881 29.7143
v 4.5855 112.5020 29.7143
v 4.7360 116.7851 32.5714
v 7.4490 112.3881 29.7143
v 4.7360 116.7851 32.5714
v 7.6935 116.6668 32.5714
v 4.5855 112.5020 29.7143
v 1.7199 112.5617 29.7143
v 1.7763 116.8470 32.5714
v 4.5855 112.5020 29.7143
v 1.7763 116.8470 32.5714
v 4.7360 116.7851 32.5714
v 1.7199 112.5617 29.7143
v -1.1466 112.5671 29.7143
v -1.1842 116.8526 32.5714
v 1.7199 112.5617 29.7143
v -1.1842 116.8526 32.5714
v 1.7763 116.8470 32.5714
v -1.1466 112.5671 29.7143
v -4.0125 112.5183 29.7143
v -4.1442 116.8020 32.5714
v -1.1466 112.5671 29.7143
v -4.1442 116.8020 32.5714
v -1.1842 116.8526 32.5714
v -4.0125 112.5183 29.7143
v -6.8765 112.4152 29.7143
v -7.1022 116.6950 32.5714
v -4.0125 112.5183 29.7143
v -7.1022 116.6950 32.5714
v -4.1442 116.8020 32.5714
v -6.8765 112.4152 29.7143
v -9.7372 112.2580 29.7143
v -10.0568 116.5318 32.5714
v -6.8765 112.4152 29.7143
v -10.0568 116.5318 32.5714
v -7.1022 116.6950 32.5714
v -9.7372 112.2580 29.7143
v -12.5932 112.0466 29.7143
v -13.0065 116.3124 32.5714
v -9.7372 112.2580 29.7143
v -13.0065 116.3124 32.5714
v -10.0568 116.5318 32.5714
v -12.5932 112.0466 29.7143
v -15.4431 111.7813 29.7143
v -15.9500 116.0369 32.5714
v -12.5932 112.0466 29.7143
v -15.9500 116.0369 32.5714
v -13.0065 116.3124 32.5714
v -15.4431 111.7813 29.7143
v -18.2856 111.4621 29.7143
v -18.8858 115.7056 32.5714
v -15.4431 111.7813 29.7143
v -18.8858 115.7056 32.5714
v -15.9500 116.0369 32.5714
v -18.2856 111.4621 29.7143
v -21.1192 111.0892 29.7143
v -21.8124 115.3184 32.5714
v -18.2856 111.4621 29.7143
v -21.8124 115.3184 32.5714
v -18.8858 115.7056 32.5714
v -21.1192 111.0892 29.7143
v -23.9427 110.6627 29.7143
v -24.7286 114.8757 32.5714
v -21.1192 111.0892 29.7143
v -24.7286 114.8757 32.5714
v -21.8124 115.3184 32.5714
v -23.9427 110.6627 29.7143
v -26.7547 110.1829 29.7143
v -27.6328 114.3777 32.5714
v -23.9427 110.6627 29.7143
v -27.6328 114.3777 32.5714
v -24.7286 114.8757 32.5714
v -26.7547 110.1829 29.7143
v -29.5537 109.6500 29.7143
v -30.5237 113.8245 32.5714
v -26.7547 110.1829 29.7143
v -30.5237 113.8245 32.5714
v -27.6328 114.3777 32.5714
v -29.5537 109.6500 29.7143
v -32.3385 109.0642 29.7143
v -33.3999 113.2164 32.5714
v -29.5537 109.6500 29.7143
v -33.3999 113.2164 32.5714
v -30.5237 113.8245 32.5714
v -32.3385 109.0642 29.7143
v -35.1077 108.4259 29.7143
v -36.2601 112.5538 32.5714
v -32.3385 109.0642 29.7143
v -36.2601 112.5538 32.5714
v -33.3999 113.2164 32.5714
v -35.1077 108.4259 29.7143
v -37.8600 107.7353 29.7143
v -39.1027 111.8369 32.5714
v -35.1077 108.4259 29.7143
v -39.1027 111.8369 32.5714
v -36.2601 112.5538 32.5714
v -37.8600 107.7353 29.7143
v -40.5941 106.9928 29.7143
v -41.9265 111.0662 32.5714
v -37.8600 107.7353 29.7143
v -41.9265 111.0662 32.5714
v -39.1027 111.8369 32.5714
v -40.5941 106.9928 29.7143
v -43.3086 106.1988 29.7143
v -44.7301 110.2419 32.5714
v -40.5941 106.9928 29.7143
v -44.7301 110.2419 32.5714
v -41.9265 111.0662 32.5714
v -43.3086 106.1988 29.7143
v -46.0022 105.3535 29.7143
v -47.5121 109.3645 32.5714
v -43.3086 106.1988 29.7143
v -47.5121 109.3645 32.5714
v -44.7301 110.2419 32.5714
v -46.0022 105.3535 29.7143
v -48.6736 104.4575 29.7143
v -50.2712 108.4343 32.5714
v -46.0022 105.3535 29.7143
v -50.2712 108.4343 32.5714
v -47.5121 109.3645 32.5714
v -48.6736 104.4575 29.7143
v -51.3216 103.5112 29.7143
v -53.0061 107.4519 32.5714
v -48.6736 104.4575 29.7143
v -53.0061 107.4519 32.5714
v -50.2712 108.4343 32.5714
v -51.3216 103.5112 29.7143
v -53.9449 102.5149 29.7143
v -55.7155 106.4178 32.5714
v -51.3216 103.5112 29.7143
v -55.7155 106.4178 32.5714
v -53.0061 107.4519 32.5714
v -53.9449 102.5149 29.7143
v -56.5421 101.4693 29.7143
v -58.3980 105.3323 32.5714
v -53.9449 102.5149 29.7143
v -58.3980 105.3323 32.5714
v -55.7155 106.4178 32.5714
v -56.5421 101.4693 29.7143
v -59.1121 100.3747 29.7143
v -61.0523 104.1961 32.5714
v -56.5421 101.4693 29.7143
v -61.0523 104.1961 32.5714
v -58.3980 105.3323 32.5714
v -59.1121 100.3747 29.7143
v -61.6536 99.2318 29.7143
v -63.6773 103.0096 32.5714
v -59.1121 100.3747 29.7143
v -63.6773 103.0096 32.5714
v -61.0523 104.1961 32.5714
v -61.6536 99.2318 29.7143
v -64.1654 98.0410 29.7143
v -66.2715 101.7735 32.5714
v -61.6536 99.2318 29.7143
v -66.2715 101.7735 32.5714
v -63.6773 103.0096 32.5714
v -64.1654 98.0410 29.7143
v -66.6463 96.8030 29.7143
v -68.8338 100.4884 32.5714
v -64.1654 98.0410 29.7143
v -68.8338 100.4884 32.5714
v -66.2715 101.7735 32.5714
v -66.6463 96.8030 29.7143
v -69.0951 95.5183 29.7143
v -71.3629 99.1548 32.5714
v -66.6463 96.8030 29.7143
v -71.3629 99.1548 32.5714
v -68.8338 100.4884 32.5714
v -69.0951 95.5183 29.7143
v -71.5105 94.1876 29.7143
v -73.8577 97.7735 32.5714
v -69.0951 95.5183 29.7143
v -73.8577 97.7735 32.5714
v -71.3629 99.1548 32.5714
v -71.5105 94.1876 29.7143
v -73.8915 92.8115 29.7143
v -76.3168 96.3450 32.5714
v -71.5105 94.1876 29.7143
v -76.3168 96.3450 32.5714
v -73.8577 97.7735 32.5714
v -73.8915 92.8115 29.7143
v -76.2369 91.3907 29.7143
v -78.7392 94.8701 32.5714
v -73.8915 92.8115 29.7143
v -78.7392 94.8701 32.5714
v -76.3168 96.3450 32.5714
v -76.2369 91.3907 29.7143
v -78.5455 89.9258 29.7143
v -81.1236 93.3494 32.5714
v -76.2369 91.3907 29.7143
v -81.1236 93.3494 32.5714
v -78.7392 94.8701 32.5714
v -78.5455 89.9258 29.7143
v -80.8163 88.4176 29.7143
v -83.4689 91.7838 32.5714
v -78.5455 89.9258 29.7143
v -83.4689 91.7838 32.5714
v -81.1236 93.3494 32.5714
v -80.8163 88.4176 29.7143
v -83.0481 86.8668 29.7143
v -85.7740 90.1739 32.5714
v -80.8163 88.4176 29.7143
v -85.7740 90.1739 32.5714
v -83.4689 91.7838 32.5714
v -83.0481 86.8668 29.7143
v -85.2399 85.2741 29.7143
v -88.0377 88.5206 32.5714
v -83.0481 86.8668 29.7143
v -88.0377 88.5206 32.5714
v -85.7740 90.1739 32.5714
v -85.2399 85.2741 29.7143
v -87.3906 83.6403 29.7143
v -90.2590 86.8246 32.5714
v -85.2399 85.2741 29.7143
v -90.2590 86.8246 32.5714
v -88.0377 88.5206 32.5714
v -87.3906 83.6403 29.7143
v -89.4992 81.9662 29.7143
v -92.4369 85.0868 32.5714
v -87.3906 83.6403 29.7143
v -92.4369 85.0868 32.5714
v -90.2590 86.8246 32.5714
v -89.4992 81.9662 29.7143
v -91.5647 80.2526 29.7143
v -94.5701 83.3079 32.5714
v -89.4992 81.9662 29.7143
v -94.5701 83.3079 32.5714
v -92.4369 85.0868 32.5714
v -91.5647 80.2526 29.7143
v -93.5861 78.5004 29.7143
v -96.6578 81.4890 32.5714
v -91.5647 80.2526 29.7143
v -96.6578 81.4890 32.5714
v -94.5701 83.3079 32.5714
v -93.5861 78.5004 29.7143
v -95.5623 76.7102 29.7143
v -98.6989 79.6307 32.5714
v -93.5861 78.5004 29.7143
v -98.6989 79.6307 32.5714
v -96.6578 81.4890 32.5714
v -95.5623 76.7102 29.7143
v -97.4925 74.8832 29.7143
v -100.6924 77.7340 32.5714
v -95.5623 76.7102 29.7143
v -100.6924 77.7340 32.5714
v -98.6989 79.6307 32.5714
v -97.4925 74.8832 29.7143
v -99.3757 73.0200 29.7143
v -102.6375 75.7999 32.5714
v -97.4925 74.8832 29.7143
v -102.6375 75.7999 32.5714
v -100.6924 77.7340 32.5714
v -99.3757 73.0200 29.7143
v -101.2110 71.1216 29.7143
v -104.5330 73.8293 32.5714
v -99.3757 73.0200 29.7143
v -104.5330 73.8293 32.5714
v -102.6375 75.7999 32.5714
v -101.2110 71.1216 29.7143
v -102.9975 69.1890 29.7143
v -106.3782 71.8231 32.5714
v -101.2110 71.1216 29.7143
v -106.3782 71.8231 32.5714
v -104.5330 73.8293 32.5714
v -102.9975 69.1890 29.7143
v -104.7344 67.2230 29.7143
v -108.1720 69.7822 32.5714
v -102.9975 69.1890 29.7143
v -108.1720 69.7822 32.5714
v -106.3782 71.8231 32.5714
v -104.7344 67.2230 29.7143
v -106.4208 65.2246 29.7143
v -109.9138 67.7078 32.5714
v -104.7344 67.2230 29.7143
v -109.9138 67.7078 32.5714
v -108.1720 69.7822 32.5714
v -106.4208 65.2246 29.7143
v -108.0559 63.1948 29.7143
v -111.6026 65.6007 32.5714
v -106.4208 65.2246 29.7143
v -111.6026 65.6007 32.5714
v -109.9138 67.7078 32.5714
v -108.0559 63.1948 29.7143
v -109.6389 61.1345 29.7143
v -113.2376 63.4620 32.5714
v -108.0559 63.1948 29.7143
v -113.2376 63.4620 32.5714
v -111.6026 65.6007 32.5714
v -109.6389 61.1345 29.7143
v -111.1691 59.0448 29.7143
v -114.8180 61.2927 32.5714
v -109.6389 61.1345 29.7143
v -114.8180 61.2927 32.5714
v -113.2376 63.4620 32.5714
v -111.1691 59.0448 29.7143
v -112.6457 56.9266 29.7143
v -116.3431 59.0938 32.5714
v -111.1691 59.0448 29.7143
v -116.3431 59.0938 32.5714
v -114.8180 61.2927 32.5714
v -112.6457 56.9266 29.7143
v -114.0681 54.7809 29.7143
v -117.8121 56.8665 32.5714
v -112.6457 56.9266 29.7143
v -117.8121 56.8665 32.5714
v -116.3431 59.0938 32.5714
v -114.0681 54.7809 29.7143
v -115.4354 52.6089 29.7143
v -119.2243 54.6118 32.5714
v -114.0681 54.7809 29.7143
v -119.2243 54.6118 32.5714
v -117.8121 56.8665 32.5714
v -115.4354 52.6089 29.7143
v -116.7471 50.4115 29.7143
v -120.5791 52.3307 32.5714
v -115.4354 52.6089 29.7143
v -120.5791 52.3307 32.5714
v -119.2243 54.6118 32.5714
v -116.7471 50.4115 29.7143
v -118.0026 48.1898 29.7143
v -121.8758 50.0245 32.5714
v -116.7471 50.4115 29.7143
v -121.8758 50.0245 32.5714
v -120.5791 52.3307 32.5714
v -118.0026 48.1898 29.7143
v -119.2012 45.9449 29.7143
v -123.1137 47.6941 32.5714
v -118.0026 48.1898 29.7143
v -123.1137 47.6941 32.5714
v -121.8758 50.0245 32.5714
v -119.2012 45.9449 29.7143
v -120.3423 43.6779 29.7143
v -124.2923 45.3407 32.5714
v -119.2012 45.9449 29.7143
v -124.2923 45.3407 32.5714
v -123.1137 47.6941 32.5714
v -120.3423 43.6779 29.7143
v -121.4254 41.3897 29.7143
v -125.4110 42.9655 32.5714
v -120.3423 43.6779 29.7143
v -125.4110 42.9655 32.5714
v -124.2923 45.3407 32.5714
v -121.4254 41.3897 29.7143
v -122.4501 39.0817 29.7143
v -126.4692 40.5696 32.5714
v -121.4254 41.3897 29.7143
v -126.4692 40.5696 32.5714
v -125.4110 42.9655 32.5714
v -122.4501 39.0817 29.7143
v -123.4157 36.7548 29.7143
v -127.4665 38.1541 32.5714
v -122.4501 39.0817 29.7143
v -127.4665 38.1541 32.5714
v -126.4692 40.5696 32.5714
v -123.4157 36.7548 29.7143
v -124.3218 34.4102 29.7143
v -128.4024 35.7202 32.5714
v -123.4157 36.7548 29.7143
v -128.4024 35.7202 32.5714
v -127.4665 38.1541 32.5714
v -124.3218 34.4102 29.7143
v -125.1680 32.0490 29.7143
v -129.2763 33.2692 32.5714
v -124.3218 34.4102 29.7143
v -129.2763 33.2692 32.5714
v -128.4024 35.7202 32.5714
v -125.1680 32.0490 29.7143
v -125.9538 29.6724 29.7143
v -130.0880 30.8020 32.5714
v -125.1680 32.0490 29.7143
v -130.0880 30.8020 32.5714
v -129.2763 33.2692 32.5714
v -125.9538 29.6724 29.7143
v -126.6790 27.2815 29.7143
v -130.8370 28.3201 32.5714
v -125.9538 29.6724 29.7143
v -130.8370 28.3201 32.5714
v -130.0880 30.8020 32.5714
v -126.6790 27.2815 29.7143
v -127.3431 24.8774 29.7143
v -131.5229 25.8245 32.5714
v -126.6790 27.2815 29.7143
v -131.5229 25.8245 32.5714
v -130.8370 28.3201 32.5714
v -127.3431 24.8774 29.7143
v -127.9459 22.4613 29.7143
v -132.1454 23.3164 32.5714
v -127.3431 24.8774 29.7143
v -132.1454 23.3164 32.5714
v -131.5229 25.8245 32.5714
v -127.9459 22.4613 29.7143
v -128.4870 20.0344 29.7143
v -132.7043 20.7971 32.5714
v -127.9459 22.4613 29.7143
v -132.7043 20.7971 32.5714
v -132.1454 23.3164 32.5714
v -128.4870 20.0344 29.7143
v -128.9661 17.5978 29.7143
v -133.1991 18.2678 32.5714
v -128.4870 20.0344 29.7143
v -133.1991 18.2678 32.5714
v -132.7043 20.7971 32.5714
v -128.9661 17.5978 29.7143
v -129.3831 15.1528 29.7143
v -133.6298 15.7297 32.5714
v -128.9661 17.5978 29.7143
v -133.6298 15.7297 32.5714
v -133.1991 18.2678 32.5714
v -129.3831 15.1528 29.7143
v -129.7378 12.7005 29.7143
v -133.9961 13.1840 32.5714
v -129.3831 15.1528 29.7143
v -133.9961 13.1840 32.5714
v -133.6298 15.7297 32.5714
v -129.7378 12.7005 29.7143
v -130.0299 10.2420 29.7143
v -134.2978 10.6319 32.5714
v -129.7378 12.7005 29.7143
v -134.2978 10.6319 32.5714
v -133.9961 13.1840 32.5714
v -130.0299 10.2420 29.7143
v -130.2593 7.7786 29.7143
v -134.5348 8.0748 32.5714
v -130.0299 10.2420 29.7143
v -134.5348 8.0748 32.5714
v -134.2978 10.6319 32.5714
v -130.2593 7.7786 29.7143
v -130.4260 5.3115 29.7143
v -134.7069 5.5137 32.5714
v -130.2593 7.7786 29.7143
v -134.7069 5.5137 32.5714
v -134.5348 8.0748 32.5714
v -130.4260 5.3115 29.7143
v -130.5298 2.8418 29.7143
v -134.8142 2.9500 32.5714
v -130.4260 5.3115 29.7143
v -134.8142 2.9500 32.5714
v -134.7069 5.5137 32.5714
v -130.5298 2.8418 29.7143
v -130.5707 0.3707 29.7143
v -134.8564 0.3848 32.5714
v -130.5298 2.8418 29.7143
v -134.8564 0.3848 32.5714
v -134.8142 2.9500 32.5714
v -130.5707 0.3707 29.7143
v -130.5487 -2.1005 29.7143
v -134.8337 -2.1805 32.5714
v -130.5707 0.3707 29.7143
v -134.8337 -2.1805 32.5714
v -134.8564 0.3848 32.5714
v -130.5487 -2.1005 29.7143
v -130.4638 -4.5708 29.7143
v -134.7459 -4.7448 32.5714
v -130.5487 -2.1005 29.7143
v -134.7459 -4.7448 32.5714
v -134.8337 -2.1805 32.5714
v -130.4638 -4.5708 29.7143
v -130.3159 -7.0388 29.7143
v -134.5933 -7.3068 32.5714
v -130.4638 -4.5708 29.7143
v -134.5933 -7.3068 32.5714
v -134.7459 -4.7448 32.5714
v -130.3159 -7.0388 29.7143
v -130.1053 -9.5035 29.7143
v -134.3757 -9.8653 32.5714
v -130.3159 -7.0388 29.7143
v -134.3757 -9.8653 32.5714
v -134.5933 -7.3068 32.5714
v -130.1053 -9.5035 29.7143
v -129.8320 -11.9635 29.7143
v -134.0934 -12.4190 32.5714
v -130.1053 -9.5035 29.7143
v -134.0934 -12.4190 32.5714
v -134.3757 -9.8653 32.5714
v -129.8320 -11.9635 29.7143
v -129.4961 -14.4178 29.7143
v -133.7465 -14.9667 32.5714
v -129.8320 -11.9635 29.7143
v -133.7465 -14.9667 32.5714
v -134.0934 -12.4190 32.5714
v -129.4961 -14.4178 29.7143
v -129.0978 -16.8652 29.7143
v -133.3351 -17.5072 32.5714
v -129.4961 -14.4178 29.7143
v -133.3351 -17.5072 32.5714
v -133.7465 -14.9667 32.5714
v -129.0978 -16.8652 29.7143
v -128.6372 -19.3044 29.7143
v -132.8595 -20.0393 32.5714
v -129.0978 -16.8652 29.7143
v -132.8595 -20.0393 32.5714
v -133.3351 -17.5072 32.5714
v -128.6372 -19.3044 29.7143
v -128.1147 -21.7343 29.7143
v -132.3198 -22.5618 32.5714
v -128.6372 -19.3044 29.7143
v -132.3198 -22.5618 32.5714
v -132.8595 -20.0393 32.5714
v -128.1147 -21.7343 29.7143
v -127.5304 -24.1538 29.7143
v -131.7163 -25.0733 32.5714
v -128.1147 -21.7343 29.7143
v -131.7163 -25.0733 32.5714
v -132.3198 -22.5618 32.5714
v -127.5304 -24.1538 29.7143
v -126.8847 -26.5616 29.7143
v -131.0494 -27.5728 32.5714
v -127.5304 -24.1538 29.7143
v -131.0494 -27.5728 32.5714
v -131.7163 -25.0733 32.5714
v -126.8847 -26.5616 29.7143
v -126.1778 -28.9566 29.7143
v -130.3193 -30.0590 32.5714
v -126.8847 -26.5616 29.7143
v -130.3193 -30.0590 32.5714
v -131.0494 -27.5728 32.5714
v -126.1778 -28.9566 29.7143
v -125.4101 -31.3376 29.7143
v -129.5264 -32.5307 32.5714
v -126.1778 -28.9566 29.7143
v -129.5264 -32.5307 32.5714
v -130.3193 -30.0590 32.5714
v -125.4101 -31.3376 29.7143
v -124.5819 -33.7035 29.7143
v -128.6711 -34.9867 32.5714
v -125.4101 -31.3376 29.7143
v -128.6711 -34.9867 32.5714
v -129.5264 -32.5307 32.5714
v -124.5819 -33.7035 29.7143
v -123.6938 -36.0532 29.7143
v -127.7537 -37.4258 32.5714
v -124.5819 -33.7035 29.7143
v -127.7537 -37.4258 32.5714
v -128.6711 -34.9867 32.5714
v -123.6938 -36.0532 29.7143
v -122.7460 -38.3856 29.7143
v -126.7748 -39.8469 32.5714
v -123.6938 -36.0532 29.7143
v -126.7748 -39.8469 32.5714
v -127.7537 -37.4258 32.5714
v -122.7460 -38.3856 29.7143
v -121.7390 -40.6994 29.7143
v -125.7348 -42.2488 32.5714
v -122.7460 -38.3856 29.7143
v -125.7348 -42.2488 32.5714
v -126.7748 -39.8469 32.5714
v -121.7390 -40.6994 29.7143
v -120.6734 -42.9936 29.7143
v -124.6342 -44.6304 32.5714
v -121.7390 -40.6994 29.7143
v -124.6342 -44.6304 32.5714
v -125.7348 -42.2488 32.5714
v -120.6734 -42.9936 29.7143
v -119.5496 -45.2671 29.7143
v -123.4735 -46.9904 32.5714
v -120.6734 -42.9936 29.7143
v -123.4735 -46.9904 32.5714
v -124.6342 -44.6304 32.5714
v -119.5496 -45.2671 29.7143
v -118.3682 -47.5187 29.7143
v -122.2533 -49.3278 32.5714
v -119.5496 -45.2671 29.7143
v -122.2533 -49.3278 32.5714
v -123.4735 -46.9904 32.5714
v -118.3682 -47.5187 29.7143
v -117.1297 -49.7475 29.7143
v -120.9742 -51.6414 32.5714
v -118.3682 -47.5187 29.7143
v -120.9742 -51.6414 32.5714
v -122.2533 -49.3278 32.5714
v -117.1297 -49.7475 29.7143
v -115.8348 -51.9523 29.7143
v -119.6368 -53.9302 32.5714
v -117.1297 -49.7475 29.7143
v -119.6368 -53.9302 32.5714
v -120.9742 -51.6414 32.5714
v -115.8348 -51.9523 29.7143
v -114.4841 -54.1321 29.7143
v -118.2418 -56.1929 32.5714
v -115.8348 -51.9523 29.7143
v -118.2418 -56.1929 32.5714
v -119.6368 -53.9302 32.5714
v -114.4841 -54.1321 29.7143
v -113.0782 -56.2857 29.7143
v -116.7897 -58.4286 32.5714
v -114.4841 -54.1321 29.7143
v -116.7897 -58.4286 32.5714
v -118.2418 -56.1929 32.5714
v 132.8084 20.2920 32.5714
v 132.2623 22.8134 32.5714
v 136.4655 23.6501 35.4286
v 132.8084 20.2920 32.5714
v 136.4655 23.6501 35.4286
v 137.0290 21.0362 35.4286
v 132.2623 22.8134 32.5714
v 131.6525 25.3238 32.5714
v 135.8363 26.2526 35.4286
v 132.2623 22.8134 32.5714
v 135.8363 26.2526 35.4286
v 136.4655 23.6501 35.4286
v 131.6525 25.3238 32.5714
v 130.9792 27.8220 32.5714
v 135.1417 28.8424 35.4286
v 131.6525 25.3238 32.5714
v 135.1417 28.8424 35.4286
v 135.8363 26.2526 35.4286
v 130.9792 27.8220 32.5714
v 130.2428 30.3068 32.5714
v 134.3819 31.4183 35.4286
v 130.9792 27.8220 32.5714
v 134.3819 31.4183 35.4286
v 135.1417 28.8424 35.4286
v 130.2428 30.3068 32.5714
v 129.4437 32.7770 32.5714
v 133.5573 33.9791 35.4286
v 130.2428 30.3068 32.5714
v 133.5573 33.9791 35.4286
v 134.3819 31.4183 35.4286
v 129.4437 32.7770 32.5714
v 128.5821 35.2314 32.5714
v 132.6684 36.5235 35.4286
v 129.4437 32.7770 32.5714
v 132.6684 36.5235 35.4286
v 133.5573 33.9791 35.4286
v 128.5821 35.2314 32.5714
v 127.6586 37.6688 32.5714
v 131.7155 39.0503 35.4286
v 128.5821 35.2314 32.5714
v 131.7155 39.0503 35.4286
v 132.6684 36.5235 35.4286
v 127.6586 37.6688 32.5714
v 126.6736 40.0880 32.5714
v 130.6992 41.5582 35.4286
v 127.6586 37.6688 32.5714
v 130.6992 41.5582 35.4286
v 131.7155 39.0503 35.4286
v 126.6736 40.0880 32.5714
v 125.6275 42.4879 32.5714
v 129.6199 44.0462 35.4286
v 126.6736 40.0880 32.5714
v 129.6199 44.0462 35.4286
v 130.6992 41.5582 35.4286
v 125.6275 42.4879 32.5714
v 124.5208 44.8674 32.5714
v 128.4781 46.5129 35.4286
v 125.6275 42.4879 32.5714
v 128.4781 46.5129 35.4286
v 129.6199 44.0462 35.4286
v 124.5208 44.8674 32.5714
v 123.3542 47.2252 32.5714
v 127.2743 48.9572 35.4286
v 124.5208 44.8674 32.5714
v 127.2743 48.9572 35.4286
v 128.4781 46.5129 35.4286
v 123.3542 47.2252 32.5714
v 122.1281 49.5603 32.5714
v 126.0093 51.3779 35.4286
v 123.3542 47.2252 32.5714
v 126.0093 51.3779 35.4286
v 127.2743 48.9572 35.4286
v 122.1281 49.5603 32.5714
v 120.8431 51.8715 32.5714
v 124.6835 53.7738 35.4286
v 122.1281 49.5603 32.5714
v 124.6835 53.7738 35.4286
v 126.0093 51.3779 35.4286
v 120.8431 51.8715 32.5714
v 119.4999 54.1576 32.5714
v 123.2976 56.1439 35.4286
v 120.8431 51.8715 32.5714
v 123.2976 56.1439 35.4286
v 124.6835 53.7738 35.4286
v 119.4999 54.1576 32.5714
v 118.0991 56.4177 32.5714
v 121.8523 58.4868 35.4286
v 119.4999 54.1576 32.5714
v 121.8523 58.4868 35.4286
v 123.2976 56.1439 35.4286
v 118.0991 56.4177 32.5714
v 116.6414 58.6506 32.5714
v 120.3482 60.8016 35.4286
v 118.0991 56.4177 32.5714
v 120.3482 60.8016 35.4286
v 121.8523 58.4868 35.4286
v 116.6414 58.6506 32.5714
v 115.1275 60.8552 32.5714
v 118.7862 63.0871 35.4286
v 116.6414 58.6506 32.5714
v 118.7862 63.0871 35.4286
v 120.3482 60.8016 35.4286
v 115.1275 60.8552 32.5714
v 113.5581 63.0305 32.5714
v 117.1669 65.3422 35.4286
v 115.1275 60.8552 32.5714
v 117.1669 65.3422 35.4286
v 118.7862 63.0871 35.4286
v 113.5581 63.0305 32.5714
v 111.9339 65.1754 32.5714
v 115.4911 67.5657 35.4286
v 113.5581 63.0305 32.5714
v 115.4911 67.5657 35.4286
v 117.1669 65.3422 35.4286
v 111.9339 65.1754 32.5714
v 110.2558 67.2889 32.5714
v 113.7597 69.7567 35.4286
v 111.9339 65.1754 32.5714
v 113.7597 69.7567 35.4286
v 115.4911 67.5657 35.4286
v 110.2558 67.2889 32.5714
v 108.5246 69.3700 32.5714
v 111.9735 71.9141 35.4286
v 110.2558 67.2889 32.5714
v 111.9735 71.9141 35.4286
v 113.7597 69.7567 35.4286
v 108.5246 69.3700 32.5714
v 106.7411 71.4177 32.5714
v 110.1333 74.0369 35.4286
v 108.5246 69.3700 32.5714
v 110.1333 74.0369 35.4286
v 111.9735 71.9141 35.4286
v 106.7411 71.4177 32.5714
v 104.9061 73.4309 32.5714
v 108.2400 76.1239 35.4286
v 106.7411 71.4177 32.5714
v 108.2400 76.1239 35.4286
v 110.1333 74.0369 35.4286
v 104.9061 73.4309 32.5714
v 103.0205 75.4087 32.5714
v 106.2945 78.1743 35.4286
v 104.9061 73.4309 32.5714
v 106.2945 78.1743 35.4286
v 108.2400 76.1239 35.4286
v 103.0205 75.4087 32.5714
v 101.0854 77.3502 32.5714
v 104.2978 80.1870 35.4286
v 103.0205 75.4087 32.5714
v 104.2978 80.1870 35.4286
v 106.2945 78.1743 35.4286
v 101.0854 77.3502 32.5714
v 99.1015 79.2544 32.5714
v 102.2509 82.1610 35.4286
v 101.0854 77.3502 32.5714
v 102.2509 82.1610 35.4286
v 104.2978 80.1870 35.4286
v 99.1015 79.2544 32.5714
v 97.0698 81.1204 32.5714
v 100.1546 84.0955 35.4286
v 99.1015 79.2544 32.5714
v 100.1546 84.0955 35.4286
v 102.2509 82.1610 35.4286
v 97.0698 81.1204 32.5714
v 94.9913 82.9473 32.5714
v 98.0101 85.9894 35.4286
v 97.0698 81.1204 32.5714
v 98.0101 85.9894 35.4286
v 100.1546 84.0955 35.4286
v 94.9913 82.9473 32.5714
v 92.8671 84.7343 32.5714
v 95.8184 87.8419 35.4286
v 94.9913 82.9473 32.5714
v 95.8184 87.8419 35.4286
v 98.0101 85.9894 35.4286
v 92.8671 84.7343 32.5714
v 90.6981 86.4804 32.5714
v 93.5805 89.6520 35.4286
v 92.8671 84.7343 32.5714
v 93.5805 89.6520 35.4286
v 95.8184 87.8419 35.4286
v 90.6981 86.4804 32.5714
v 88.4854 88.1848 32.5714
v 91.2975 91.4190 35.4286
v 90.6981 86.4804 32.5714
v 91.2975 91.4190 35.4286
v 93.5805 89.6520 35.4286
v 88.4854 88.1848 32.5714
v 86.2301 89.8467 32.5714
v 88.9704 93.1418 35.4286
v 88.4854 88.1848 32.5714
v 88.9704 93.1418 35.4286
v 91.2975 91.4190 35.4286
v 86.2301 89.8467 32.5714
v 83.9332 91.4653 32.5714
v 86.6005 94.8198 35.4286
v 86.2301 89.8467 32.5714
v 86.6005 94.8198 35.4286
v 88.9704 93.1418 35.4286
v 83.9332 91.4653 32.5714
v 81.5958 93.0399 32.5714
v 84.1889 96.4521 35.4286
v 83.9332 91.4653 32.5714
v 84.1889 96.4521 35.4286
v 86.6005 94.8198 35.4286
v 81.5958 93.0399 32.5714
v 79.2191 94.5696 32.5714
v 81.7367 98.0379 35.4286
v 81.5958 93.0399 32.5714
v 81.7367 98.0379 35.4286
v 84.1889 96.4521 35.4286
v 79.2191 94.5696 32.5714
v 76.8043 96.0537 32.5714
v 79.2451 99.5764 35.4286
v 79.2191 94.5696 32.5714
v 79.2451 99.5764 35.4286
v 81.7367 98.0379 35.4286
v 76.8043 96.0537 32.5714
v 74.3524 97.4915 32.5714
v 76.7153 101.0670 35.4286
v 76.8043 96.0537 32.5714
v 76.7153 101.0670 35.4286
v 79.2451 99.5764 35.4286
v 74.3524 97.4915 32.5714
v 71.8647 98.8823 32.5714
v 74.1485 102.5088 35.4286
v 74.3524 97.4915 32.5714
v 74.1485 102.5088 35.4286
v 76.7153 101.0670 35.4286
v 71.8647 98.8823 32.5714
v 69.3423 100.2255 32.5714
v 71.5460 103.9013 35.4286
v 71.8647 98.8823 32.5714
v 71.5460 103.9013 35.4286
v 74.1485 102.5088 35.4286
v 69.3423 100.2255 32.5714
v 66.7866 101.5204 32.5714
v 68.9090 105.2437 35.4286
v 69.3423 100.2255 32.5714
v 68.9090 105.2437 35.4286
v 71.5460 103.9013 35.4286
v 66.7866 101.5204 32.5714
v 64.1986 102.7664 32.5714
v 66.2388 106.5353 35.4286
v 66.7866 101.5204 32.5714
v 66.2388 106.5353 35.4286
v 68.9090 105.2437 35.4286
v 64.1986 102.7664 32.5714
v 61.5797 103.9628 32.5714
v 63.5367 107.7756 35.4286
v 64.1986 102.7664 32.5714
v 63.5367 107.7756 35.4286
v 66.2388 106.5353 35.4286
v 61.5797 103.9628 32.5714
v 58.9311 105.1091 32.5714
v 60.8040 108.9640 35.4286
v 61.5797 103.9628 32.5714
v 60.8040 108.9640 35.4286
v 63.5367 107.7756 35.4286
v 58.9311 105.1091 32.5714
v 56.2542 106.2048 32.5714
v 58.0419 110.0998 35.4286
v 58.9311 105.1091 32.5714
v 58.0419 110.0998 35.4286
v 60.8040 108.9640 35.4286
v 56.2542 106.2048 32.5714
v 53.5501 107.2492 32.5714
v 55.2519 111.1826 35.4286
v 56.2542 106.2048 32.5714
v 55.2519 111.1826 35.4286
v 58.0419 110.0998 35.4286
v 53.5501 107.2492 32.5714
v 50.8202 108.2420 32.5714
v 52.4352 112.2118 35.4286
v 53.5501 107.2492 32.5714
v 52.4352 112.2118 35.4286
v 55.2519 111.1826 35.4286
v 50.8202 108.2420 32.5714
v 48.0658 109.1826 32.5714
v 49.5933 113.1869 35.4286
v 50.8202 108.2420 32.5714
v 49.5933 113.1869 35.4286
v 52.4352 112.2118 35.4286
v 48.0658 109.1826 32.5714
v 45.2882 110.0706 32.5714
v 46.7275 114.1075 35.4286
v 48.0658 109.1826 32.5714
v 46.7275 114.1075 35.4286
v 49.5933 113.1869 35.4286
v 45.2882 110.0706 32.5714
v 42.4889 110.9056 32.5714
v 43.8391 114.9730 35.4286
v 45.2882 110.0706 32.5714
v 43.8391 114.9730 35.4286
v 46.7275 114.1075 35.4286
v 42.4889 110.9056 32.5714
v 39.6690 111.6871 32.5714
v 40.9297 115.7832 35.4286
v 42.4889 110.9056 32.5714
v 40.9297 115.7832 35.4286
v 43.8391 114.9730 35.4286
v 39.6690 111.6871 32.5714
v 36.8300 112.4148 32.5714
v 38.0005 116.5376 35.4286
v 39.6690 111.6871 32.5714
v 38.0005 116.5376 35.4286
v 40.9297 115.7832 35.4286
v 36.8300 112.4148 32.5714
v 33.9733 113.0883 32.5714
v 35.0530 117.2357 35.4286
v 36.8300 112.4148 32.5714
v 35.0530 117.2357 35.4286
v 38.0005 116.5376 35.4286
v 33.9733 113.0883 32.5714
v 31.1002 113.7072 32.5714
v 32.0886 117.8774 35.4286
v 33.9733 113.0883 32.5714
v 32.0886 117.8774 35.4286
v 35.0530 117.2357 35.4286
v 31.1002 113.7072 32.5714
v 28.2121 114.2714 32.5714
v 29.1087 118.4623 35.4286
v 31.1002 113.7072 32.5714
v 29.1087 118.4623 35.4286
v 32.0886 117.8774 35.4286
v 28.2121 114.2714 32.5714
v 25.3104 114.7805 32.5714
v 26.1148 118.9901 35.4286
v 28.2121 114.2714 32.5714
v 26.1148 118.9901 35.4286
v 29.1087 118.4623 35.4286
v 25.3104 114.7805 32.5714
v 22.3965 115.2343 32.5714
v 23.1083 119.4605 35.4286
v 25.3104 114.7805 32.5714
v 23.1083 119.4605 35.4286
v 26.1148 118.9901 35.4286
v 22.3965 115.2343 32.5714
v 19.4719 115.6326 32.5714
v 20.0907 119.8734 35.4286
v 22.3965 115.2343 32.5714
v 20.0907 119.8734 35.4286
v 23.1083 119.4605 35.4286
v 19.4719 115.6326 32.5714
v 16.5378 115.9751 32.5714
v 17.0634 120.2285 35.4286
v 19.4719 115.6326 32.5714
v 17.0634 120.2285 35.4286
v 20.0907 119.8734 35.4286
v 16.5378 115.9751 32.5714
v 13.5958 116.2618 32.5714
v 14.0278 120.5256 35.4286
v 16.5378 115.9751 32.5714
v 14.0278 120.5256 35.4286
v 17.0634 120.2285 35.4286
v 13.5958 116.2618 32.5714
v 10.6472 116.4924 32.5714
v 10.9855 120.7647 35.4286
v 13.5958 116.2618 32.5714
v 10.9855 120.7647 35.4286
v 14.0278 120.5256 35.4286
v 10.6472 116.4924 32.5714
v 7.6935 116.6668 32.5714
v 7.9380 120.9456 35.4286
v 10.6472 116.4924 32.5714
v 7.9380 120.9456 35.4286
v 10.9855 120.7647 35.4286
v 7.6935 116.6668 32.5714
v 4.7360 116.7851 32.5714
v 4.8865 121.0681 35.4286
v 7.6935 116.6668 32.5714
v 4.8865 121.0681 35.4286
v 7.9380 120.9456 35.4286
v 4.7360 116.7851 32.5714
v 1.7763 116.8470 32.5714
v 1.8328 121.1323 35.4286
v 4.7360 116.7851 32.5714
v 1.8328 121.1323 35.4286
v 4.8865 121.0681 35.4286
v 1.7763 116.8470 32.5714
v -1.1842 116.8526 32.5714
v -1.2219 121.1382 35.4286
v 1.7763 116.8470 32.5714
v -1.2219 121.1382 35.4286
v 1.8328 121.1323 35.4286
v -1.1842 116.8526 32.5714
v -4.1442 116.8020 32.5714
v -4.2759 121.0856 35.4286
v -1.1842 116.8526 32.5714
v -4.2759 121.0856 35.4286
v -1.2219 121.1382 35.4286
v -4.1442 116.8020 32.5714
v -7.1022 116.6950 32.5714
v -7.3279 120.9747 35.4286
v -4.1442 116.8020 32.5714
v -7.3279 120.9747 35.4286
v -4.2759 121.0856 35.4286
v -7.1022 116.6950 32.5714
v -10.0568 116.5318 32.5714
v -10.3764 120.8055 35.4286
v -7.1022 116.6950 32.5714
v -10.3764 120.8055 35.4286
v -7.3279 120.9747 35.4286
v -10.0568 116.5318 32.5714
v -13.0065 116.3124 32.5714
v -13.4199 120.5781 35.4286
v -10.0568 116.5318 32.5714
v -13.4199 120.5781 35.4286
v -10.3764 120.8055 35.4286
v -13.0065 116.3124 32.5714
v -15.9500 116.0369 32.5714
v -16.4569 120.2926 35.4286
v -13.0065 116.3124 32.5714
v -16.4569 120.2926 35.4286
v -13.4199 120.5781 35.4286
v -15.9500 116.0369 32.5714
v -18.8858 115.7056 32.5714
v -19.4859 119.9491 35.4286
v -15.9500 116.0369 32.5714
v -19.4859 119.9491 35.4286
v -16.4569 120.2926 35.4286
v -18.8858 115.7056 32.5714
v -21.8124 115.3184 32.5714
v -22.5056 119.5477 35.4286
v -18.8858 115.7056 32.5714
v -22.5056 119.5477 35.4286
v -19.4859 119.9491 35.4286
v -21.8124 115.3184 32.5714
v -24.7286 114.8757 32.5714
v -25.5144 119.0888 35.4286
v -21.8124 115.3184 32.5714
v -25.5144 119.0888 35.4286
v -22.5056 119.5477 35.4286
v -24.7286 114.8757 32.5714
v -27.6328 114.3777 32.5714
v -28.5110 118.5724 35.4286
v -24.7286 114.8757 32.5714
v -28.5110 118.5724 35.4286
v -25.5144 119.0888 35.4286
v -27.6328 114.3777 32.5714
v -30.5237 113.8245 32.5714
v -31.4938 117.9990 35.4286
v -27.6328 114.3777 32.5714
v -31.4938 117.9990 35.4286
v -28.5110 118.5724 35.4286
v -30.5237 113.8245 32.5714
v -33.3999 113.2164 32.5714
v -34.4614 117.3686 35.4286
v -30.5237 113.8245 32.5714
v -34.4614 117.3686 35.4286
v -31.4938 117.9990 35.4286
v -33.3999 113.2164 32.5714
v -36.2601 112.5538 32.5714
v -37.4124 116.6817 35.4286
v -33.3999 113.2164 32.5714
v -37.4124 116.6817 35.4286
v -34.4614 117.3686 35.4286
v -36.2601 112.5538 32.5714
v -39.1027 111.8369 32.5714
v -40.3454 115.9385 35.4286
v -36.2601 112.5538 32.5714
v -40.3454 115.9385 35.4286
v -37.4124 116.6817 35.4286
v -39.1027 111.8369 32.5714
v -41.9265 111.0662 32.5714
v -43.2589 115.1395 35.4286
v -39.1027 111.8369 32.5714
v -43.2589 115.1395 35.4286
v -40.3454 115.9385 35.4286
v -41.9265 111.0662 32.5714
v -44.7301 110.2419 32.5714
v -46.1516 114.2850 35.4286
v -41.9265 111.0662 32.5714
v -46.1516 114.2850 35.4286
v -43.2589 115.1395 35.4286
v -44.7301 110.2419 32.5714
v -47.5121 109.3645 32.5714
v -49.0220 113.3754 35.4286
v -44.7301 110.2419 32.5714
v -49.0220 113.3754 35.4286
v -46.1516 114.2850 35.4286
v -47.5121 109.3645 32.5714
v -50.2712 108.4343 32.5714
v -51.8688 112.4111 35.4286
v -47.5121 109.3645 32.5714
v -51.8688 112.4111 35.4286
v -49.0220 113.3754 35.4286
v -50.2712 108.4343 32.5714
v -53.0061 107.4519 32.5714
v -54.6906 111.3927 35.4286
v -50.2712 108.4343 32.5714
v -54.6906 111.3927 35.4286
v -51.8688 112.4111 35.4286
v -53.0061 107.4519 32.5714
v -55.7155 106.4178 32.5714
v -57.4861 110.3206 35.4286
v -53.0061 107.4519 32.5714
v -57.4861 110.3206 35.4286
v -54.6906 111.3927 35.4286
v -55.7155 106.4178 32.5714
v -58.3980 105.3323 32.5714
v -60.2538 109.1953 35.4286
v -55.7155 106.4178 32.5714
v -60.2538 109.1953 35.4286
v -57.4861 110.3206 35.4286
v -58.3980 105.3323 32.5714
v -61.0523 104.1961 32.5714
v -62.9926 108.0174 35.4286
v -58.3980 105.3323 32.5714
v -62.9926 108.0174 35.4286
v -60.2538 109.1953 35.4286
v -61.0523 104.1961 32.5714
v -63.6773 103.0096 32.5714
v -65.7009 106.7875 35.4286
v -61.0523 104.1961 32.5714
v -65.7009 106.7875 35.4286
v -62.9926 108.0174 35.4286
v -63.6773 103.0096 32.5714
v -66.2715 101.7735 32.5714
v -68.3776 105.5061 35.4286
v -63.6773 103.0096 32.5714
v -68.3776 105.5061 35.4286
v -65.7009 106.7875 35.4286
v -66.2715 101.7735 32.5714
v -68.8338 100.4884 32.5714
v -71.0213 104.1738 35.4286
v -66.2715 101.7735 32.5714
v -71.0213 104.1738 35.4286
v -68.3776 105.5061 35.4286
v -68.8338 100.4884 32.5714
v -71.3629 99.1548 32.5714
v -73.6308 102.7913 35.4286
v -68.8338 100.4884 32.5714
v -73.6308 102.7913 35.4286
v -71.0213 104.1738 35.4286
v -71.3629 99.1548 32.5714
v -73.8577 97.7735 32.5714
v -76.2048 101.3593 35.4286
v -71.3629 99.1548 32.5714
v -76.2048 101.3593 35.4286
v -73.6308 102.7913 35.4286
v -73.8577 97.7735 32.5714
v -76.3168 96.3450 32.5714
v -78.7421 99.8784 35.4286
v -73.8577 97.7735 32.5714
v -78.7421 99.8784 35.4286
v -76.2048 101.3593 35.4286
v -76.3168 96.3450 32.5714
v -78.7392 94.8701 32.5714
v -81.2415 98.3494 35.4286
v -76.3168 96.3450 32.5714
v -81.2415 98.3494 35.4286
v -78.7421 99.8784 35.4286
v -78.7392 94.8701 32.5714
v -81.1236 93.3494 32.5714
v -83.7017 96.7730 35.4286
v -78.7392 94.8701 32.5714
v -83.7017 96.7730 35.4286
v -81.2415 98.3494 35.4286
v -81.1236 93.3494 32.5714
v -83.4689 91.7838 32.5714
v -86.1215 95.1499 35.4286
v -81.1236 93.3494 32.5714
v -86.1215 95.1499 35.4286
v -83.7017 96.7730 35.4286
v -83.4689 91.7838 32.5714
v -85.7740 90.1739 32.5714
v -88.4998 93.4810 35.4286
v -83.4689 91.7838 32.5714
v -88.4998 93.4810 35.4286
v -86.1215 95.1499 35.4286
v -85.7740 90.1739 32.5714
v -88.0377 88.5206 32.5714
v -90.8355 91.7671 35.4286
v -85.7740 90.1739 32.5714
v -90.8355 91.7671 35.4286
v -88.4998 93.4810 35.4286
v -88.0377 88.5206 32.5714
v -90.2590 86.8246 32.5714
v -93.1274 90.0089 35.4286
v -88.0377 88.5206 32.5714
v -93.1274 90.0089 35.4286
v -90.8355 91.7671 35.4286
v -90.2590 86.8246 32.5714
v -92.4369 85.0868 32.5714
v -95.3745 88.2073 35.4286
v -90.2590 86.8246 32.5714
v -95.3745 88.2073 35.4286
v -93.1274 90.0089 35.4286
v -92.4369 85.0868 32.5714
v -94.5701 83.3079 32.5714
v -97.5755 86.3632 35.4286
v -92.4369 85.0868 32.5714
v -97.5755 86.3632 35.4286
v -95.3745 88.2073 35.4286
v -94.5701 83.3079 32.5714
v -96.6578 81.4890 32.5714
v -99.7296 84.4775 35.4286
v -94.5701 83.3079 32.5714
v -99.7296 84.4775 35.4286
v -97.5755 86.3632 35.4286
v -96.6578 81.4890 32.5714
v -98.6989 79.6307 32.5714
v -101.8355 82.5511 35.4286
v -96.6578 81.4890 32.5714
v -101.8355 82.5511 35.4286
v -99.7296 84.4775 35.4286
v -98.6989 79.6307 32.5714
v -100.6924 77.7340 32.5714
v -103.8924 80.5849 35.4286
v -98.6989 79.6307 32.5714
v -103.8924 80.5849 35.4286
v -101.8355 82.5511 35.4286
v -100.6924 77.7340 32.5714
v -102.6375 75.7999 32.5714
v -105.8992 78.5799 35.4286
v -100.6924 77.7340 32.5714
v -105.8992 78.5799 35.4286
v -103.8924 80.5849 35.4286
v -102.6375 75.7999 32.5714
v -104.5330 73.8293 32.5714
v -107.8550 76.5370 35.4286
v -102.6375 75.7999 32.5714
v -107.8550 76.5370 35.4286
v -105.8992 78.5799 35.4286
v -104.5330 73.8293 32.5714
v -106.3782 71.8231 32.5714
v -109.7588 74.4572 35.4286
v -104.5330 73.8293 32.5714
v -109.7588 74.4572 35.4286
v -107.8550 76.5370 35.4286
v -106.3782 71.8231 32.5714
v -108.1720 69.7822 32.5714
v -111.6097 72.3415 35.4286
v -106.3782 71.8231 32.5714
v -111.6097 72.3415 35.4286
v -109.7588 74.4572 35.4286
v -108.1720 69.7822 32.5714
v -109.9138 67.7078 32.5714
v -113.4068 70.1910 35.4286
v -108.1720 69.7822 32.5714
v -113.4068 70.1910 35.4286
v -111.6097 72.3415 35.4286
v -109.9138 67.7078 32.5714
v -111.6026 65.6007 32.5714
v -115.1493 68.0066 35.4286
v -109.9138 67.7078 32.5714
v -115.1493 68.0066 35.4286
v -113.4068 70.1910 35.4286
v -111.6026 65.6007 32.5714
v -113.2376 63.4620 32.5714
v -116.8362 65.7894 35.4286
v -111.6026 65.6007 32.5714
v -116.8362 65.7894 35.4286
v -115.1493 68.0066 35.4286
v -113.2376 63.4620 32.5714
v -114.8180 61.2927 32.5714
v -118.4669 63.5406 35.4286
v -113.2376 63.4620 32.5714
v -118.4669 63.5406 35.4286
v -116.8362 65.7894 35.4286
v -114.8180 61.2927 32.5714
v -116.3431 59.0938 32.5714
v -120.0404 61.2611 35.4286
v -114.8180 61.2927 32.5714
v -120.0404 61.2611 35.4286
v -118.4669 63.5406 35.4286
v -116.3431 59.0938 32.5714
v -117.8121 56.8665 32.5714
v -121.5561 58.9521 35.4286
v -116.3431 59.0938 32.5714
v -121.5561 58.9521 35.4286
v -120.0404 61.2611 35.4286
v -117.8121 56.8665 32.5714
v -119.2243 54.6118 32.5714
v -123.0132 56.6147 35.4286
v -117.8121 56.8665 32.5714
v -123.0132 56.6147 35.4286
v -121.5561 58.9521 35.4286
v -119.2243 54.6118 32.5714
v -120.5791 52.3307 32.5714
v -124.4111 54.2499 35.4286
v -119.2243 54.6118 32.5714
v -124.4111 54.2499 35.4286
v -123.0132 56.6147 35.4286
v -120.5791 52.3307 32.5714
v -121.8758 50.0245 32.5714
v -125.7489 51.8591 35.4286
v -120.5791 52.3307 32.5714
v -125.7489 51.8591 35.4286
v -124.4111 54.2499 35.4286
v -121.8758 50.0245 32.5714
v -123.1137 47.6941 32.5714
v -127.0262 49.4433 35.4286
v -121.8758 50.0245 32.5714
v -127.0262 49.4433 35.4286
v -125.7489 51.8591 35.4286
v -123.1137 47.6941 32.5714
v -124.2923 45.3407 32.5714
v -128.2422 47.0036 35.4286
v -123.1137 47.6941 32.5714
v -128.2422 47.0036 35.4286
v -127.0262 49.4433 35.4286
v -124.2923 45.3407 32.5714
v -125.4110 42.9655 32.5714
v -129.3965 44.5413 35.4286
v -124.2923 45.3407 32.5714
v -129.3965 44.5413 35.4286
v -128.2422 47.0036 35.4286
v -125.4110 42.9655 32.5714
v -126.4692 40.5696 32.5714
v -130.4884 42.0575 35.4286
v -125.4110 42.9655 32.5714
v -130.4884 42.0575 35.4286
v -129.3965 44.5413 35.4286
v -126.4692 40.5696 32.5714
v -127.4665 38.1541 32.5714
v -131.5173 39.5534 35.4286
v -126.4692 40.5696 32.5714
v -131.5173 39.5534 35.4286
v -130.4884 42.0575 35.4286
v -127.4665 38.1541 32.5714
v -128.4024 35.7202 32.5714
v -132.4829 37.0303 35.4286
v -127.4665 38.1541 32.5714
v -132.4829 37.0303 35.4286
v -131.5173 39.5534 35.4286
v -128.4024 35.7202 32.5714
v -129.2763 33.2692 32.5714
v -133.3847 34.4893 35.4286
v -128.4024 35.7202 32.5714
v -133.3847 34.4893 35.4286
v -132.4829 37.0303 35.4286
v -129.2763 33.2692 32.5714
v -130.0880 30.8020 32.5714
v -134.2222 31.9317 35.4286
v -129.2763 33.2692 32.5714
v -134.2222 31.9317 35.4286
v -133.3847 34.4893 35.4286
v -130.0880 30.8020 32.5714
v -130.8370 28.3201 32.5714
v -134.9949 29.3587 35.4286
v -130.0880 30.8020 32.5714
v -134.9949 29.3587 35.4286
v -134.2222 31.9317 35.4286
v -130.8370 28.3201 32.5714
v -131.5229 25.8245 32.5714
v -135.7026 26.7716 35.4286
v -130.8370 28.3201 32.5714
v -135.7026 26.7716 35.4286
v -134.9949 29.3587 35.4286
v -131.5229 25.8245 32.5714
v -132.1454 23.3164 32.5714
v -136.3450 24.1715 35.4286
v -131.5229 25.8245 32.5714
v -136.3450 24.1715 35.4286
v -135.7026 26.7716 35.4286
v -132.1454 23.3164 32.5714
v -132.7043 20.7971 32.5714
v -136.9216 21.5599 35.4286
v -132.1454 23.3164 32.5714
v -136.9216 21.5599 35.4286
v -136.3450 24.1715 35.4286
v -132.7043 20.7971 32.5714
v -133.1991 18.2678 32.5714
v -137.4322 18.9378 35.4286
v -132.7043 20.7971 32.5714
v -137.4322 18.9378 35.4286
v -136.9216 21.5599 35.4286
v -133.1991 18.2678 32.5714
v -133.6298 15.7297 32.5714
v -137.8765 16.3066 35.4286
v -133.1991 18.2678 32.5714
v -137.8765 16.3066 35.4286
v -137.4322 18.9378 35.4286
v -133.6298 15.7297 32.5714
v -133.9961 13.1840 32.5714
v -138.2545 13.6675 35.4286
v -133.6298 15.7297 32.5714
v -138.2545 13.6675 35.4286
v -137.8765 16.3066 35.4286
v -133.9961 13.1840 32.5714
v -134.2978 10.6319 32.5714
v -138.5658 11.0219 35.4286
v -133.9961 13.1840 32.5714
v -138.5658 11.0219 35.4286
v -138.2545 13.6675 35.4286
v -134.2978 10.6319 32.5714
v -134.5348 8.0748 32.5714
v -138.8103 8.3709 35.4286
v -134.2978 10.6319 32.5714
v -138.8103 8.3709 35.4286
v -138.5658 11.0219 35.4286
v -134.5348 8.0748 32.5714
v -134.7069 5.5137 32.5714
v -138.9879 5.7159 35.4286
v -134.5348 8.0748 32.5714
v -138.9879 5.7159 35.4286
v -138.8103 8.3709 35.4286
v -134.7069 5.5137 32.5714
v -134.8142 2.9500 32.5714
v -139.0985 3.0582 35.4286
v -134.7069 5.5137 32.5714
v -139.0985 3.0582 35.4286
v -138.9879 5.7159 35.4286
v -134.8142 2.9500 32.5714
v -134.8564 0.3848 32.5714
v -139.1421 0.3989 35.4286
v -134.8142 2.9500 32.5714
v -139.1421 0.3989 35.4286
v -139.0985 3.0582 35.4286
v -134.8564 0.3848 32.5714
v -134.8337 -2.1805 32.5714
v -139.1186 -2.2605 35.4286
v -134.8564 0.3848 32.5714
v -139.1186 -2.2605 35.4286
v -139.1421 0.3989 35.4286
v -134.8337 -2.1805 32.5714
v -134.7459 -4.7448 32.5714
v -139.0281 -4.9188 35.4286
v -134.8337 -2.1805 32.5714
v -139.0281 -4.9188 35.4286
v -139.1186 -2.2605 35.4286
v -134.7459 -4.7448 32.5714
v -134.5933 -7.3068 32.5714
v -138.8706 -7.5748 35.4286
v -134.7459 -4.7448 32.5714
v -138.8706 -7.5748 35.4286
v -139.0281 -4.9188 35.4286
v -134.5933 -7.3068 32.5714
v -134.3757 -9.8653 32.5714
v -138.6461 -10.2271 35.4286
v -134.5933 -7.3068 32.5714
v -138.6461 -10.2271 35.4286
v -138.8706 -7.5748 35.4286
v -134.3757 -9.8653 32.5714
v -134.0934 -12.4190 32.5714
v -138.3549 -12.8745 35.4286
v -134.3757 -9.8653 32.5714
v -138.3549 -12.8745 35.4286
v -138.6461 -10.2271 35.4286
v -134.0934 -12.4190 32.5714
v -133.7465 -14.9667 32.5714
v -137.9969 -15.5156 35.4286
v -134.0934 -12.4190 32.5714
v -137.9969 -15.5156 35.4286
v -138.3549 -12.8745 35.4286
v -133.7465 -14.9667 32.5714
v -133.3351 -17.5072 32.5714
v -137.5724 -18.1493 35.4286
v -133.7465 -14.9667 32.5714
v -137.5724 -18.1493 35.4286
v -137.9969 -15.5156 35.4286
v -133.3351 -17.5072 32.5714
v -132.8595 -20.0393 32.5714
v -137.0817 -20.7743 35.4286
v -133.3351 -17.5072 32.5714
v -137.0817 -20.7743 35.4286
v -137.5724 -18.1493 35.4286
v -132.8595 -20.0393 32.5714
v -132.3198 -22.5618 32.5714
v -136.5248 -23.3892 35.4286
v -132.8595 -20.0393 32.5714
v -136.5248 -23.3892 35.4286
v -137.0817 -20.7743 35.4286
v -132.3198 -22.5618 32.5714
v -131.7163 -25.0733 32.5714
v -135.9022 -25.9929 35.4286
v -132.3198 -22.5618 32.5714
v -135.9022 -25.9929 35.4286
v -136.5248 -23.3892 35.4286
v -131.7163 -25.0733 32.5714
v -131.0494 -27.5728 32.5714
v -135.2141 -28.5840 35.4286
v -131.7163 -25.0733 32.5714
v -135.2141 -28.5840 35.4286
v -135.9022 -25.9929 35.4286
v -131.0494 -27.5728 32.5714
v -130.3193 -30.0590 32.5714
v -134.4608 -31.1614 35.4286
v -131.0494 -27.5728 32.5714
v -134.4608 -31.1614 35.4286
v -135.2141 -28.5840 35.4286
v -130.3193 -30.0590 32.5714
v -129.5264 -32.5307 32.5714
v -133.6427 -33.7237 35.4286
v -130.3193 -30.0590 32.5714
v -133.6427 -33.7237 35.4286
v -134.4608 -31.1614 35.4286
v -129.5264 -32.5307 32.5714
v -128.6711 -34.9867 32.5714
v -132.7602 -36.2698 35.4286
v -129.5264 -32.5307 32.5714
v -132.7602 -36.2698 35.4286
v -133.6427 -33.7237 35.4286
v -128.6711 -34.9867 32.5714
v -127.7537 -37.4258 32.5714
v -131.8137 -38.7984 35.4286
v -128.6711 -34.9867 32.5714
v -131.8137 -38.7984 35.4286
v -132.7602 -36.2698 35.4286
v -127.7537 -37.4258 32.5714
v -126.7748 -39.8469 32.5714
v -130.8037 -41.3083 35.4286
v -127.7537 -37.4258 32.5714
v -130.8037 -41.3083 35.4286
v -131.8137 -38.7984 35.4286
v -126.7748 -39.8469 32.5714
v -125.7348 -42.2488 32.5714
v -129.7306 -43.7983 35.4286
v -126.7748 -39.8469 32.5714
v -129.7306 -43.7983 35.4286
v -130.8037 -41.3083 35.4286
v -125.7348 -42.2488 32.5714
v -124.6342 -44.6304 32.5714
v -128.5950 -46.2672 35.4286
v -125.7348 -42.2488 32.5714
v -128.5950 -46.2672 35.4286
v -129.7306 -43.7983 35.4286
v -124.6342 -44.6304 32.5714
v -123.4735 -46.9904 32.5714
v -127.3975 -48.7138 35.4286
v -124.6342 -44.6304 32.5714
v -127.3975 -48.7138 35.4286
v -128.5950 -46.2672 35.4286
v -123.4735 -46.9904 32.5714
v -122.2533 -49.3278 32.5714
v -126.1385 -51.1369 35.4286
v -123.4735 -46.9904 32.5714
v -126.1385 -51.1369 35.4286
v -127.3975 -48.7138 35.4286
v -122.2533 -49.3278 32.5714
v -120.9742 -51.6414 32.5714
v -124.8188 -53.5354 35.4286
v -122.2533 -49.3278 32.5714
v -124.8188 -53.5354 35.4286
v -126.1385 -51.1369 35.4286
v -120.9742 -51.6414 32.5714
v -119.6368 -53.9302 32.5714
v -123.4388 -55.9081 35.4286
v -120.9742 -51.6414 32.5714
v -123.4388 -55.9081 35.4286
v -124.8188 -53.5354 35.4286
v -119.6368 -53.9302 32.5714
v -118.2418 -56.1929 32.5714
v -121.9994 -58.2538 35.4286
v -119.6368 -53.9302 32.5714
v -121.9994 -58.2538 35.4286
v -123.4388 -55.9081 35.4286
v -118.2418 -56.1929 32.5714
v -116.7897 -58.4286 32.5714
v -120.5012 -60.5714 35.4286
v -118.2418 -56.1929 32.5714
v -120.5012 -60.5714 35.4286
v -121.9994 -58.2538 35.4286
v 137.0290 21.0362 35.4286
v 136.4655 23.6501 35.4286
v 140.6688 24.4868 38.2857
v 137.0290 21.0362 35.4286
v 140.6688 24.4868 38.2857
v 141.2496 21.7804 38.2857
v 136.4655 23.6501 35.4286
v 135.8363 26.2526 35.4286
v 140.0202 27.1813 38.2857
v 136.4655 23.6501 35.4286
v 140.0202 27.1813 38.2857
v 140.6688 24.4868 38.2857
v 135.8363 26.2526 35.4286
v 135.1417 28.8424 35.4286
v 139.3042 29.8628 38.2857
v 135.8363 26.2526 35.4286
v 139.3042 29.8628 38.2857
v 140.0202 27.1813 38.2857
v 135.1417 28.8424 35.4286
v 134.3819 31.4183 35.4286
v 138.5210 32.5298 38.2857
v 135.1417 28.8424 35.4286
v 138.5210 32.5298 38.2857
v 139.3042 29.8628 38.2857
v 134.3819 31.4183 35.4286
v 133.5573 33.9791 35.4286
v 137.6710 35.1812 38.2857
v 134.3819 31.4183 35.4286
v 137.6710 35.1812 38.2857
v 138.5210 32.5298 38.2857
v 133.5573 33.9791 35.4286
v 132.6684 36.5235 35.4286
v 136.7547 37.8156 38.2857
v 133.5573 33.9791 35.4286
v 136.7547 37.8156 38.2857
v 137.6710 35.1812 38.2857
v 132.6684 36.5235 35.4286
v 131.7155 39.0503 35.4286
v 135.7725 40.4318 38.2857
v 132.6684 36.5235 35.4286
v 135.7725 40.4318 38.2857
v 136.7547 37.8156 38.2857
v 131.7155 39.0503 35.4286
v 130.6992 41.5582 35.4286
v 134.7248 43.0285 38.2857
v 131.7155 39.0503 35.4286
v 134.7248 43.0285 38.2857
v 135.7725 40.4318 38.2857
v 130.6992 41.5582 35.4286
v 129.6199 44.0462 35.4286
v 133.6123 45.6044 38.2857
v 130.6992 41.5582 35.4286
v 133.6123 45.6044 38.2857
v 134.7248 43.0285 38.2857
v 129.6199 44.0462 35.4286
v 128.4781 46.5129 35.4286
v 132.4353 48.1584 38.2857
v 129.6199 44.0462 35.4286
v 132.4353 48.1584 38.2857
v 133.6123 45.6044 38.2857
v 128.4781 46.5129 35.4286
v 127.2743 48.9572 35.4286
v 131.1945 50.6892 38.2857
v 128.4781 46.5129 35.4286
v 131.1945 50.6892 38.2857
v 132.4353 48.1584 38.2857
v 127.2743 48.9572 35.4286
v 126.0093 51.3779 35.4286
v 129.8904 53.1955 38.2857
v 127.2743 48.9572 35.4286
v 129.8904 53.1955 38.2857
v 131.1945 50.6892 38.2857
v 126.0093 51.3779 35.4286
v 124.6835 53.7738 35.4286
v 128.5238 55.6762 38.2857
v 126.0093 51.3779 35.4286
v 128.5238 55.6762 38.2857
v 129.8904 53.1955 38.2857
v 124.6835 53.7738 35.4286
v 123.2976 56.1439 35.4286
v 127.0952 58.1301 38.2857
v 124.6835 53.7738 35.4286
v 127.0952 58.1301 38.2857
v 128.5238 55.6762 38.2857
v 123.2976 56.1439 35.4286
v 121.8523 58.4868 35.4286
v 125.6054 60.5559 38.2857
v 123.2976 56.1439 35.4286
v 125.6054 60.5559 38.2857
v 127.0952 58.1301 38.2857
v 121.8523 58.4868 35.4286
v 120.3482 60.8016 35.4286
v 124.0550 62.9526 38.2857
v 121.8523 58.4868 35.4286
v 124.0550 62.9526 38.2857
v 125.6054 60.5559 38.2857
v 120.3482 60.8016 35.4286
v 118.7862 63.0871 35.4286
v 122.4449 65.3189 38.2857
v 120.3482 60.8016 35.4286
v 122.4449 65.3189 38.2857
v 124.0550 62.9526 38.2857
v 118.7862 63.0871 35.4286
v 117.1669 65.3422 35.4286
v 120.7757 67.6538 38.2857
v 118.7862 63.0871 35.4286
v 120.7757 67.6538 38.2857
v 122.4449 65.3189 38.2857
v 117.1669 65.3422 35.4286
v 115.4911 67.5657 35.4286
v 119.0484 69.9560 38.2857
v 117.1669 65.3422 35.4286
v 119.0484 69.9560 38.2857
v 120.7757 67.6538 38.2857
v 115.4911 67.5657 35.4286
v 113.7597 69.7567 35.4286
v 117.2636 72.2246 38.2857
v 115.4911 67.5657 35.4286
v 117.2636 72.2246 38.2857
v 119.0484 69.9560 38.2857
v 113.7597 69.7567 35.4286
v 111.9735 71.9141 35.4286
v 115.4223 74.4583 38.2857
v 113.7597 69.7567 35.4286
v 115.4223 74.4583 38.2857
v 117.2636 72.2246 38.2857
v 111.9735 71.9141 35.4286
v 110.1333 74.0369 35.4286
v 113.5254 76.6561 38.2857
v 111.9735 71.9141 35.4286
v 113.5254 76.6561 38.2857
v 115.4223 74.4583 38.2857
v 110.1333 74.0369 35.4286
v 108.2400 76.1239 35.4286
v 111.5738 78.8170 38.2857
v 110.1333 74.0369 35.4286
v 111.5738 78.8170 38.2857
v 113.5254 76.6561 38.2857
v 108.2400 76.1239 35.4286
v 106.2945 78.1743 35.4286
v 109.5685 80.9399 38.2857
v 108.2400 76.1239 35.4286
v 109.5685 80.9399 38.2857
v 111.5738 78.8170 38.2857
v 106.2945 78.1743 35.4286
v 104.2978 80.1870 35.4286
v 107.5103 83.0238 38.2857
v 106.2945 78.1743 35.4286
v 107.5103 83.0238 38.2857
v 109.5685 80.9399 38.2857
v 104.2978 80.1870 35.4286
v 102.2509 82.1610 35.4286
v 105.4003 85.0677 38.2857
v 104.2978 80.1870 35.4286
v 105.4003 85.0677 38.2857
v 107.5103 83.0238 38.2857
v 102.2509 82.1610 35.4286
v 100.1546 84.0955 35.4286
v 103.2395 87.0706 38.2857
v 102.2509 82.1610 35.4286
v 103.2395 87.0706 38.2857
v 105.4003 85.0677 38.2857
v 100.1546 84.0955 35.4286
v 98.0101 85.9894 35.4286
v 101.0289 89.0315 38.2857
v 100.1546 84.0955 35.4286
v 101.0289 89.0315 38.2857
v 103.2395 87.0706 38.2857
v 98.0101 85.9894 35.4286
v 95.8184 87.8419 35.4286
v 98.7697 90.9495 38.2857
v 98.0101 85.9894 35.4286
v 98.7697 90.9495 38.2857
v 101.0289 89.0315 38.2857
v 95.8184 87.8419 35.4286
v 93.5805 89.6520 35.4286
v 96.4628 92.8237 38.2857
v 95.8184 87.8419 35.4286
v 96.4628 92.8237 38.2857
v 98.7697 90.9495 38.2857
v 93.5805 89.6520 35.4286
v 91.2975 91.4190 35.4286
v 94.1095 94.6531 38.2857
v 93.5805 89.6520 35.4286
v 94.1095 94.6531 38.2857
v 96.4628 92.8237 38.2857
v 91.2975 91.4190 35.4286
v 88.9704 93.1418 35.4286
v 91.7108 96.4369 38.2857
v 91.2975 91.4190 35.4286
v 91.7108 96.4369 38.2857
v 94.1095 94.6531 38.2857
v 88.9704 93.1418 35.4286
v 86.6005 94.8198 35.4286
v 89.2679 98.1743 38.2857
v 88.9704 93.1418 35.4286
v 89.2679 98.1743 38.2857
v 91.7108 96.4369 38.2857
v 86.6005 94.8198 35.4286
v 84.1889 96.4521 35.4286
v 86.7820 99.8643 38.2857
v 86.6005 94.8198 35.4286
v 86.7820 99.8643 38.2857
v 89.2679 98.1743 38.2857
v 84.1889 96.4521 35.4286
v 81.7367 98.0379 35.4286
v 84.2542 101.5062 38.2857
v 84.1889 96.4521 35.4286
v 84.2542 101.5062 38.2857
v 86.7820 99.8643 38.2857
v 81.7367 98.0379 35.4286
v 79.2451 99.5764 35.4286
v 81.6859 103.0992 38.2857
v 81.7367 98.0379 35.4286
v 81.6859 103.0992 38.2857
v 84.2542 101.5062 38.2857
v 79.2451 99.5764 35.4286
v 76.7153 101.0670 35.4286
v 79.0782 104.6425 38.2857
v 79.2451 99.5764 35.4286
v 79.0782 104.6425 38.2857
v 81.6859 103.0992 38.2857
v 76.7153 101.0670 35.4286
v 74.1485 102.5088 35.4286
v 76.4323 106.1353 38.2857
v 76.7153 101.0670 35.4286
v 76.4323 106.1353 38.2857
v 79.0782 104.6425 38.2857
v 74.1485 102.5088 35.4286
v 71.5460 103.9013 35.4286
v 73.7497 107.5770 38.2857
v 74.1485 102.5088 35.4286
v 73.7497 107.5770 38.2857
v 76.4323 106.1353 38.2857
v 71.5460 103.9013 35.4286
v 68.9090 105.2437 35.4286
v 71.0315 108.9669 38.2857
v 71.5460 103.9013 35.4286
v 71.0315 108.9669 38.2857
v 73.7497 107.5770 38.2857
v 68.9090 105.2437 35.4286
v 66.2388 106.5353 35.4286
v 68.2790 110.3042 38.2857
v 68.9090 105.2437 35.4286
v 68.2790 110.3042 38.2857
v 71.0315 108.9669 38.2857
v 66.2388 106.5353 35.4286
v 63.5367 107.7756 35.4286
v 65.4937 111.5884 38.2857
v 66.2388 106.5353 35.4286
v 65.4937 111.5884 38.2857
v 68.2790 110.3042 38.2857
v 63.5367 107.7756 35.4286
v 60.8040 108.9640 35.4286
v 62.6768 112.8188 38.2857
v 63.5367 107.7756 35.4286
v 62.6768 112.8188 38.2857
v 65.4937 111.5884 38.2857
v 60.8040 108.9640 35.4286
v 58.0419 110.0998 35.4286
v 59.8296 113.9948 38.2857
v 60.8040 108.9640 35.4286
v 59.8296 113.9948 38.2857
v 62.6768 112.8188 38.2857
v 58.0419 110.0998 35.4286
v 55.2519 111.1826 35.4286
v 56.9537 115.1159 38.2857
v 58.0419 110.0998 35.4286
v 56.9537 115.1159 38.2857
v 59.8296 113.9948 38.2857
v 55.2519 111.1826 35.4286
v 52.4352 112.2118 35.4286
v 54.0503 116.1815 38.2857
v 55.2519 111.1826 35.4286
v 54.0503 116.1815 38.2857
v 56.9537 115.1159 38.2857
v 52.4352 112.2118 35.4286
v 49.5933 113.1869 35.4286
v 51.1208 117.1912 38.2857
v 52.4352 112.2118 35.4286
v 51.1208 117.1912 38.2857
v 54.0503 116.1815 38.2857
v 49.5933 113.1869 35.4286
v 46.7275 114.1075 35.4286
v 48.1667 118.1443 38.2857
v 49.5933 113.1869 35.4286
v 48.1667 118.1443 38.2857
v 51.1208 117.1912 38.2857
v 46.7275 114.1075 35.4286
v 43.8391 114.9730 35.4286
v 45.1894 119.0405 38.2857
v 46.7275 114.1075 35.4286
v 45.1894 119.0405 38.2857
v 48.1667 118.1443 38.2857
v 43.8391 114.9730 35.4286
v 40.9297 115.7832 35.4286
v 42.1903 119.8793 38.2857
v 43.8391 114.9730 35.4286
v 42.1903 119.8793 38.2857
v 45.1894 119.0405 38.2857
v 40.9297 115.7832 35.4286
v 38.0005 116.5376 35.4286
v 39.1709 120.6603 38.2857
v 40.9297 115.7832 35.4286
v 39.1709 120.6603 38.2857
v 42.1903 119.8793 38.2857
v 38.0005 116.5376 35.4286
v 35.0530 117.2357 35.4286
v 36.1326 121.3832 38.2857
v 38.0005 116.5376 35.4286
v 36.1326 121.3832 38.2857
v 39.1709 120.6603 38.2857
v 35.0530 117.2357 35.4286
v 32.0886 117.8774 35.4286
v 33.0769 122.0476 38.2857
v 35.0530 117.2357 35.4286
v 33.0769 122.0476 38.2857
v 36.1326 121.3832 38.2857
v 32.0886 117.8774 35.4286
v 29.1087 118.4623 35.4286
v 30.0053 122.6532 38.2857
v 32.0886 117.8774 35.4286
v 30.0053 122.6532 38.2857
v 33.0769 122.0476 38.2857
v 29.1087 118.4623 35.4286
v 26.1148 118.9901 35.4286
v 26.9191 123.1997 38.2857
v 29.1087 118.4623 35.4286
v 26.9191 123.1997 38.2857
v 30.0053 122.6532 38.2857
v 26.1148 118.9901 35.4286
v 23.1083 119.4605 35.4286
v 23.8200 123.6867 38.2857
v 26.1148 118.9901 35.4286
v 23.8200 123.6867 38.2857
v 26.9191 123.1997 38.2857
v 23.1083 119.4605 35.4286
v 20.0907 119.8734 35.4286
v 20.7095 124.1142 38.2857
v 23.1083 119.4605 35.4286
v 20.7095 124.1142 38.2857
v 23.8200 123.6867 38.2857
v 20.0907 119.8734 35.4286
v 17.0634 120.2285 35.4286
v 17.5889 124.4819 38.2857
v 20.0907 119.8734 35.4286
v 17.5889 124.4819 38.2857
v 20.7095 124.1142 38.2857
v 17.0634 120.2285 35.4286
v 14.0278 120.5256 35.4286
v 14.4599 124.7895 38.2857
v 17.0634 120.2285 35.4286
v 14.4599 124.7895 38.2857
v 17.5889 124.4819 38.2857
v 14.0278 120.5256 35.4286
v 10.9855 120.7647 35.4286
v 11.3239 125.0370 38.2857
v 14.0278 120.5256 35.4286
v 11.3239 125.0370 38.2857
v 14.4599 124.7895 38.2857
v 10.9855 120.7647 35.4286
v 7.9380 120.9456 35.4286
v 8.1825 125.2243 38.2857
v 10.9855 120.7647 35.4286
v 8.1825 125.2243 38.2857
v 11.3239 125.0370 38.2857
v 7.9380 120.9456 35.4286
v 4.8865 121.0681 35.4286
v 5.0371 125.3512 38.2857
v 7.9380 120.9456 35.4286
v 5.0371 125.3512 38.2857
v 8.1825 125.2243 38.2857
v 4.8865 121.0681 35.4286
v 1.8328 121.1323 35.4286
v 1.8892 125.4177 38.2857
v 4.8865 121.0681 35.4286
v 1.8892 125.4177 38.2857
v 5.0371 125.3512 38.2857
v 1.8328 121.1323 35.4286
v -1.2219 121.1382 35.4286
v -1.2595 125.4237 38.2857
v 1.8328 121.1323 35.4286
v -1.2595 125.4237 38.2857
v 1.8892 125.4177 38.2857
v -1.2219 121.1382 35.4286
v -4.2759 121.0856 35.4286
v -4.4076 125.3693 38.2857
v -1.2219 121.1382 35.4286
v -4.4076 125.3693 38.2857
v -1.2595 125.4237 38.2857
v -4.2759 121.0856 35.4286
v -7.3279 120.9747 35.4286
v -7.5536 125.2545 38.2857
v -4.2759 121.0856 35.4286
v -7.5536 125.2545 38.2857
v -4.4076 125.3693 38.2857
v -7.3279 120.9747 35.4286
v -10.3764 120.8055 35.4286
v -10.6960 125.0793 38.2857
v -7.3279 120.9747 35.4286
v -10.6960 125.0793 38.2857
v -7.5536 125.2545 38.2857
v -10.3764 120.8055 35.4286
v -13.4199 120.5781 35.4286
v -13.8332 124.8438 38.2857
v -10.3764 120.8055 35.4286
v -13.8332 124.8438 38.2857
v -10.6960 125.0793 38.2857
v -13.4199 120.5781 35.4286
v -16.4569 120.2926 35.4286
v -16.9638 124.5482 38.2857
v -13.4199 120.5781 35.4286
v -16.9638 124.5482 38.2857
v -13.8332 124.8438 38.2857
v -16.4569 120.2926 35.4286
v -19.4859 119.9491 35.4286
v -20.0861 124.1925 38.2857
v -16.4569 120.2926 35.4286
v -20.0861 124.1925 38.2857
v -16.9638 124.5482 38.2857
v -19.4859 119.9491 35.4286
v -22.5056 119.5477 35.4286
v -23.1988 123.7770 38.2857
v -19.4859 119.9491 35.4286
v -23.1988 123.7770 38.2857
v -20.0861 124.1925 38.2857
v -22.5056 119.5477 35.4286
v -25.5144 119.0888 35.4286
v -26.3003 123.3018 38.2857
v -22.5056 119.5477 35.4286
v -26.3003 123.3018 38.2857
v -23.1988 123.7770 38.2857
v -25.5144 119.0888 35.4286
v -28.5110 118.5724 35.4286
v -29.3891 122.7672 38.2857
v -25.5144 119.0888 35.4286
v -29.3891 122.7672 38.2857
v -26.3003 123.3018 38.2857
v -28.5110 118.5724 35.4286
v -31.4938 117.9990 35.4286
v -32.4638 122.1735 38.2857
v -28.5110 118.5724 35.4286
v -32.4638 122.1735 38.2857
v -29.3891 122.7672 38.2857
v -31.4938 117.9990 35.4286
v -34.4614 117.3686 35.4286
v -35.5228 121.5208 38.2857
v -31.4938 117.9990 35.4286
v -35.5228 121.5208 38.2857
v -32.4638 122.1735 38.2857
v -34.4614 117.3686 35.4286
v -37.4124 116.6817 35.4286
v -38.5647 120.8096 38.2857
v -34.4614 117.3686 35.4286
v -38.5647 120.8096 38.2857
v -35.5228 121.5208 38.2857
v -37.4124 116.6817 35.4286
v -40.3454 115.9385 35.4286
v -41.5880 120.0401 38.2857
v -37.4124 116.6817 35.4286
v -41.5880 120.0401 38.2857
v -38.5647 120.8096 38.2857
v -40.3454 115.9385 35.4286
v -43.2589 115.1395 35.4286
v -44.5913 119.2128 38.2857
v -40.3454 115.9385 35.4286
v -44.5913 119.2128 38.2857
v -41.5880 120.0401 38.2857
v -43.2589 115.1395 35.4286
v -46.1516 114.2850 35.4286
v -47.5731 118.3281 38.2857
v -43.2589 115.1395 35.4286
v -47.5731 118.3281 38.2857
v -44.5913 119.2128 38.2857
v -46.1516 114.2850 35.4286
v -49.0220 113.3754 35.4286
v -50.5319 117.3863 38.2857
v -46.1516 114.2850 35.4286
v -50.5319 117.3863 38.2857
v -47.5731 118.3281 38.2857
v -49.0220 113.3754 35.4286
v -51.8688 112.4111 35.4286
v -53.4664 116.3880 38.2857
v -49.0220 113.3754 35.4286
v -53.4664 116.3880 38.2857
v -50.5319 117.3863 38.2857
v -51.8688 112.4111 35.4286
v -54.6906 111.3927 35.4286
v -56.3752 115.3335 38.2857
v -51.8688 112.4111 35.4286
v -56.3752 115.3335 38.2857
v -53.4664 116.3880 38.2857
v -54.6906 111.3927 35.4286
v -57.4861 110.3206 35.4286
v -59.2567 114.2235 38.2857
v -54.6906 111.3927 35.4286
v -59.2567 114.2235 38.2857
v -56.3752 115.3335 38.2857
v -57.4861 110.3206 35.4286
v -60.2538 109.1953 35.4286
v -62.1097 113.0584 38.2857
v -57.4861 110.3206 35.4286
v -62.1097 113.0584 38.2857
v -59.2567 114.2235 38.2857
v -60.2538 109.1953 35.4286
v -62.9926 108.0174 35.4286
v -64.9328 111.8388 38.2857
v -60.2538 109.1953 35.4286
v -64.9328 111.8388 38.2857
v -62.1097 113.0584 38.2857
v -62.9926 108.0174 35.4286
v -65.7009 106.7875 35.4286
v -67.7245 110.5653 38.2857
v -62.9926 108.0174 35.4286
v -67.7245 110.5653 38.2857
v -64.9328 111.8388 38.2857
v -65.7009 106.7875 35.4286
v -68.3776 105.5061 35.4286
v -70.4837 109.2386 38.2857
v -65.7009 106.7875 35.4286
v -70.4837 109.2386 38.2857
v -67.7245 110.5653 38.2857
v -68.3776 105.5061 35.4286
v -71.0213 104.1738 35.4286
v -73.2088 107.8592 38.2857
v -68.3776 105.5061 35.4286
v -73.2088 107.8592 38.2857
v -70.4837 109.2386 38.2857
v -71.0213 104.1738 35.4286
v -73.6308 102.7913 35.4286
v -75.8987 106.4278 38.2857
v -71.0213 104.1738 35.4286
v -75.8987 106.4278 38.2857
v -73.2088 107.8592 38.2857
v -73.6308 102.7913 35.4286
v -76.2048 101.3593 35.4286
v -78.5520 104.9451 38.2857
v -73.6308 102.7913 35.4286
v -78.5520 104.9451 38.2857
v -75.8987 106.4278 38.2857
v -76.2048 101.3593 35.4286
v -78.7421 99.8784 35.4286
v -81.1675 103.4118 38.2857
v -76.2048 101.3593 35.4286
v -81.1675 103.4118 38.2857
v -78.5520 104.9451 38.2857
v -78.7421 99.8784 35.4286
v -81.2415 98.3494 35.4286
v -83.7438 101.8287 38.2857
v -78.7421 99.8784 35.4286
v -83.7438 101.8287 38.2857
v -81.1675 103.4118 38.2857
v -81.2415 98.3494 35.4286
v -83.7017 96.7730 35.4286
v -86.2797 100.1966 38.2857
v -81.2415 98.3494 35.4286
v -86.2797 100.1966 38.2857
v -83.7438 101.8287 38.2857
v -83.7017 96.7730 35.4286
v -86.1215 95.1499 35.4286
v -88.7741 98.5161 38.2857
v -83.7017 96.7730 35.4286
v -88.7741 98.5161 38.2857
v -86.2797 100.1966 38.2857
v -86.1215 95.1499 35.4286
v -88.4998 93.4810 35.4286
v -91.2257 96.7881 38.2857
v -86.1215 95.1499 35.4286
v -91.2257 96.7881 38.2857
v -88.7741 98.5161 38.2857
v -88.4998 93.4810 35.4286
v -90.8355 91.7671 35.4286
v -93.6333 95.0136 38.2857
v -88.4998 93.4810 35.4286
v -93.6333 95.0136 38.2857
v -91.2257 96.7881 38.2857
v -90.8355 91.7671 35.4286
v -93.1274 90.0089 35.4286
v -95.9958 93.1932 38.2857
v -90.8355 91.7671 35.4286
v -95.9958 93.1932 38.2857
v -93.6333 95.0136 38.2857
v -93.1274 90.0089 35.4286
v -95.3745 88.2073 35.4286
v -98.3121 91.3279 38.2857
v -93.1274 90.0089 35.4286
v -98.3121 91.3279 38.2857
v -95.9958 93.1932 38.2857
v -95.3745 88.2073 35.4286
v -97.5755 86.3632 35.4286
v -100.5809 89.4185 38.2857
v -95.3745 88.2073 35.4286
v -100.5809 89.4185 38.2857
v -98.3121 91.3279 38.2857
v -97.5755 86.3632 35.4286
v -99.7296 84.4775 35.4286
v -102.8013 87.4661 38.2857
v -97.5755 86.3632 35.4286
v -102.8013 87.4661 38.2857
v -100.5809 89.4185 38.2857
v -99.7296 84.4775 35.4286
v -101.8355 82.5511 35.4286
v -104.9721 85.4716 38.2857
v -99.7296 84.4775 35.4286
v -104.9721 85.4716 38.2857
v -102.8013 87.4661 38.2857
v -101.8355 82.5511 35.4286
v -103.8924 80.5849 35.4286
v -107.0924 83.4358 38.2857
v -101.8355 82.5511 35.4286
v -107.0924 83.4358 38.2857
v -104.9721 85.4716 38.2857
v -103.8924 80.5849 35.4286
v -105.8992 78.5799 35.4286
v -109.1610 81.3598 38.2857
v -103.8924 80.5849 35.4286
v -109.1610 81.3598 38.2857
v -107.0924 83.4358 38.2857
v -105.8992 78.5799 35.4286
v -107.8550 76.5370 35.4286
v -111.1770 79.2447 38.2857
v -105.8992 78.5799 35.4286
v -111.1770 79.2447 38.2857
v -109.1610 81.3598 38.2857
v -107.8550 76.5370 35.4286
v -109.7588 74.4572 35.4286
v -113.1395 77.0913 38.2857
v -107.8550 76.5370 35.4286
v -113.1395 77.0913 38.2857
v -111.1770 79.2447 38.2857
v -109.7588 74.4572 35.4286
v -111.6097 72.3415 35.4286
v -115.0474 74.9007 38.2857
v -109.7588 74.4572 35.4286
v -115.0474 74.9007 38.2857
v -113.1395 77.0913 38.2857
v -111.6097 72.3415 35.4286
v -113.4068 70.1910 35.4286
v -116.8998 72.6741 38.2857
v -111.6097 72.3415 35.4286
v -116.8998 72.6741 38.2857
v -115.0474 74.9007 38.2857
v -113.4068 70.1910 35.4286
v -115.1493 68.0066 35.4286
v -118.6960 70.4125 38.2857
v -113.4068 70.1910 35.4286
v -118.6960 70.4125 38.2857
v -116.8998 72.6741 38.2857
v -115.1493 68.0066 35.4286
v -116.8362 65.7894 35.4286
v -120.4349 68.1169 38.2857
v -115.1493 68.0066 35.4286
v -120.4349 68.1169 38.2857
v -118.6960 70.4125 38.2857
v -116.8362 65.7894 35.4286
v -118.4669 63.5406 35.4286
v -122.1158 65.7885 38.2857
v -116.8362 65.7894 35.4286
v -122.1158 65.7885 38.2857
v -120.4349 68.1169 38.2857
v -118.4669 63.5406 35.4286
v -120.0404 61.2611 35.4286
v -123.7378 63.4283 38.2857
v -118.4669 63.5406 35.4286
v -123.7378 63.4283 38.2857
v -122.1158 65.7885 38.2857
v -120.0404 61.2611 35.4286
v -121.5561 58.9521 35.4286
v -125.3002 61.0376 38.2857
v -120.0404 61.2611 35.4286
v -125.3002 61.0376 38.2857
v -123.7378 63.4283 38.2857
v -121.5561 58.9521 35.4286
v -123.0132 56.6147 35.4286
v -126.8022 58.6175 38.2857
v -121.5561 58.9521 35.4286
v -126.8022 58.6175 38.2857
v -125.3002 61.0376 38.2857
v -123.0132 56.6147 35.4286
v -124.4111 54.2499 35.4286
v -128.2430 56.1692 38.2857
v -123.0132 56.6147 35.4286
v -128.2430 56.1692 38.2857
v -126.8022 58.6175 38.2857
v -124.4111 54.2499 35.4286
v -125.7489 51.8591 35.4286
v -129.6221 53.6937 38.2857
v -124.4111 54.2499 35.4286
v -129.6221 53.6937 38.2857
v -128.2430 56.1692 38.2857
v -125.7489 51.8591 35.4286
v -127.0262 49.4433 35.4286
v -130.9387 51.1924 38.2857
v -125.7489 51.8591 35.4286
v -130.9387 51.1924 38.2857
v -129.6221 53.6937 38.2857
v -127.0262 49.4433 35.4286
v -128.2422 47.0036 35.4286
v -132.1922 48.6664 38.2857
v -127.0262 49.4433 35.4286
v -132.1922 48.6664 38.2857
v -130.9387 51.1924 38.2857
v -128.2422 47.0036 35.4286
v -129.3965 44.5413 35.4286
v -133.3820 46.1170 38.2857
v -128.2422 47.0036 35.4286
v -133.3820 46.1170 38.2857
v -132.1922 48.6664 38.2857
v -129.3965 44.5413 35.4286
v -130.4884 42.0575 35.4286
v -134.5075 43.5453 38.2857
v -129.3965 44.5413 35.4286
v -134.5075 43.5453 38.2857
v -133.3820 46.1170 38.2857
v -130.4884 42.0575 35.4286
v -131.5173 39.5534 35.4286
v -135.5682 40.9527 38.2857
v -130.4884 42.0575 35.4286
v -135.5682 40.9527 38.2857
v -134.5075 43.5453 38.2857
v -131.5173 39.5534 35.4286
v -132.4829 37.0303 35.4286
v -136.5635 38.3403 38.2857
v -131.5173 39.5534 35.4286
v -136.5635 38.3403 38.2857
v -135.5682 40.9527 38.2857
v -132.4829 37.0303 35.4286
v -133.3847 34.4893 35.4286
v -137.4930 35.7094 38.2857
v -132.4829 37.0303 35.4286
v -137.4930 35.7094 38.2857
v -136.5635 38.3403 38.2857
v -133.3847 34.4893 35.4286
v -134.2222 31.9317 35.4286
v -138.3563 33.0614 38.2857
v -133.3847 34.4893 35.4286
v -138.3563 33.0614 38.2857
v -137.4930 35.7094 38.2857
v -134.2222 31.9317 35.4286
v -134.9949 29.3587 35.4286
v -139.1529 30.3974 38.2857
v -134.2222 31.9317 35.4286
v -139.1529 30.3974 38.2857
v -138.3563 33.0614 38.2857
v -134.9949 29.3587 35.4286
v -135.7026 26.7716 35.4286
v -139.8824 27.7187 38.2857
v -134.9949 29.3587 35.4286
v -139.8824 27.7187 38.2857
v -139.1529 30.3974 38.2857
v -135.7026 26.7716 35.4286
v -136.3450 24.1715 35.4286
v -140.5445 25.0267 38.2857
v -135.7026 26.7716 35.4286
v -140.5445 25.0267 38.2857
v -139.8824 27.7187 38.2857
v -136.3450 24.1715 35.4286
v -136.9216 21.5599 35.4286
v -141.1389 22.3226 38.2857
v -136.3450 24.1715 35.4286
v -141.1389 22.3226 38.2857
v -140.5445 25.0267 38.2857
v -136.9216 21.5599 35.4286
v -137.4322 18.9378 35.4286
v -141.6652 19.6078 38.2857
v -136.9216 21.5599 35.4286
v -141.6652 19.6078 38.2857
v -141.1389 22.3226 38.2857
v -137.4322 18.9378 35.4286
v -137.8765 16.3066 35.4286
v -142.1233 16.8835 38.2857
v -137.4322 18.9378 35.4286
v -142.1233 16.8835 38.2857
v -141.6652 19.6078 38.2857
v -137.8765 16.3066 35.4286
v -138.2545 13.6675 35.4286
v -142.5128 14.1510 38.2857
v -137.8765 16.3066 35.4286
v -142.5128 14.1510 38.2857
v -142.1233 16.8835 38.2857
v -138.2545 13.6675 35.4286
v -138.5658 11.0219 35.4286
v -142.8337 11.4118 38.2857
v -138.2545 13.6675 35.4286
v -142.8337 11.4118 38.2857
v -142.5128 14.1510 38.2857
v -138.5658 11.0219 35.4286
v -138.8103 8.3709 35.4286
v -143.0857 8.6670 38.2857
v -138.5658 11.0219 35.4286
v -143.0857 8.6670 38.2857
v -142.8337 11.4118 38.2857
v -138.8103 8.3709 35.4286
v -138.9879 5.7159 35.4286
v -143.2688 5.9181 38.2857
v -138.8103 8.3709 35.4286
v -143.2688 5.9181 38.2857
v -143.0857 8.6670 38.2857
v -138.9879 5.7159 35.4286
v -139.0985 3.0582 35.4286
v -143.3829 3.1663 38.2857
v -138.9879 5.7159 35.4286
v -143.3829 3.1663 38.2857
v -143.2688 5.9181 38.2857
v -139.0985 3.0582 35.4286
v -139.1421 0.3989 35.4286
v -143.4278 0.4130 38.2857
v -139.0985 3.0582 35.4286
v -143.4278 0.4130 38.2857
v -143.3829 3.1663 38.2857
v -139.1421 0.3989 35.4286
v -139.1186 -2.2605 35.4286
v -143.4036 -2.3405 38.2857
v -139.1421 0.3989 35.4286
v -143.4036 -2.3405 38.2857
v -143.4278 0.4130 38.2857
v -139.1186 -2.2605 35.4286
v -139.0281 -4.9188 35.4286
v -143.3103 -5.0928 38.2857
v -139.1186 -2.2605 35.4286
v -143.3103 -5.0928 38.2857
v -143.4036 -2.3405 38.2857
v -139.0281 -4.9188 35.4286
v -138.8706 -7.5748 35.4286
v -143.1479 -7.8427 38.2857
v -139.0281 -4.9188 35.4286
v -143.1479 -7.8427 38.2857
v -143.3103 -5.0928 38.2857
v -138.8706 -7.5748 35.4286
v -138.6461 -10.2271 35.4286
v -142.9165 -10.5889 38.2857
v -138.8706 -7.5748 35.4286
v -142.9165 -10.5889 38.2857
v -143.1479 -7.8427 38.2857
v -138.6461 -10.2271 35.4286
v -138.3549 -12.8745 35.4286
v -142.6163 -13.3299 38.2857
v -138.6461 -10.2271 35.4286
v -142.6163 -13.3299 38.2857
v -142.9165 -10.5889 38.2857
v -138.3549 -12.8745 35.4286
v -137.9969 -15.5156 35.4286
v -142.2473 -16.0645 38.2857
v -138.3549 -12.8745 35.4286
v -142.2473 -16.0645 38.2857
v -142.6163 -13.3299 38.2857
v -137.9969 -15.5156 35.4286
v -137.5724 -18.1493 35.4286
v -141.8098 -18.7914 38.2857
v -137.9969 -15.5156 35.4286
v -141.8098 -18.7914 38.2857
v -142.2473 -16.0645 38.2857
v -137.5724 -18.1493 35.4286
v -137.0817 -20.7743 35.4286
v -141.3039 -21.5092 38.2857
v -137.5724 -18.1493 35.4286
v -141.3039 -21.5092 38.2857
v -141.8098 -18.7914 38.2857
v -137.0817 -20.7743 35.4286
v -136.5248 -23.3892 35.4286
v -140.7299 -24.2167 38.2857
v -137.0817 -20.7743 35.4286
v -140.7299 -24.2167 38.2857
v -141.3039 -21.5092 38.2857
v -136.5248 -23.3892 35.4286
v -135.9022 -25.9929 35.4286
v -140.0881 -26.9124 38.2857
v -136.5248 -23.3892 35.4286
v -140.0881 -26.9124 38.2857
v -140.7299 -24.2167 38.2857
v -135.9022 -25.9929 35.4286
v -135.2141 -28.5840 35.4286
v -139.3788 -29.5952 38.2857
v -135.9022 -25.9929 35.4286
v -139.3788 -29.5952 38.2857
v -140.0881 -26.9124 38.2857
v -135.2141 -28.5840 35.4286
v -134.4608 -31.1614 35.4286
v -138.6023 -32.2638 38.2857
v -135.2141 -28.5840 35.4286
v -138.6023 -32.2638 38.2857
v -139.3788 -29.5952 38.2857
v -134.4608 -31.1614 35.4286
v -133.6427 -33.7237 35.4286
v -137.7590 -34.9168 38.2857
v -134.4608 -31.1614 35.4286
v -137.7590 -34.9168 38.2857
v -138.6023 -32.2638 38.2857
v -133.6427 -33.7237 35.4286
v -132.7602 -36.2698 35.4286
v -136.8493 -37.5529 38.2857
v -133.6427 -33.7237 35.4286
v -136.8493 -37.5529 38.2857
v -137.7590 -34.9168 38.2857
v -132.7602 -36.2698 35.4286
v -131.8137 -38.7984 35.4286
v -135.8737 -40.1710 38.2857
v -132.7602 -36.2698 35.4286
v -135.8737 -40.1710 38.2857
v -136.8493 -37.5529 38.2857
v -131.8137 -38.7984 35.4286
v -130.8037 -41.3083 35.4286
v -134.8325 -42.7697 38.2857
v -131.8137 -38.7984 35.4286
v -134.8325 -42.7697 38.2857
v -135.8737 -40.1710 38.2857
v -130.8037 -41.3083 35.4286
v -129.7306 -43.7983 35.4286
v -133.7264 -45.3478 38.2857
v -130.8037 -41.3083 35.4286
v -133.7264 -45.3478 38.2857
v -134.8325 -42.7697 38.2857
v -129.7306 -43.7983 35.4286
v -128.5950 -46.2672 35.4286
v -132.5559 -47.9040 38.2857
v -129.7306 -43.7983 35.4286
v -132.5559 -47.9040 38.2857
v -133.7264 -45.3478 38.2857
v -128.5950 -46.2672 35.4286
v -127.3975 -48.7138 35.4286
v -131.3214 -50.4372 38.2857
v -128.5950 -46.2672 35.4286
v -131.3214 -50.4372 38.2857
v -132.5559 -47.9040 38.2857
v -127.3975 -48.7138 35.4286
v -126.1385 -51.1369 35.4286
v -130.0237 -52.9460 38.2857
v -127.3975 -48.7138 35.4286
v -130.0237 -52.9460 38.2857
v -131.3214 -50.4372 38.2857
v -126.1385 -51.1369 35.4286
v -124.8188 -53.5354 35.4286
v -128.6633 -55.4293 38.2857
v -126.1385 -51.1369 35.4286
v -128.6633 -55.4293 38.2857
v -130.0237 -52.9460 38.2857
v -124.8188 -53.5354 35.4286
v -123.4388 -55.9081 35.4286
v -127.2409 -57.8859 38.2857
v -124.8188 -53.5354 35.4286
v -127.2409 -57.8859 38.2857
v -128.6633 -55.4293 38.2857
v -123.4388 -55.9081 35.4286
v -121.9994 -58.2538 35.4286
v -125.7571 -60.3146 38.2857
v -123.4388 -55.9081 35.4286
v -125.7571 -60.3146 38.2857
v -127.2409 -57.8859 38.2857
v -121.9994 -58.2538 35.4286
v -120.5012 -60.5714 35.4286
v -124.2128 -62.7143 38.2857
v -121.9994 -58.2538 35.4286
v -124.2128 -62.7143 38.2857
v -125.7571 -60.3146 38.2857
v 141.2496 21.7804 38.2857
v 140.6688 24.4868 38.2857
v 144.8720 25.3235 41.1429
v 141.2496 21.7804 38.2857
v 144.8720 25.3235 41.1429
v 145.4702 22.5246 41.1429
v 140.6688 24.4868 38.2857
v 140.0202 27.1813 38.2857
v 144.2041 28.1101 41.1429
v 140.6688 24.4868 38.2857
v 144.2041 28.1101 41.1429
v 144.8720 25.3235 41.1429
v 140.0202 27.1813 38.2857
v 139.3042 29.8628 38.2857
v 143.4666 30.8831 41.1429
v 140.0202 27.1813 38.2857
v 143.4666 30.8831 41.1429
v 144.2041 28.1101 41.1429
v 139.3042 29.8628 38.2857
v 138.5210 32.5298 38.2857
v 142.6600 33.6413 41.1429
v 139.3042 29.8628 38.2857
v 142.6600 33.6413 41.1429
v 143.4666 30.8831 41.1429
v 138.5210 32.5298 38.2857
v 137.6710 35.1812 38.2857
v 141.7847 36.3832 41.1429
v 138.5210 32.5298 38.2857
v 141.7847 36.3832 41.1429
v 142.6600 33.6413 41.1429
v 137.6710 35.1812 38.2857
v 136.7547 37.8156 38.2857
v 140.8410 39.1077 41.1429
v 137.6710 35.1812 38.2857
v 140.8410 39.1077 41.1429
v 141.7847 36.3832 41.1429
v 136.7547 37.8156 38.2857
v 135.7725 40.4318 38.2857
v 139.8294 41.8132 41.1429
v 136.7547 37.8156 38.2857
v 139.8294 41.8132 41.1429
v 140.8410 39.1077 41.1429
v 135.7725 40.4318 38.2857
v 134.7248 43.0285 38.2857
v 138.7505 44.4987 41.1429
v 135.7725 40.4318 38.2857
v 138.7505 44.4987 41.1429
v 139.8294 41.8132 41.1429
v 134.7248 43.0285 38.2857
v 133.6123 45.6044 38.2857
v 137.6047 47.1626 41.1429
v 134.7248 43.0285 38.2857
v 137.6047 47.1626 41.1429
v 138.7505 44.4987 41.1429
v 133.6123 45.6044 38.2857
v 132.4353 48.1584 38.2857
v 136.3925 49.8039 41.1429
v 133.6123 45.6044 38.2857
v 136.3925 49.8039 41.1429
v 137.6047 47.1626 41.1429
v 132.4353 48.1584 38.2857
v 131.1945 50.6892 38.2857
v 135.1146 52.4211 41.1429
v 132.4353 48.1584 38.2857
v 135.1146 52.4211 41.1429
v 136.3925 49.8039 41.1429
v 131.1945 50.6892 38.2857
v 129.8904 53.1955 38.2857
v 133.7716 55.0131 41.1429
v 131.1945 50.6892 38.2857
v 133.7716 55.0131 41.1429
v 135.1146 52.4211 41.1429
v 129.8904 53.1955 38.2857
v 128.5238 55.6762 38.2857
v 132.3642 57.5786 41.1429
v 129.8904 53.1955 38.2857
v 132.3642 57.5786 41.1429
v 133.7716 55.0131 41.1429
v 128.5238 55.6762 38.2857
v 127.0952 58.1301 38.2857
v 130.8929 60.1163 41.1429
v 128.5238 55.6762 38.2857
v 130.8929 60.1163 41.1429
v 132.3642 57.5786 41.1429
v 127.0952 58.1301 38.2857
v 125.6054 60.5559 38.2857
v 129.3586 62.6250 41.1429
v 127.0952 58.1301 38.2857
v 129.3586 62.6250 41.1429
v 130.8929 60.1163 41.1429
v 125.6054 60.5559 38.2857
v 124.0550 62.9526 38.2857
v 127.7619 65.1036 41.1429
v 125.6054 60.5559 38.2857
v 127.7619 65.1036 41.1429
v 129.3586 62.6250 41.1429
v 124.0550 62.9526 38.2857
v 122.4449 65.3189 38.2857
v 126.1036 67.5508 41.1429
v 124.0550 62.9526 38.2857
v 126.1036 67.5508 41.1429
v 127.7619 65.1036 41.1429
v 122.4449 65.3189 38.2857
v 120.7757 67.6538 38.2857
v 124.3846 69.9654 41.1429
v 122.4449 65.3189 38.2857
v 124.3846 69.9654 41.1429
v 126.1036 67.5508 41.1429
v 120.7757 67.6538 38.2857
v 119.0484 69.9560 38.2857
v 122.6056 72.3463 41.1429
v 120.7757 67.6538 38.2857
v 122.6056 72.3463 41.1429
v 124.3846 69.9654 41.1429
v 119.0484 69.9560 38.2857
v 117.2636 72.2246 38.2857
v 120.7675 74.6924 41.1429
v 119.0484 69.9560 38.2857
v 120.7675 74.6924 41.1429
v 122.6056 72.3463 41.1429
v 117.2636 72.2246 38.2857
v 115.4223 74.4583 38.2857
v 118.8712 77.0024 41.1429
v 117.2636 72.2246 38.2857
v 118.8712 77.0024 41.1429
v 120.7675 74.6924 41.1429
v 115.4223 74.4583 38.2857
v 113.5254 76.6561 38.2857
v 116.9176 79.2753 41.1429
v 115.4223 74.4583 38.2857
v 116.9176 79.2753 41.1429
v 118.8712 77.0024 41.1429
v 113.5254 76.6561 38.2857
v 111.5738 78.8170 38.2857
v 114.9077 81.5101 41.1429
v 113.5254 76.6561 38.2857
v 114.9077 81.5101 41.1429
v 116.9176 79.2753 41.1429
v 111.5738 78.8170 38.2857
v 109.5685 80.9399 38.2857
v 112.8424 83.7055 41.1429
v 111.5738 78.8170 38.2857
v 112.8424 83.7055 41.1429
v 114.9077 81.5101 41.1429
v 109.5685 80.9399 38.2857
v 107.5103 83.0238 38.2857
v 110.7227 85.8606 41.1429
v 109.5685 80.9399 38.2857
v 110.7227 85.8606 41.1429
v 112.8424 83.7055 41.1429
v 107.5103 83.0238 38.2857
v 105.4003 85.0677 38.2857
v 108.5497 87.9743 41.1429
v 107.5103 83.0238 38.2857
v 108.5497 87.9743 41.1429
v 110.7227 85.8606 41.1429
v 105.4003 85.0677 38.2857
v 103.2395 87.0706 38.2857
v 106.3243 90.0456 41.1429
v 105.4003 85.0677 38.2857
v 106.3243 90.0456 41.1429
v 108.5497 87.9743 41.1429
v 103.2395 87.0706 38.2857
v 101.0289 89.0315 38.2857
v 104.0477 92.0736 41.1429
v 103.2395 87.0706 38.2857
v 104.0477 92.0736 41.1429
v 106.3243 90.0456 41.1429
v 101.0289 89.0315 38.2857
v 98.7697 90.9495 38.2857
v 101.7210 94.0571 41.1429
v 101.0289 89.0315 38.2857
v 101.7210 94.0571 41.1429
v 104.0477 92.0736 41.1429
v 98.7697 90.9495 38.2857
v 96.4628 92.8237 38.2857
v 99.3452 95.9953 41.1429
v 98.7697 90.9495 38.2857
v 99.3452 95.9953 41.1429
v 101.7210 94.0571 41.1429
v 96.4628 92.8237 38.2857
v 94.1095 94.6531 38.2857
v 96.9215 97.8873 41.1429
v 96.4628 92.8237 38.2857
v 96.9215 97.8873 41.1429
v 99.3452 95.9953 41.1429
v 94.1095 94.6531 38.2857
v 91.7108 96.4369 38.2857
v 94.4512 99.7320 41.1429
v 94.1095 94.6531 38.2857
v 94.4512 99.7320 41.1429
v 96.9215 97.8873 41.1429
v 91.7108 96.4369 38.2857
v 89.2679 98.1743 38.2857
v 91.9353 101.5288 41.1429
v 91.7108 96.4369 38.2857
v 91.9353 101.5288 41.1429
v 94.4512 99.7320 41.1429
v 89.2679 98.1743 38.2857
v 86.7820 99.8643 38.2857
v 89.3751 103.2765 41.1429
v 89.2679 98.1743 38.2857
v 89.3751 103.2765 41.1429
v 91.9353 101.5288 41.1429
v 86.7820 99.8643 38.2857
v 84.2542 101.5062 38.2857
v 86.7718 104.9745 41.1429
v 86.7820 99.8643 38.2857
v 86.7718 104.9745 41.1429
v 89.3751 103.2765 41.1429
v 84.2542 101.5062 38.2857
v 81.6859 103.0992 38.2857
v 84.1267 106.6219 41.1429
v 84.2542 101.5062 38.2857
v 84.1267 106.6219 41.1429
v 86.7718 104.9745 41.1429
v 81.6859 103.0992 38.2857
v 79.0782 104.6425 38.2857
v 81.4411 108.2180 41.1429
v 81.6859 103.0992 38.2857
v 81.4411 108.2180 41.1429
v 84.1267 106.6219 41.1429
v 79.0782 104.6425 38.2857
v 76.4323 106.1353 38.2857
v 78.7162 109.7618 41.1429
v 79.0782 104.6425 38.2857
v 78.7162 109.7618 41.1429
v 81.4411 108.2180 41.1429
v 76.4323 106.1353 38.2857
v 73.7497 107.5770 38.2857
v 75.9534 111.2528 41.1429
v 76.4323 106.1353 38.2857
v 75.9534 111.2528 41.1429
v 78.7162 109.7618 41.1429
v 73.7497 107.5770 38.2857
v 71.0315 108.9669 38.2857
v 73.1539 112.6901 41.1429
v 73.7497 107.5770 38.2857
v 73.1539 112.6901 41.1429
v 75.9534 111.2528 41.1429
v 71.0315 108.9669 38.2857
v 68.2790 110.3042 38.2857
v 70.3192 114.0732 41.1429
v 71.0315 108.9669 38.2857
v 70.3192 114.0732 41.1429
v 73.1539 112.6901 41.1429
v 68.2790 110.3042 38.2857
v 65.4937 111.5884 38.2857
v 67.4507 115.4012 41.1429
v 68.2790 110.3042 38.2857
v 67.4507 115.4012 41.1429
v 70.3192 114.0732 41.1429
v 65.4937 111.5884 38.2857
v 62.6768 112.8188 38.2857
v 64.5496 116.6737 41.1429
v 65.4937 111.5884 38.2857
v 64.5496 116.6737 41.1429
v 67.4507 115.4012 41.1429
v 62.6768 112.8188 38.2857
v 59.8296 113.9948 38.2857
v 61.6174 117.8899 41.1429
v 62.6768 112.8188 38.2857
v 61.6174 117.8899 41.1429
v 64.5496 116.6737 41.1429
v 59.8296 113.9948 38.2857
v 56.9537 115.1159 38.2857
v 58.6555 119.0493 41.1429
v 59.8296 113.9948 38.2857
v 58.6555 119.0493 41.1429
v 61.6174 117.8899 41.1429
v 56.9537 115.1159 38.2857
v 54.0503 116.1815 38.2857
v 55.6653 120.1513 41.1429
v 56.9537 115.1159 38.2857
v 55.6653 120.1513 41.1429
v 58.6555 119.0493 41.1429
v 54.0503 116.1815 38.2857
v 51.1208 117.1912 38.2857
v 52.6483 121.1954 41.1429
v 54.0503 116.1815 38.2857
v 52.6483 121.1954 41.1429
v 55.6653 120.1513 41.1429
v 51.1208 117.1912 38.2857
v 48.1667 118.1443 38.2857
v 49.6060 122.1811 41.1429
v 51.1208 117.1912 38.2857
v 49.6060 122.1811 41.1429
v 52.6483 121.1954 41.1429
v 48.1667 118.1443 38.2857
v 45.1894 119.0405 38.2857
v 46.5397 123.1079 41.1429
v 48.1667 118.1443 38.2857
v 46.5397 123.1079 41.1429
v 49.6060 122.1811 41.1429
v 45.1894 119.0405 38.2857
v 42.1903 119.8793 38.2857
v 43.4510 123.9754 41.1429
v 45.1894 119.0405 38.2857
v 43.4510 123.9754 41.1429
v 46.5397 123.1079 41.1429
v 42.1903 119.8793 38.2857
v 39.1709 120.6603 38.2857
v 40.3414 124.7831 41.1429
v 42.1903 119.8793 38.2857
v 40.3414 124.7831 41.1429
v 43.4510 123.9754 41.1429
v 39.1709 120.6603 38.2857
v 36.1326 121.3832 38.2857
v 37.2123 125.5307 41.1429
v 39.1709 120.6603 38.2857
v 37.2123 125.5307 41.1429
v 40.3414 124.7831 41.1429
v 36.1326 121.3832 38.2857
v 33.0769 122.0476 38.2857
v 34.0653 126.2178 41.1429
v 36.1326 121.3832 38.2857
v 34.0653 126.2178 41.1429
v 37.2123 125.5307 41.1429
v 33.0769 122.0476 38.2857
v 30.0053 122.6532 38.2857
v 30.9018 126.8441 41.1429
v 33.0769 122.0476 38.2857
v 30.9018 126.8441 41.1429
v 34.0653 126.2178 41.1429
v 30.0053 122.6532 38.2857
v 26.9191 123.1997 38.2857
v 27.7235 127.4092 41.1429
v 30.0053 122.6532 38.2857
v 27.7235 127.4092 41.1429
v 30.9018 126.8441 41.1429
v 26.9191 123.1997 38.2857
v 23.8200 123.6867 38.2857
v 24.5318 127.9129 41.1429
v 26.9191 123.1997 38.2857
v 24.5318 127.9129 41.1429
v 27.7235 127.4092 41.1429
v 23.8200 123.6867 38.2857
v 20.7095 124.1142 38.2857
v 21.3283 128.3550 41.1429
v 23.8200 123.6867 38.2857
v 21.3283 128.3550 41.1429
v 24.5318 127.9129 41.1429
v 20.7095 124.1142 38.2857
v 17.5889 124.4819 38.2857
v 18.1145 128.7352 41.1429
v 20.7095 124.1142 38.2857
v 18.1145 128.7352 41.1429
v 21.3283 128.3550 41.1429
v 17.5889 124.4819 38.2857
v 14.4599 124.7895 38.2857
v 14.8920 129.0534 41.1429
v 17.5889 124.4819 38.2857
v 14.8920 129.0534 41.1429
v 18.1145 128.7352 41.1429
v 14.4599 124.7895 38.2857
v 11.3239 125.0370 38.2857
v 11.6623 129.3094 41.1429
v 14.4599 124.7895 38.2857
v 11.6623 129.3094 41.1429
v 14.8920 129.0534 41.1429
v 11.3239 125.0370 38.2857
v 8.1825 125.2243 38.2857
v 8.4269 129.5030 41.1429
v 11.3239 125.0370 38.2857
v 8.4269 129.5030 41.1429
v 11.6623 129.3094 41.1429
v 8.1825 125.2243 38.2857
v 5.0371 125.3512 38.2857
v 5.1876 129.6343 41.1429
v 8.1825 125.2243 38.2857
v 5.1876 129.6343 41.1429
v 8.4269 129.5030 41.1429
v 5.0371 125.3512 38.2857
v 1.8892 125.4177 38.2857
v 1.9457 129.7030 41.1429
v 5.0371 125.3512 38.2857
v 1.9457 129.7030 41.1429
v 5.1876 129.6343 41.1429
v 1.8892 125.4177 38.2857
v -1.2595 125.4237 38.2857
v -1.2971 129.7093 41.1429
v 1.8892 125.4177 38.2857
v -1.2971 129.7093 41.1429
v 1.9457 129.7030 41.1429
v -1.2595 125.4237 38.2857
v -4.4076 125.3693 38.2857
v -4.5393 129.6530 41.1429
v -1.2595 125.4237 38.2857
v -4.5393 129.6530 41.1429
v -1.2971 129.7093 41.1429
v -4.4076 125.3693 38.2857
v -7.5536 125.2545 38.2857
v -7.7793 129.5343 41.1429
v -4.4076 125.3693 38.2857
v -7.7793 129.5343 41.1429
v -4.5393 129.6530 41.1429
v -7.5536 125.2545 38.2857
v -10.6960 125.0793 38.2857
v -11.0156 129.3531 41.1429
v -7.5536 125.2545 38.2857
v -11.0156 129.3531 41.1429
v -7.7793 129.5343 41.1429
v -10.6960 125.0793 38.2857
v -13.8332 124.8438 38.2857
v -14.2466 129.1096 41.1429
v -10.6960 125.0793 38.2857
v -14.2466 129.1096 41.1429
v -11.0156 129.3531 41.1429
v -13.8332 124.8438 38.2857
v -16.9638 124.5482 38.2857
v -17.4706 128.8038 41.1429
v -13.8332 124.8438 38.2857
v -17.4706 128.8038 41.1429
v -14.2466 129.1096 41.1429
v -16.9638 124.5482 38.2857
v -20.0861 124.1925 38.2857
v -20.6863 128.4360 41.1429
v -16.9638 124.5482 38.2857
v -20.6863 128.4360 41.1429
v -17.4706 128.8038 41.1429
v -20.0861 124.1925 38.2857
v -23.1988 123.7770 38.2857
v -23.8920 128.0063 41.1429
v -20.0861 124.1925 38.2857
v -23.8920 128.0063 41.1429
v -20.6863 128.4360 41.1429
v -23.1988 123.7770 38.2857
v -26.3003 123.3018 38.2857
v -27.0862 127.5149 41.1429
v -23.1988 123.7770 38.2857
v -27.0862 127.5149 41.1429
v -23.8920 128.0063 41.1429
v -26.3003 123.3018 38.2857
v -29.3891 122.7672 38.2857
v -30.2673 126.9620 41.1429
v -26.3003 123.3018 38.2857
v -30.2673 126.9620 41.1429
v -27.0862 127.5149 41.1429
v -29.3891 122.7672 38.2857
v -32.4638 122.1735 38.2857
v -33.4338 126.3479 41.1429
v -29.3891 122.7672 38.2857
v -33.4338 126.3479 41.1429
v -30.2673 126.9620 41.1429
v -32.4638 122.1735 38.2857
v -35.5228 121.5208 38.2857
v -36.5843 125.6730 41.1429
v -32.4638 122.1735 38.2857
v -36.5843 125.6730 41.1429
v -33.4338 126.3479 41.1429
v -35.5228 121.5208 38.2857
v -38.5647 120.8096 38.2857
v -39.7171 124.9375 41.1429
v -35.5228 121.5208 38.2857
v -39.7171 124.9375 41.1429
v -36.5843 125.6730 41.1429
v -38.5647 120.8096 38.2857
v -41.5880 120.0401 38.2857
v -42.8307 124.1417 41.1429
v -38.5647 120.8096 38.2857
v -42.8307 124.1417 41.1429
v -39.7171 124.9375 41.1429
v -41.5880 120.0401 38.2857
v -44.5913 119.2128 38.2857
v -45.9237 123.2862 41.1429
v -41.5880 120.0401 38.2857
v -45.9237 123.2862 41.1429
v -42.8307 124.1417 41.1429
v -44.5913 119.2128 38.2857
v -47.5731 118.3281 38.2857
v -48.9946 122.3712 41.1429
v -44.5913 119.2128 38.2857
v -48.9946 122.3712 41.1429
v -45.9237 123.2862 41.1429
v -47.5731 118.3281 38.2857
v -50.5319 117.3863 38.2857
v -52.0418 121.3972 41.1429
v -47.5731 118.3281 38.2857
v -52.0418 121.3972 41.1429
v -48.9946 122.3712 41.1429
v -50.5319 117.3863 38.2857
v -53.4664 116.3880 38.2857
v -55.0640 120.3648 41.1429
v -50.5319 117.3863 38.2857
v -55.0640 120.3648 41.1429
v -52.0418 121.3972 41.1429
v -53.4664 116.3880 38.2857
v -56.3752 115.3335 38.2857
v -58.0597 119.2743 41.1429
v -53.4664 116.3880 38.2857
v -58.0597 119.2743 41.1429
v -55.0640 120.3648 41.1429
v -56.3752 115.3335 38.2857
v -59.2567 114.2235 38.2857
v -61.0273 118.1263 41.1429
v -56.3752 115.3335 38.2857
v -61.0273 118.1263 41.1429
v -58.0597 119.2743 41.1429
v -59.2567 114.2235 38.2857
v -62.1097 113.0584 38.2857
v -63.9656 116.9214 41.1429
v -59.2567 114.2235 38.2857
v -63.9656 116.9214 41.1429
v -61.0273 118.1263 41.1429
v -62.1097 113.0584 38.2857
v -64.9328 111.8388 38.2857
v -66.8730 115.6602 41.1429
v -62.1097 113.0584 38.2857
v -66.8730 115.6602 41.1429
v -63.9656 116.9214 41.1429
v -64.9328 111.8388 38.2857
v -67.7245 110.5653 38.2857
v -69.7482 114.3432 41.1429
v -64.9328 111.8388 38.2857
v -69.7482 114.3432 41.1429
v -66.8730 115.6602 41.1429
v -67.7245 110.5653 38.2857
v -70.4837 109.2386 38.2857
v -72.5898 112.9711 41.1429
v -67.7245 110.5653 38.2857
v -72.5898 112.9711 41.1429
v -69.7482 114.3432 41.1429
v -70.4837 109.2386 38.2857
v -73.2088 107.8592 38.2857
v -75.3964 111.5446 41.1429
v -70.4837 109.2386 38.2857
v -75.3964 111.5446 41.1429
v -72.5898 112.9711 41.1429
v -73.2088 107.8592 38.2857
v -75.8987 106.4278 38.2857
v -78.1666 110.0643 41.1429
v -73.2088 107.8592 38.2857
v -78.1666 110.0643 41.1429
v -75.3964 111.5446 41.1429
v -75.8987 106.4278 38.2857
v -78.5520 104.9451 38.2857
v -80.8992 108.5309 41.1429
v -75.8987 106.4278 38.2857
v -80.8992 108.5309 41.1429
v -78.1666 110.0643 41.1429
v -78.5520 104.9451 38.2857
v -81.1675 103.4118 38.2857
v -83.5928 106.9453 41.1429
v -78.5520 104.9451 38.2857
v -83.5928 106.9453 41.1429
v -80.8992 108.5309 41.1429
v -81.1675 103.4118 38.2857
v -83.7438 101.8287 38.2857
v -86.2461 105.3081 41.1429
v -81.1675 103.4118 38.2857
v -86.2461 105.3081 41.1429
v -83.5928 106.9453 41.1429
v -83.7438 101.8287 38.2857
v -86.2797 100.1966 38.2857
v -88.8578 103.6201 41.1429
v -83.7438 101.8287 38.2857
v -88.8578 103.6201 41.1429
v -86.2461 105.3081 41.1429
v -86.2797 100.1966 38.2857
v -88.7741 98.5161 38.2857
v -91.4267 101.8822 41.1429
v -86.2797 100.1966 38.2857
v -91.4267 101.8822 41.1429
v -88.8578 103.6201 41.1429
v -88.7741 98.5161 38.2857
v -91.2257 96.7881 38.2857
v -93.9516 100.0953 41.1429
v -88.7741 98.5161 38.2857
v -93.9516 100.0953 41.1429
v -91.4267 101.8822 41.1429
v -91.2257 96.7881 38.2857
v -93.6333 95.0136 38.2857
v -96.4312 98.2600 41.1429
v -91.2257 96.7881 38.2857
v -96.4312 98.2600 41.1429
v -93.9516 100.0953 41.1429
v -93.6333 95.0136 38.2857
v -95.9958 93.1932 38.2857
v -98.8642 96.3774 41.1429
v -93.6333 95.0136 38.2857
v -98.8642 96.3774 41.1429
v -96.4312 98.2600 41.1429
v -95.9958 93.1932 38.2857
v -98.3121 91.3279 38.2857
v -101.2497 94.4484 41.1429
v -95.9958 93.1932 38.2857
v -101.2497 94.4484 41.1429
v -98.8642 96.3774 41.1429
v -98.3121 91.3279 38.2857
v -100.5809 89.4185 38.2857
v -103.5863 92.4739 41.1429
v -98.3121 91.3279 38.2857
v -103.5863 92.4739 41.1429
v -101.2497 94.4484 41.1429
v -100.5809 89.4185 38.2857
v -102.8013 87.4661 38.2857
v -105.8731 90.4547 41.1429
v -100.5809 89.4185 38.2857
v -105.8731 90.4547 41.1429
v -103.5863 92.4739 41.1429
v -102.8013 87.4661 38.2857
v -104.9721 85.4716 38.2857
v -108.1088 88.3920 41.1429
v -102.8013 87.4661 38.2857
v -108.1088 88.3920 41.1429
v -105.8731 90.4547 41.1429
v -104.9721 85.4716 38.2857
v -107.0924 83.4358 38.2857
v -110.2924 86.2867 41.1429
v -104.9721 85.4716 38.2857
v -110.2924 86.2867 41.1429
v -108.1088 88.3920 41.1429
v -107.0924 83.4358 38.2857
v -109.1610 81.3598 38.2857
v -112.4228 84.1398 41.1429
v -107.0924 83.4358 38.2857
v -112.4228 84.1398 41.1429
v -110.2924 86.2867 41.1429
v -109.1610 81.3598 38.2857
v -111.1770 79.2447 38.2857
v -114.4991 81.9523 41.1429
v -109.1610 81.3598 38.2857
v -114.4991 81.9523 41.1429
v -112.4228 84.1398 41.1429
v -111.1770 79.2447 38.2857
v -113.1395 77.0913 38.2857
v -116.5201 79.7254 41.1429
v -111.1770 79.2447 38.2857
v -116.5201 79.7254 41.1429
v -114.4991 81.9523 41.1429
v -113.1395 77.0913 38.2857
v -115.0474 74.9007 38.2857
v -118.4851 77.4600 41.1429
v -113.1395 77.0913 38.2857
v -118.4851 77.4600 41.1429
v -116.5201 79.7254 41.1429
v -115.0474 74.9007 38.2857
v -116.8998 72.6741 38.2857
v -120.3929 75.1573 41.1429
v -115.0474 74.9007 38.2857
v -120.3929 75.1573 41.1429
v -118.4851 77.4600 41.1429
v -116.8998 72.6741 38.2857
v -118.6960 70.4125 38.2857
v -122.2427 72.8184 41.1429
v -116.8998 72.6741 38.2857
v -122.2427 72.8184 41.1429
v -120.3929 75.1573 41.1429
v -118.6960 70.4125 38.2857
v -120.4349 68.1169 38.2857
v -124.0335 70.4443 41.1429
v -118.6960 70.4125 38.2857
v -124.0335 70.4443 41.1429
v -122.2427 72.8184 41.1429
v -120.4349 68.1169 38.2857
v -122.1158 65.7885 38.2857
v -125.7646 68.0364 41.1429
v -120.4349 68.1169 38.2857
v -125.7646 68.0364 41.1429
v -124.0335 70.4443 41.1429
v -122.1158 65.7885 38.2857
v -123.7378 63.4283 38.2857
v -127.4351 65.5956 41.1429
v -122.1158 65.7885 38.2857
v -127.4351 65.5956 41.1429
v -125.7646 68.0364 41.1429
v -123.7378 63.4283 38.2857
v -125.3002 61.0376 38.2857
v -129.0442 63.1232 41.1429
v -123.7378 63.4283 38.2857
v -129.0442 63.1232 41.1429
v -127.4351 65.5956 41.1429
v -125.3002 61.0376 38.2857
v -126.8022 58.6175 38.2857
v -130.5911 60.6204 41.1429
v -125.3002 61.0376 38.2857
v -130.5911 60.6204 41.1429
v -129.0442 63.1232 41.1429
v -126.8022 58.6175 38.2857
v -128.2430 56.1692 38.2857
v -132.0750 58.0884 41.1429
v -126.8022 58.6175 38.2857
v -132.0750 58.0884 41.1429
v -130.5911 60.6204 41.1429
v -128.2430 56.1692 38.2857
v -129.6221 53.6937 38.2857
v -133.4953 55.5284 41.1429
v -128.2430 56.1692 38.2857
v -133.4953 55.5284 41.1429
v -132.0750 58.0884 41.1429
v -129.6221 53.6937 38.2857
v -130.9387 51.1924 38.2857
v -134.8512 52.9416 41.1429
v -129.6221 53.6937 38.2857
v -134.8512 52.9416 41.1429
v -133.4953 55.5284 41.1429
v -130.9387 51.1924 38.2857
v -132.1922 48.6664 38.2857
v -136.1422 50.3293 41.1429
v -130.9387 51.1924 38.2857
v -136.1422 50.3293 41.1429
v -134.8512 52.9416 41.1429
v -132.1922 48.6664 38.2857
v -133.3820 46.1170 38.2857
v -137.3675 47.6928 41.1429
v -132.1922 48.6664 38.2857
v -137.3675 47.6928 41.1429
v -136.1422 50.3293 41.1429
v -133.3820 46.1170 38.2857
v -134.5075 43.5453 38.2857
v -138.5267 45.0332 41.1429
v -133.3820 46.1170 38.2857
v -138.5267 45.0332 41.1429
v -137.3675 47.6928 41.1429
v -134.5075 43.5453 38.2857
v -135.5682 40.9527 38.2857
v -139.6190 42.3520 41.1429
v -134.5075 43.5453 38.2857
v -139.6190 42.3520 41.1429
v -138.5267 45.0332 41.1429
v -135.5682 40.9527 38.2857
v -136.5635 38.3403 38.2857
v -140.6441 39.6503 41.1429
v -135.5682 40.9527 38.2857
v -140.6441 39.6503 41.1429
v -139.6190 42.3520 41.1429
v -136.5635 38.3403 38.2857
v -137.4930 35.7094 38.2857
v -141.6014 36.9296 41.1429
v -136.5635 38.3403 38.2857
v -141.6014 36.9296 41.1429
v -140.6441 39.6503 41.1429
v -137.4930 35.7094 38.2857
v -138.3563 33.0614 38.2857
v -142.4905 34.1910 41.1429
v -137.4930 35.7094 38.2857
v -142.4905 34.1910 41.1429
v -141.6014 36.9296 41.1429
v -138.3563 33.0614 38.2857
v -139.1529 30.3974 38.2857
v -143.3108 31.4360 41.1429
v -138.3563 33.0614 38.2857
v -143.3108 31.4360 41.1429
v -142.4905 34.1910 41.1429
v -139.1529 30.3974 38.2857
v -139.8824 27.7187 38.2857
v -144.0621 28.6658 41.1429
v -139.1529 30.3974 38.2857
v -144.0621 28.6658 41.1429
v -143.3108 31.4360 41.1429
v -139.8824 27.7187 38.2857
v -140.5445 25.0267 38.2857
v -144.7440 25.8818 41.1429
v -139.8824 27.7187 38.2857
v -144.7440 25.8818 41.1429
v -144.0621 28.6658 41.1429
v -140.5445 25.0267 38.2857
v -141.1389 22.3226 38.2857
v -145.3561 23.0853 41.1429
v -140.5445 25.0267 38.2857
v -145.3561 23.0853 41.1429
v -144.7440 25.8818 41.1429
v -141.1389 22.3226 38.2857
v -141.6652 19.6078 38.2857
v -145.8982 20.2777 41.1429
v -141.1389 22.3226 38.2857
v -145.8982 20.2777 41.1429
v -145.3561 23.0853 41.1429
v -141.6652 19.6078 38.2857
v -142.1233 16.8835 38.2857
v -146.3700 17.4603 41.1429
v -141.6652 19.6078 38.2857
v -146.3700 17.4603 41.1429
v -145.8982 20.2777 41.1429
v -142.1233 16.8835 38.2857
v -142.5128 14.1510 38.2857
v -146.7712 14.6346 41.1429
v -142.1233 16.8835 38.2857
v -146.7712 14.6346 41.1429
v -146.3700 17.4603 41.1429
v -142.5128 14.1510 38.2857
v -142.8337 11.4118 38.2857
v -147.1016 11.8017 41.1429
v -142.5128 14.1510 38.2857
v -147.1016 11.8017 41.1429
v -146.7712 14.6346 41.1429
v -142.8337 11.4118 38.2857
v -143.0857 8.6670 38.2857
v -147.3612 8.9632 41.1429
v -142.8337 11.4118 38.2857
v -147.3612 8.9632 41.1429
v -147.1016 11.8017 41.1429
v -143.0857 8.6670 38.2857
v -143.2688 5.9181 38.2857
v -147.5498 6.1203 41.1429
v -143.0857 8.6670 38.2857
v -147.5498 6.1203 41.1429
v -147.3612 8.9632 41.1429
v -143.2688 5.9181 38.2857
v -143.3829 3.1663 38.2857
v -147.6672 3.2745 41.1429
v -143.2688 5.9181 38.2857
v -147.6672 3.2745 41.1429
v -147.5498 6.1203 41.1429
v -143.3829 3.1663 38.2857
v -143.4278 0.4130 38.2857
v -147.7135 0.4272 41.1429
v -143.3829 3.1663 38.2857
v -147.7135 0.4272 41.1429
v -147.6672 3.2745 41.1429
v -143.4278 0.4130 38.2857
v -143.4036 -2.3405 38.2857
v -147.6886 -2.4204 41.1429
v -143.4278 0.4130 38.2857
v -147.6886 -2.4204 41.1429
v -147.7135 0.4272 41.1429
v -143.4036 -2.3405 38.2857
v -143.3103 -5.0928 38.2857
v -147.5925 -5.2668 41.1429
v -143.4036 -2.3405 38.2857
v -147.5925 -5.2668 41.1429
v -147.6886 -2.4204 41.1429
v -143.3103 -5.0928 38.2857
v -143.1479 -7.8427 38.2857
v -147.4252 -8.1107 41.1429
v -143.3103 -5.0928 38.2857
v -147.4252 -8.1107 41.1429
v -147.5925 -5.2668 41.1429
v -143.1479 -7.8427 38.2857
v -142.9165 -10.5889 38.2857
v -147.1870 -10.9507 41.1429
v -143.1479 -7.8427 38.2857
v -147.1870 -10.9507 41.1429
v -147.4252 -8.1107 41.1429
v -142.9165 -10.5889 38.2857
v -142.6163 -13.3299 38.2857
v -146.8777 -13.7854 41.1429
v -142.9165 -10.5889 38.2857
v -146.8777 -13.7854 41.1429
v -147.1870 -10.9507 41.1429
v -142.6163 -13.3299 38.2857
v -142.2473 -16.0645 38.2857
v -146.4977 -16.6134 41.1429
v -142.6163 -13.3299 38.2857
v -146.4977 -16.6134 41.1429
v -146.8777 -13.7854 41.1429
v -142.2473 -16.0645 38.2857
v -141.8098 -18.7914 38.2857
v -146.0471 -19.4335 41.1429
v -142.2473 -16.0645 38.2857
v -146.0471 -19.4335 41.1429
v -146.4977 -16.6134 41.1429
v -141.8098 -18.7914 38.2857
v -141.3039 -21.5092 38.2857
v -145.5261 -22.2441 41.1429
v -141.8098 -18.7914 38.2857
v -145.5261 -22.2441 41.1429
v -146.0471 -19.4335 41.1429
v -141.3039 -21.5092 38.2857
v -140.7299 -24.2167 38.2857
v -144.9350 -25.0441 41.1429
v -141.3039 -21.5092 38.2857
v -144.9350 -25.0441 41.1429
v -145.5261 -22.2441 41.1429
v -140.7299 -24.2167 38.2857
v -140.0881 -26.9124 38.2857
v -144.2740 -27.8320 41.1429
v -140.7299 -24.2167 38.2857
v -144.2740 -27.8320 41.1429
v -144.9350 -25.0441 41.1429
v -140.0881 -26.9124 38.2857
v -139.3788 -29.5952 38.2857
v -143.5435 -30.6065 41.1429
v -140.0881 -26.9124 38.2857
v -143.5435 -30.6065 41.1429
v -144.2740 -27.8320 41.1429
v -139.3788 -29.5952 38.2857
v -138.6023 -32.2638 38.2857
v -142.7438 -33.3662 41.1429
v -139.3788 -29.5952 38.2857
v -142.7438 -33.3662 41.1429
v -143.5435 -30.6065 41.1429
v -138.6023 -32.2638 38.2857
v -137.7590 -34.9168 38.2857
v -141.8753 -36.1098 41.1429
v -138.6023 -32.2638 38.2857
v -141.8753 -36.1098 41.1429
v -142.7438 -33.3662 41.1429
v -137.7590 -34.9168 38.2857
v -136.8493 -37.5529 38.2857
v -140.9384 -38.8361 41.1429
v -137.7590 -34.9168 38.2857
v -140.9384 -38.8361 41.1429
v -141.8753 -36.1098 41.1429
v -136.8493 -37.5529 38.2857
v -135.8737 -40.1710 38.2857
v -139.9336 -41.5436 41.1429
v -136.8493 -37.5529 38.2857
v -139.9336 -41.5436 41.1429
v -140.9384 -38.8361 41.1429
v -135.8737 -40.1710 38.2857
v -134.8325 -42.7697 38.2857
v -138.8614 -44.2311 41.1429
v -135.8737 -40.1710 38.2857
v -138.8614 -44.2311 41.1429
v -139.9336 -41.5436 41.1429
v -134.8325 -42.7697 38.2857
v -133.7264 -45.3478 38.2857
v -137.7222 -46.8973 41.1429
v -134.8325 -42.7697 38.2857
v -137.7222 -46.8973 41.1429
v -138.8614 -44.2311 41.1429
v -133.7264 -45.3478 38.2857
v -132.5559 -47.9040 38.2857
v -136.5167 -49.5408 41.1429
v -133.7264 -45.3478 38.2857
v -136.5167 -49.5408 41.1429
v -137.7222 -46.8973 41.1429
v -132.5559 -47.9040 38.2857
v -131.3214 -50.4372 38.2857
v -135.2454 -52.1605 41.1429
v -132.5559 -47.9040 38.2857
v -135.2454 -52.1605 41.1429
v -136.5167 -49.5408 41.1429
v -131.3214 -50.4372 38.2857
v -130.0237 -52.9460 38.2857
v -133.9088 -54.7551 41.1429
v -131.3214 -50.4372 38.2857
v -133.9088 -54.7551 41.1429
v -135.2454 -52.1605 41.1429
v -130.0237 -52.9460 38.2857
v -128.6633 -55.4293 38.2857
v -132.5078 -57.3233 41.1429
v -130.0237 -52.9460 38.2857
v -132.5078 -57.3233 41.1429
v -133.9088 -54.7551 41.1429
v -128.6633 -55.4293 38.2857
v -127.2409 -57.8859 38.2857
v -131.0429 -59.8638 41.1429
v -128.6633 -55.4293 38.2857
v -131.0429 -59.8638 41.1429
v -132.5078 -57.3233 41.1429
v -127.2409 -57.8859 38.2857
v -125.7571 -60.3146 38.2857
v -129.5148 -62.3755 41.1429
v -127.2409 -57.8859 38.2857
v -129.5148 -62.3755 41.1429
v -131.0429 -59.8638 41.1429
v -125.7571 -60.3146 38.2857
v -124.2128 -62.7143 38.2857
v -127.9243 -64.8571 41.1429
v -125.7571 -60.3146 38.2857
v -127.9243 -64.8571 41.1429
v -129.5148 -62.3755 41.1429
v 145.4702 22.5246 41.1429
v 144.8720 25.3235 41.1429
v 149.0753 26.1601 44.0000
v 145.4702 22.5246 41.1429
v 149.0753 26.1601 44.0000
v 149.6908 23.2689 44.0000
v 144.8720 25.3235 41.1429
v 144.2041 28.1101 41.1429
v 148.3880 29.0388 44.0000
v 144.8720 25.3235 41.1429
v 148.3880 29.0388 44.0000
v 149.0753 26.1601 44.0000
v 144.2041 28.1101 41.1429
v 143.4666 30.8831 41.1429
v 147.6291 31.9035 44.0000
v 144.2041 28.1101 41.1429
v 147.6291 31.9035 44.0000
v 148.3880 29.0388 44.0000
v 143.4666 30.8831 41.1429
v 142.6600 33.6413 41.1429
v 146.7991 34.7528 44.0000
v 143.4666 30.8831 41.1429
v 146.7991 34.7528 44.0000
v 147.6291 31.9035 44.0000
v 142.6600 33.6413 41.1429
v 141.7847 36.3832 41.1429
v 145.8984 37.5853 44.0000
v 142.6600 33.6413 41.1429
v 145.8984 37.5853 44.0000
v 146.7991 34.7528 44.0000
v 141.7847 36.3832 41.1429
v 140.8410 39.1077 41.1429
v 144.9273 40.3998 44.0000
v 141.7847 36.3832 41.1429
v 144.9273 40.3998 44.0000
v 145.8984 37.5853 44.0000
v 140.8410 39.1077 41.1429
v 139.8294 41.8132 41.1429
v 143.8864 43.1947 44.0000
v 140.8410 39.1077 41.1429
v 143.8864 43.1947 44.0000
v 144.9273 40.3998 44.0000
v 139.8294 41.8132 41.1429
v 138.7505 44.4987 41.1429
v 142.7761 45.9689 44.0000
v 139.8294 41.8132 41.1429
v 142.7761 45.9689 44.0000
v 143.8864 43.1947 44.0000
v 138.7505 44.4987 41.1429
v 137.6047 47.1626 41.1429
v 141.5971 48.7209 44.0000
v 138.7505 44.4987 41.1429
v 141.5971 48.7209 44.0000
v 142.7761 45.9689 44.0000
v 137.6047 47.1626 41.1429
v 136.3925 49.8039 41.1429
v 140.3497 51.4494 44.0000
v 137.6047 47.1626 41.1429
v 140.3497 51.4494 44.0000
v 141.5971 48.7209 44.0000
v 136.3925 49.8039 41.1429
v 135.1146 52.4211 41.1429
v 139.0348 54.1531 44.0000
v 136.3925 49.8039 41.1429
v 139.0348 54.1531 44.0000
v 140.3497 51.4494 44.0000
v 135.1146 52.4211 41.1429
v 133.7716 55.0131 41.1429
v 137.6528 56.8307 44.0000
v 135.1146 52.4211 41.1429
v 137.6528 56.8307 44.0000
v 139.0348 54.1531 44.0000
v 133.7716 55.0131 41.1429
v 132.3642 57.5786 41.1429
v 136.2045 59.4810 44.0000
v 133.7716 55.0131 41.1429
v 136.2045 59.4810 44.0000
v 137.6528 56.8307 44.0000
v 132.3642 57.5786 41.1429
v 130.8929 60.1163 41.1429
v 134.6906 62.1025 44.0000
v 132.3642 57.5786 41.1429
v 134.6906 62.1025 44.0000
v 136.2045 59.4810 44.0000
v 130.8929 60.1163 41.1429
v 129.3586 62.6250 41.1429
v 133.1117 64.6942 44.0000
v 130.8929 60.1163 41.1429
v 133.1117 64.6942 44.0000
v 134.6906 62.1025 44.0000
v 129.3586 62.6250 41.1429
v 127.7619 65.1036 41.1429
v 131.4687 67.2546 44.0000
v 129.3586 62.6250 41.1429
v 131.4687 67.2546 44.0000
v 133.1117 64.6942 44.0000
v 127.7619 65.1036 41.1429
v 126.1036 67.5508 41.1429
v 129.7623 69.7826 44.0000
v 127.7619 65.1036 41.1429
v 129.7623 69.7826 44.0000
v 131.4687 67.2546 44.0000
v 126.1036 67.5508 41.1429
v 124.3846 69.9654 41.1429
v 127.9934 72.2771 44.0000
v 126.1036 67.5508 41.1429
v 127.9934 72.2771 44.0000
v 129.7623 69.7826 44.0000
v 124.3846 69.9654 41.1429
v 122.6056 72.3463 41.1429
v 126.1628 74.7366 44.0000
v 124.3846 69.9654 41.1429
v 126.1628 74.7366 44.0000
v 127.9934 72.2771 44.0000
v 122.6056 72.3463 41.1429
v 120.7675 74.6924 41.1429
v 124.2714 77.1602 44.0000
v 122.6056 72.3463 41.1429
v 124.2714 77.1602 44.0000
v 126.1628 74.7366 44.0000
v 120.7675 74.6924 41.1429
v 118.8712 77.0024 41.1429
v 122.3201 79.5465 44.0000
v 120.7675 74.6924 41.1429
v 122.3201 79.5465 44.0000
v 124.2714 77.1602 44.0000
v 118.8712 77.0024 41.1429
v 116.9176 79.2753 41.1429
v 120.3098 81.8946 44.0000
v 118.8712 77.0024 41.1429
v 120.3098 81.8946 44.0000
v 122.3201 79.5465 44.0000
v 116.9176 79.2753 41.1429
v 114.9077 81.5101 41.1429
v 118.2416 84.2031 44.0000
v 116.9176 79.2753 41.1429
v 118.2416 84.2031 44.0000
v 120.3098 81.8946 44.0000
v 114.9077 81.5101 41.1429
v 112.8424 83.7055 41.1429
v 116.1164 86.4711 44.0000
v 114.9077 81.5101 41.1429
v 116.1164 86.4711 44.0000
v 118.2416 84.2031 44.0000
v 112.8424 83.7055 41.1429
v 110.7227 85.8606 41.1429
v 113.9352 88.6974 44.0000
v 112.8424 83.7055 41.1429
v 113.9352 88.6974 44.0000
v 116.1164 86.4711 44.0000
v 110.7227 85.8606 41.1429
v 108.5497 87.9743 41.1429
v 111.6991 90.8810 44.0000
v 110.7227 85.8606 41.1429
v 111.6991 90.8810 44.0000
v 113.9352 88.6974 44.0000
v 108.5497 87.9743 41.1429
v 106.3243 90.0456 41.1429
v 109.4092 93.0207 44.0000
v 108.5497 87.9743 41.1429
v 109.4092 93.0207 44.0000
v 111.6991 90.8810 44.0000
v 106.3243 90.0456 41.1429
v 104.0477 92.0736 41.1429
v 107.0665 95.1156 44.0000
v 106.3243 90.0456 41.1429
v 107.0665 95.1156 44.0000
v 109.4092 93.0207 44.0000
v 104.0477 92.0736 41.1429
v 101.7210 94.0571 41.1429
v 104.6722 97.1647 44.0000
v 104.0477 92.0736 41.1429
v 104.6722 97.1647 44.0000
v 107.0665 95.1156 44.0000
v 101.7210 94.0571 41.1429
v 99.3452 95.9953 41.1429
v 102.2275 99.1670 44.0000
v 101.7210 94.0571 41.1429
v 102.2275 99.1670 44.0000
v 104.6722 97.1647 44.0000
v 99.3452 95.9953 41.1429
v 96.9215 97.8873 41.1429
v 99.7336 101.1214 44.0000
v 99.3452 95.9953 41.1429
v 99.7336 101.1214 44.0000
v 102.2275 99.1670 44.0000
v 96.9215 97.8873 41.1429
v 94.4512 99.7320 41.1429
v 97.1915 103.0272 44.0000
v 96.9215 97.8873 41.1429
v 97.1915 103.0272 44.0000
v 99.7336 101.1214 44.0000
v 94.4512 99.7320 41.1429
v 91.9353 101.5288 41.1429
v 94.6026 104.8832 44.0000
v 94.4512 99.7320 41.1429
v 94.6026 104.8832 44.0000
v 97.1915 103.0272 44.0000
v 91.9353 101.5288 41.1429
v 89.3751 103.2765 41.1429
v 91.9682 106.6887 44.0000
v 91.9353 101.5288 41.1429
v 91.9682 106.6887 44.0000
v 94.6026 104.8832 44.0000
v 89.3751 103.2765 41.1429
v 86.7718 104.9745 41.1429
v 89.2894 108.4428 44.0000
v 89.3751 103.2765 41.1429
v 89.2894 108.4428 44.0000
v 91.9682 106.6887 44.0000
v 86.7718 104.9745 41.1429
v 84.1267 106.6219 41.1429
v 86.5675 110.1447 44.0000
v 86.7718 104.9745 41.1429
v 86.5675 110.1447 44.0000
v 89.2894 108.4428 44.0000
v 84.1267 106.6219 41.1429
v 81.4411 108.2180 41.1429
v 83.8040 111.7934 44.0000
v 84.1267 106.6219 41.1429
v 83.8040 111.7934 44.0000
v 86.5675 110.1447 44.0000
v 81.4411 108.2180 41.1429
v 78.7162 109.7618 41.1429
v 81.0000 113.3883 44.0000
v 81.4411 108.2180 41.1429
v 81.0000 113.3883 44.0000
v 83.8040 111.7934 44.0000
v 78.7162 109.7618 41.1429
v 75.9534 111.2528 41.1429
v 78.1570 114.9285 44.0000
v 78.7162 109.7618 41.1429
v 78.1570 114.9285 44.0000
v 81.0000 113.3883 44.0000
v 75.9534 111.2528 41.1429
v 73.1539 112.6901 41.1429
v 75.2764 116.4134 44.0000
v 75.9534 111.2528 41.1429
v 75.2764 116.4134 44.0000
v 78.1570 114.9285 44.0000
v 73.1539 112.6901 41.1429
v 70.3192 114.0732 41.1429
v 72.3594 117.8421 44.0000
v 73.1539 112.6901 41.1429
v 72.3594 117.8421 44.0000
v 75.2764 116.4134 44.0000
v 70.3192 114.0732 41.1429
v 67.4507 115.4012 41.1429
v 69.4076 119.2141 44.0000
v 70.3192 114.0732 41.1429
v 69.4076 119.2141 44.0000
v 72.3594 117.8421 44.0000
v 67.4507 115.4012 41.1429
v 64.5496 116.6737 41.1429
v 66.4224 120.5285 44.0000
v 67.4507 115.4012 41.1429
v 66.4224 120.5285 44.0000
v 69.4076 119.2141 44.0000
v 64.5496 116.6737 41.1429
v 61.6174 117.8899 41.1429
v 63.4051 121.7849 44.0000
v 64.5496 116.6737 41.1429
v 63.4051 121.7849 44.0000
v 66.4224 120.5285 44.0000
v 61.6174 117.8899 41.1429
v 58.6555 119.0493 41.1429
v 60.3573 122.9826 44.0000
v 61.6174 117.8899 41.1429
v 60.3573 122.9826 44.0000
v 63.4051 121.7849 44.0000
v 58.6555 119.0493 41.1429
v 55.6653 120.1513 41.1429
v 57.2804 124.1211 44.0000
v 58.6555 119.0493 41.1429
v 57.2804 124.1211 44.0000
v 60.3573 122.9826 44.0000
v 55.6653 120.1513 41.1429
v 52.6483 121.1954 41.1429
v 54.1759 125.1997 44.0000
v 55.6653 120.1513 41.1429
v 54.1759 125.1997 44.0000
v 57.2804 124.1211 44.0000
v 52.6483 121.1954 41.1429
v 49.6060 122.1811 41.1429
v 51.0452 126.2179 44.0000
v 52.6483 121.1954 41.1429
v 51.0452 126.2179 44.0000
v 54.1759 125.1997 44.0000
v 49.6060 122.1811 41.1429
v 46.5397 123.1079 41.1429
v 47.8900 127.1754 44.0000
v 49.6060 122.1811 41.1429
v 47.8900 127.1754 44.0000
v 51.0452 126.2179 44.0000
v 46.5397 123.1079 41.1429
v 43.4510 123.9754 41.1429
v 44.7117 128.0715 44.0000
v 46.5397 123.1079 41.1429
v 44.7117 128.0715 44.0000
v 47.8900 127.1754 44.0000
v 43.4510 123.9754 41.1429
v 40.3414 124.7831 41.1429
v 41.5118 128.9059 44.0000
v 43.4510 123.9754 41.1429
v 41.5118 128.9059 44.0000
v 44.7117 128.0715 44.0000
v 40.3414 124.7831 41.1429
v 37.2123 125.5307 41.1429
v 38.2919 129.6782 44.0000
v 40.3414 124.7831 41.1429
v 38.2919 129.6782 44.0000
v 41.5118 128.9059 44.0000
v 37.2123 125.5307 41.1429
v 34.0653 126.2178 41.1429
v 35.0536 130.3880 44.0000
v 37.2123 125.5307 41.1429
v 35.0536 130.3880 44.0000
v 38.2919 129.6782 44.0000
v 34.0653 126.2178 41.1429
v 30.9018 126.8441 41.1429
v 31.7984 131.0350 44.0000
v 34.0653 126.2178 41.1429
v 31.7984 131.0350 44.0000
v 35.0536 130.3880 44.0000
v 30.9018 126.8441 41.1429
v 27.7235 127.4092 41.1429
v 28.5278 131.6188 44.0000
v 30.9018 126.8441 41.1429
v 28.5278 131.6188 44.0000
v 31.7984 131.0350 44.0000
v 27.7235 127.4092 41.1429
v 24.5318 127.9129 41.1429
v 25.2436 132.1391 44.0000
v 27.7235 127.4092 41.1429
v 25.2436 132.1391 44.0000
v 28.5278 131.6188 44.0000
v 24.5318 127.9129 41.1429
v 21.3283 128.3550 41.1429
v 21.9471 132.5958 44.0000
v 24.5318 127.9129 41.1429
v 21.9471 132.5958 44.0000
v 25.2436 132.1391 44.0000
v 21.3283 128.3550 41.1429
v 18.1145 128.7352 41.1429
v 18.6401 132.9886 44.0000
v 21.3283 128.3550 41.1429
v 18.6401 132.9886 44.0000
v 21.9471 132.5958 44.0000
v 18.1145 128.7352 41.1429
v 14.8920 129.0534 41.1429
v 15.3240 133.3173 44.0000
v 18.1145 128.7352 41.1429
v 15.3240 133.3173 44.0000
v 18.6401 132.9886 44.0000
v 14.8920 129.0534 41.1429
v 11.6623 129.3094 41.1429
v 12.0006 133.5817 44.0000
v 14.8920 129.0534 41.1429
v 12.0006 133.5817 44.0000
v 15.3240 133.3173 44.0000
v 11.6623 129.3094 41.1429
v 8.4269 129.5030 41.1429
v 8.6714 133.7818 44.0000
v 11.6623 129.3094 41.1429
v 8.6714 133.7818 44.0000
v 12.0006 133.5817 44.0000
v 8.4269 129.5030 41.1429
v 5.1876 129.6343 41.1429
v 5.3381 133.9173 44.0000
v 8.4269 129.5030 41.1429
v 5.3381 133.9173 44.0000
v 8.6714 133.7818 44.0000
v 5.1876 129.6343 41.1429
v 1.9457 129.7030 41.1429
v 2.0021 133.9884 44.0000
v 5.1876 129.6343 41.1429
v 2.0021 133.9884 44.0000
v 5.3381 133.9173 44.0000
v 1.9457 129.7030 41.1429
v -1.2971 129.7093 41.1429
v -1.3348 133.9948 44.0000
v 1.9457 129.7030 41.1429
v -1.3348 133.9948 44.0000
v 2.0021 133.9884 44.0000
v -1.2971 129.7093 41.1429
v -4.5393 129.6530 41.1429
v -4.6710 133.9367 44.0000
v -1.2971 129.7093 41.1429
v -4.6710 133.9367 44.0000
v -1.3348 133.9948 44.0000
v -4.5393 129.6530 41.1429
v -7.7793 129.5343 41.1429
v -8.0051 133.8140 44.0000
v -4.5393 129.6530 41.1429
v -8.0051 133.8140 44.0000
v -4.6710 133.9367 44.0000
v -7.7793 129.5343 41.1429
v -11.0156 129.3531 41.1429
v -11.3352 133.6269 44.0000
v -7.7793 129.5343 41.1429
v -11.3352 133.6269 44.0000
v -8.0051 133.8140 44.0000
v -11.0156 129.3531 41.1429
v -14.2466 129.1096 41.1429
v -14.6599 133.3753 44.0000
v -11.0156 129.3531 41.1429
v -14.6599 133.3753 44.0000
v -11.3352 133.6269 44.0000
v -14.2466 129.1096 41.1429
v -17.4706 128.8038 41.1429
v -17.9775 133.0595 44.0000
v -14.2466 129.1096 41.1429
v -17.9775 133.0595 44.0000
v -14.6599 133.3753 44.0000
v -17.4706 128.8038 41.1429
v -20.6863 128.4360 41.1429
v -21.2865 132.6795 44.0000
v -17.4706 128.8038 41.1429
v -21.2865 132.6795 44.0000
v -17.9775 133.0595 44.0000
v -20.6863 128.4360 41.1429
v -23.8920 128.0063 41.1429
v -24.5852 132.2356 44.0000
v -20.6863 128.4360 41.1429
v -24.5852 132.2356 44.0000
v -21.2865 132.6795 44.0000
v -23.8920 128.0063 41.1429
v -27.0862 127.5149 41.1429
v -27.8720 131.7279 44.0000
v -23.8920 128.0063 41.1429
v -27.8720 131.7279 44.0000
v -24.5852 132.2356 44.0000
v -27.0862 127.5149 41.1429
v -30.2673 126.9620 41.1429
v -31.1455 131.1568 44.0000
v -27.0862 127.5149 41.1429
v -31.1455 131.1568 44.0000
v -27.8720 131.7279 44.0000
v -30.2673 126.9620 41.1429
v -33.4338 126.3479 41.1429
v -34.4039 130.5224 44.0000
v -30.2673 126.9620 41.1429
v -34.4039 130.5224 44.0000
v -31.1455 131.1568 44.0000
v -33.4338 126.3479 41.1429
v -36.5843 125.6730 41.1429
v -37.6457 129.8252 44.0000
v -33.4338 126.3479 41.1429
v -37.6457 129.8252 44.0000
v -34.4039 130.5224 44.0000
v -36.5843 125.6730 41.1429
v -39.7171 124.9375 41.1429
v -40.8694 129.0654 44.0000
v -36.5843 125.6730 41.1429
v -40.8694 129.0654 44.0000
v -37.6457 129.8252 44.0000
v -39.7171 124.9375 41.1429
v -42.8307 124.1417 41.1429
v -44.0734 128.2433 44.0000
v -39.7171 124.9375 41.1429
v -44.0734 128.2433 44.0000
v -40.8694 129.0654 44.0000
v -42.8307 124.1417 41.1429
v -45.9237 123.2862 41.1429
v -47.2561 127.3595 44.0000
v -42.8307 124.1417 41.1429
v -47.2561 127.3595 44.0000
v -44.0734 128.2433 44.0000
v -45.9237 123.2862 41.1429
v -48.9946 122.3712 41.1429
v -50.4161 126.4143 44.0000
v -45.9237 123.2862 41.1429
v -50.4161 126.4143 44.0000
v -47.2561 127.3595 44.0000
v -48.9946 122.3712 41.1429
v -52.0418 121.3972 41.1429
v -53.5518 125.4082 44.0000
v -48.9946 122.3712 41.1429
v -53.5518 125.4082 44.0000
v -50.4161 126.4143 44.0000
v -52.0418 121.3972 41.1429
v -55.0640 120.3648 41.1429
v -56.6616 124.3416 44.0000
v -52.0418 121.3972 41.1429
v -56.6616 124.3416 44.0000
v -53.5518 125.4082 44.0000
v -55.0640 120.3648 41.1429
v -58.0597 119.2743 41.1429
v -59.7442 123.2151 44.0000
v -55.0640 120.3648 41.1429
v -59.7442 123.2151 44.0000
v -56.6616 124.3416 44.0000
v -58.0597 119.2743 41.1429
v -61.0273 118.1263 41.1429
v -62.7980 122.0292 44.0000
v -58.0597 119.2743 41.1429
v -62.7980 122.0292 44.0000
v -59.7442 123.2151 44.0000
v -61.0273 118.1263 41.1429
v -63.9656 116.9214 41.1429
v -65.8214 120.7845 44.0000
v -61.0273 118.1263 41.1429
v -65.8214 120.7845 44.0000
v -62.7980 122.0292 44.0000
v -63.9656 116.9214 41.1429
v -66.8730 115.6602 41.1429
v -68.8132 119.4816 44.0000
v -63.9656 116.9214 41.1429
v -68.8132 119.4816 44.0000
v -65.8214 120.7845 44.0000
v -66.8730 115.6602 41.1429
v -69.7482 114.3432 41.1429
v -71.7718 118.1211 44.0000
v -66.8730 115.6602 41.1429
v -71.7718 118.1211 44.0000
v -68.8132 119.4816 44.0000
v -69.7482 114.3432 41.1429
v -72.5898 112.9711 41.1429
v -74.6959 116.7036 44.0000
v -69.7482 114.3432 41.1429
v -74.6959 116.7036 44.0000
v -71.7718 118.1211 44.0000
v -72.5898 112.9711 41.1429
v -75.3964 111.5446 41.1429
v -77.5839 115.2300 44.0000
v -72.5898 112.9711 41.1429
v -77.5839 115.2300 44.0000
v -74.6959 116.7036 44.0000
v -75.3964 111.5446 41.1429
v -78.1666 110.0643 41.1429
v -80.4345 113.7008 44.0000
v -75.3964 111.5446 41.1429
v -80.4345 113.7008 44.0000
v -77.5839 115.2300 44.0000
v -78.1666 110.0643 41.1429
v -80.8992 108.5309 41.1429
v -83.2464 112.1168 44.0000
v -78.1666 110.0643 41.1429
v -83.2464 112.1168 44.0000
v -80.4345 113.7008 44.0000
v -80.8992 108.5309 41.1429
v -83.5928 106.9453 41.1429
v -86.0181 110.4787 44.0000
v -80.8992 108.5309 41.1429
v -86.0181 110.4787 44.0000
v -83.2464 112.1168 44.0000
v -83.5928 106.9453 41.1429
v -86.2461 105.3081 41.1429
v -88.7484 108.7874 44.0000
v -83.5928 106.9453 41.1429
v -88.7484 108.7874 44.0000
v -86.0181 110.4787 44.0000
v -86.2461 105.3081 41.1429
v -88.8578 103.6201 41.1429
v -91.4359 107.0437 44.0000
v -86.2461 105.3081 41.1429
v -91.4359 107.0437 44.0000
v -88.7484 108.7874 44.0000
v -88.8578 103.6201 41.1429
v -91.4267 101.8822 41.1429
v -94.0793 105.2484 44.0000
v -88.8578 103.6201 41.1429
v -94.0793 105.2484 44.0000
v -91.4359 107.0437 44.0000
v -91.4267 101.8822 41.1429
v -93.9516 100.0953 41.1429
v -96.6775 103.4024 44.0000
v -91.4267 101.8822 41.1429
v -96.6775 103.4024 44.0000
v -94.0793 105.2484 44.0000
v -93.9516 100.0953 41.1429
v -96.4312 98.2600 41.1429
v -99.2290 101.5065 44.0000
v -93.9516 100.0953 41.1429
v -99.2290 101.5065 44.0000
v -96.6775 103.4024 44.0000
v -96.4312 98.2600 41.1429
v -98.8642 96.3774 41.1429
v -101.7326 99.5617 44.0000
v -96.4312 98.2600 41.1429
v -101.7326 99.5617 44.0000
v -99.2290 101.5065 44.0000
v -98.8642 96.3774 41.1429
v -101.2497 94.4484 41.1429
v -104.1873 97.5689 44.0000
v -98.8642 96.3774 41.1429
v -104.1873 97.5689 44.0000
v -101.7326 99.5617 44.0000
v -101.2497 94.4484 41.1429
v -103.5863 92.4739 41.1429
v -106.5917 95.5292 44.0000
v -101.2497 94.4484 41.1429
v -106.5917 95.5292 44.0000
v -104.1873 97.5689 44.0000
v -103.5863 92.4739 41.1429
v -105.8731 90.4547 41.1429
v -108.9448 93.4433 44.0000
v -103.5863 92.4739 41.1429
v -108.9448 93.4433 44.0000
v -106.5917 95.5292 44.0000
v -105.8731 90.4547 41.1429
v -108.1088 88.3920 41.1429
v -111.2454 91.3125 44.0000
v -105.8731 90.4547 41.1429
v -111.2454 91.3125 44.0000
v -108.9448 93.4433 44.0000
v -108.1088 88.3920 41.1429
v -110.2924 86.2867 41.1429
v -113.4923 89.1376 44.0000
v -108.1088 88.3920 41.1429
v -113.4923 89.1376 44.0000
v -111.2454 91.3125 44.0000
v -110.2924 86.2867 41.1429
v -112.4228 84.1398 41.1429
v -115.6846 86.9197 44.0000
v -110.2924 86.2867 41.1429
v -115.6846 86.9197 44.0000
v -113.4923 89.1376 44.0000
v -112.4228 84.1398 41.1429
v -114.4991 81.9523 41.1429
v -117.8211 84.6600 44.0000
v -112.4228 84.1398 41.1429
v -117.8211 84.6600 44.0000
v -115.6846 86.9197 44.0000
v -114.4991 81.9523 41.1429
v -116.5201 79.7254 41.1429
v -119.9008 82.3595 44.0000
v -114.4991 81.9523 41.1429
v -119.9008 82.3595 44.0000
v -117.8211 84.6600 44.0000
v -116.5201 79.7254 41.1429
v -118.4851 77.4600 41.1429
v -121.9227 80.0193 44.0000
v -116.5201 79.7254 41.1429
v -121.9227 80.0193 44.0000
v -119.9008 82.3595 44.0000
v -118.4851 77.4600 41.1429
v -120.3929 75.1573 41.1429
v -123.8859 77.6405 44.0000
v -118.4851 77.4600 41.1429
v -123.8859 77.6405 44.0000
v -121.9227 80.0193 44.0000
v -120.3929 75.1573 41.1429
v -122.2427 72.8184 41.1429
v -125.7894 75.2243 44.0000
v -120.3929 75.1573 41.1429
v -125.7894 75.2243 44.0000
v -123.8859 77.6405 44.0000
v -122.2427 72.8184 41.1429
v -124.0335 70.4443 41.1429
v -127.6322 72.7718 44.0000
v -122.2427 72.8184 41.1429
v -127.6322 72.7718 44.0000
v -125.7894 75.2243 44.0000
v -124.0335 70.4443 41.1429
v -125.7646 68.0364 41.1429
v -129.4135 70.2843 44.0000
v -124.0335 70.4443 41.1429
v -129.4135 70.2843 44.0000
v -127.6322 72.7718 44.0000
v -125.7646 68.0364 41.1429
v -127.4351 65.5956 41.1429
v -131.1325 67.7628 44.0000
v -125.7646 68.0364 41.1429
v -131.1325 67.7628 44.0000
v -129.4135 70.2843 44.0000
v -127.4351 65.5956 41.1429
v -129.0442 63.1232 41.1429
v -132.7882 65.2088 44.0000
v -127.4351 65.5956 41.1429
v -132.7882 65.2088 44.0000
v -131.1325 67.7628 44.0000
v -129.0442 63.1232 41.1429
v -130.5911 60.6204 41.1429
v -134.3800 62.6233 44.0000
v -129.0442 63.1232 41.1429
v -134.3800 62.6233 44.0000
v -132.7882 65.2088 44.0000
v -130.5911 60.6204 41.1429
v -132.0750 58.0884 41.1429
v -135.9070 60.0076 44.0000
v -130.5911 60.6204 41.1429
v -135.9070 60.0076 44.0000
v -134.3800 62.6233 44.0000
v -132.0750 58.0884 41.1429
v -133.4953 55.5284 41.1429
v -137.3685 57.3630 44.0000
v -132.0750 58.0884 41.1429
v -137.3685 57.3630 44.0000
v -135.9070 60.0076 44.0000
v -133.4953 55.5284 41.1429
v -134.8512 52.9416 41.1429
v -138.7637 54.6908 44.0000
v -133.4953 55.5284 41.1429
v -138.7637 54.6908 44.0000
v -137.3685 57.3630 44.0000
v -134.8512 52.9416 41.1429
v -136.1422 50.3293 41.1429
v -140.0921 51.9922 44.0000
v -134.8512 52.9416 41.1429
v -140.0921 51.9922 44.0000
v -138.7637 54.6908 44.0000
v -136.1422 50.3293 41.1429
v -137.3675 47.6928 41.1429
v -141.3530 49.2685 44.0000
v -136.1422 50.3293 41.1429
v -141.3530 49.2685 44.0000
v -140.0921 51.9922 44.0000
v -137.3675 47.6928 41.1429
v -138.5267 45.0332 41.1429
v -142.5458 46.5211 44.0000
v -137.3675 47.6928 41.1429
v -142.5458 46.5211 44.0000
v -141.3530 49.2685 44.0000
v -138.5267 45.0332 41.1429
v -139.6190 42.3520 41.1429
v -143.6699 43.7513 44.0000
v -138.5267 45.0332 41.1429
v -143.6699 43.7513 44.0000
v -142.5458 46.5211 44.0000
v -139.6190 42.3520 41.1429
v -140.6441 39.6503 41.1429
v -144.7247 40.9604 44.0000
v -139.6190 42.3520 41.1429
v -144.7247 40.9604 44.0000
v -143.6699 43.7513 44.0000
v -140.6441 39.6503 41.1429
v -141.6014 36.9296 41.1429
v -145.7098 38.1497 44.0000
v -140.6441 39.6503 41.1429
v -145.7098 38.1497 44.0000
v -144.7247 40.9604 44.0000
v -141.6014 36.9296 41.1429
v -142.4905 34.1910 41.1429
v -146.6246 35.3207 44.0000
v -141.6014 36.9296 41.1429
v -146.6246 35.3207 44.0000
v -145.7098 38.1497 44.0000
v -142.4905 34.1910 41.1429
v -143.3108 31.4360 41.1429
v -147.4688 32.4746 44.0000
v -142.4905 34.1910 41.1429
v -147.4688 32.4746 44.0000
v -146.6246 35.3207 44.0000
v -143.3108 31.4360 41.1429
v -144.0621 28.6658 41.1429
v -148.2419 29.6129 44.0000
v -143.3108 31.4360 41.1429
v -148.2419 29.6129 44.0000
v -147.4688 32.4746 44.0000
v -144.0621 28.6658 41.1429
v -144.7440 25.8818 41.1429
v -148.9436 26.7369 44.0000
v -144.0621 28.6658 41.1429
v -148.9436 26.7369 44.0000
v -148.2419 29.6129 44.0000
v -144.7440 25.8818 41.1429
v -145.3561 23.0853 41.1429
v -149.5734 23.8481 44.0000
v -144.7440 25.8818 41.1429
v -149.5734 23.8481 44.0000
v -148.9436 26.7369 44.0000
v -145.3561 23.0853 41.1429
v -145.8982 20.2777 41.1429
v -150.1312 20.9477 44.0000
v -145.3561 23.0853 41.1429
v -150.1312 20.9477 44.0000
v -149.5734 23.8481 44.0000
v -145.8982 20.2777 41.1429
v -146.3700 17.4603 41.1429
v -150.6167 18.0372 44.0000
v -145.8982 20.2777 41.1429
v -150.6167 18.0372 44.0000
v -150.1312 20.9477 44.0000
v -146.3700 17.4603 41.1429
v -146.7712 14.6346 41.1429
v -151.0295 15.1181 44.0000
v -146.3700 17.4603 41.1429
v -151.0295 15.1181 44.0000
v -150.6167 18.0372 44.0000
v -146.7712 14.6346 41.1429
v -147.1016 11.8017 41.1429
v -151.3696 12.1916 44.0000
v -146.7712 14.6346 41.1429
v -151.3696 12.1916 44.0000
v -151.0295 15.1181 44.0000
v -147.1016 11.8017 41.1429
v -147.3612 8.9632 41.1429
v -151.6367 9.2593 44.0000
v -147.1016 11.8017 41.1429
v -151.6367 9.2593 44.0000
v -151.3696 12.1916 44.0000
v -147.3612 8.9632 41.1429
v -147.5498 6.1203 41.1429
v -151.8307 6.3225 44.0000
v -147.3612 8.9632 41.1429
v -151.8307 6.3225 44.0000
v -151.6367 9.2593 44.0000
v -147.5498 6.1203 41.1429
v -147.6672 3.2745 41.1429
v -151.9516 3.3827 44.0000
v -147.5498 6.1203 41.1429
v -151.9516 3.3827 44.0000
v -151.8307 6.3225 44.0000
v -147.6672 3.2745 41.1429
v -147.7135 0.4272 41.1429
v -151.9992 0.4413 44.0000
v -147.6672 3.2745 41.1429
v -151.9992 0.4413 44.0000
v -151.9516 3.3827 44.0000
v -147.7135 0.4272 41.1429
v -147.6886 -2.4204 41.1429
v -151.9735 -2.5004 44.0000
v -147.7135 0.4272 41.1429
v -151.9735 -2.5004 44.0000
v -151.9992 0.4413 44.0000
v -147.6886 -2.4204 41.1429
v -147.5925 -5.2668 41.1429
v -151.8747 -5.4409 44.0000
v -147.6886 -2.4204 41.1429
v -151.8747 -5.4409 44.0000
v -151.9735 -2.5004 44.0000
v -147.5925 -5.2668 41.1429
v -147.4252 -8.1107 41.1429
v -151.7026 -8.3787 44.0000
v -147.5925 -5.2668 41.1429
v -151.7026 -8.3787 44.0000
v -151.8747 -5.4409 44.0000
v -147.4252 -8.1107 41.1429
v -147.1870 -10.9507 41.1429
v -151.4574 -11.3125 44.0000
v -147.4252 -8.1107 41.1429
v -151.4574 -11.3125 44.0000
v -151.7026 -8.3787 44.0000
v -147.1870 -10.9507 41.1429
v -146.8777 -13.7854 41.1429
v -151.1392 -14.2408 44.0000
v -147.1870 -10.9507 41.1429
v -151.1392 -14.2408 44.0000
v -151.4574 -11.3125 44.0000
v -146.8777 -13.7854 41.1429
v -146.4977 -16.6134 41.1429
v -150.7482 -17.1623 44.0000
v -146.8777 -13.7854 41.1429
v -150.7482 -17.1623 44.0000
v -151.1392 -14.2408 44.0000
v -146.4977 -16.6134 41.1429
v -146.0471 -19.4335 41.1429
v -150.2845 -20.0755 44.0000
v -146.4977 -16.6134 41.1429
v -150.2845 -20.0755 44.0000
v -150.7482 -17.1623 44.0000
v -146.0471 -19.4335 41.1429
v -145.5261 -22.2441 41.1429
v -149.7484 -22.9791 44.0000
v -146.0471 -19.4335 41.1429
v -149.7484 -22.9791 44.0000
v -150.2845 -20.0755 44.0000
v -145.5261 -22.2441 41.1429
v -144.9350 -25.0441 41.1429
v -149.1401 -25.8716 44.0000
v -145.5261 -22.2441 41.1429
v -149.1401 -25.8716 44.0000
v -149.7484 -22.9791 44.0000
v -144.9350 -25.0441 41.1429
v -144.2740 -27.8320 41.1429
v -148.4599 -28.7515 44.0000
v -144.9350 -25.0441 41.1429
v -148.4599 -28.7515 44.0000
v -149.1401 -25.8716 44.0000
v -144.2740 -27.8320 41.1429
v -143.5435 -30.6065 41.1429
v -147.7082 -31.6177 44.0000
v -144.2740 -27.8320 41.1429
v -147.7082 -31.6177 44.0000
v -148.4599 -28.7515 44.0000
v -143.5435 -30.6065 41.1429
v -142.7438 -33.3662 41.1429
v -146.8853 -34.4686 44.0000
v -143.5435 -30.6065 41.1429
v -146.8853 -34.4686 44.0000
v -147.7082 -31.6177 44.0000
v -142.7438 -33.3662 41.1429
v -141.8753 -36.1098 41.1429
v -145.9916 -37.3029 44.0000
v -142.7438 -33.3662 41.1429
v -145.9916 -37.3029 44.0000
v -146.8853 -34.4686 44.0000
v -141.8753 -36.1098 41.1429
v -140.9384 -38.8361 41.1429
v -145.0276 -40.1192 44.0000
v -141.8753 -36.1098 41.1429
v -145.0276 -40.1192 44.0000
v -145.9916 -37.3029 44.0000
v -140.9384 -38.8361 41.1429
v -139.9336 -41.5436 41.1429
v -143.9936 -42.9162 44.0000
v -140.9384 -38.8361 41.1429
v -143.9936 -42.9162 44.0000
v -145.0276 -40.1192 44.0000
v -139.9336 -41.5436 41.1429
v -138.8614 -44.2311 41.1429
v -142.8903 -45.6925 44.0000
v -139.9336 -41.5436 41.1429
v -142.8903 -45.6925 44.0000
v -143.9936 -42.9162 44.0000
v -138.8614 -44.2311 41.1429
v -137.7222 -46.8973 41.1429
v -141.7180 -48.4467 44.0000
v -138.8614 -44.2311 41.1429
v -141.7180 -48.4467 44.0000
v -142.8903 -45.6925 44.0000
v -137.7222 -46.8973 41.1429
v -136.5167 -49.5408 41.1429
v -140.4775 -51.1776 44.0000
v -137.7222 -46.8973 41.1429
v -140.4775 -51.1776 44.0000
v -141.7180 -48.4467 44.0000
v -136.5167 -49.5408 41.1429
v -135.2454 -52.1605 41.1429
v -139.1693 -53.8839 44.0000
v -136.5167 -49.5408 41.1429
v -139.1693 -53.8839 44.0000
v -140.4775 -51.1776 44.0000
v -135.2454 -52.1605 41.1429
v -133.9088 -54.7551 41.1429
v -137.7940 -56.5642 44.0000
v -135.2454 -52.1605 41.1429
v -137.7940 -56.5642 44.0000
v -139.1693 -53.8839 44.0000
v -133.9088 -54.7551 41.1429
v -132.5078 -57.3233 41.1429
v -136.3523 -59.2172 44.0000
v -133.9088 -54.7551 41.1429
v -136.3523 -59.2172 44.0000
v -137.7940 -56.5642 44.0000
v -132.5078 -57.3233 41.1429
v -131.0429 -59.8638 41.1429
v -134.8449 -61.8417 44.0000
v -132.5078 -57.3233 41.1429
v -134.8449 -61.8417 44.0000
v -136.3523 -59.2172 44.0000
v -131.0429 -59.8638 41.1429
v -129.5148 -62.3755 41.1429
v -133.2725 -64.4364 44.0000
v -131.0429 -59.8638 41.1429
v -133.2725 -64.4364 44.0000
v -134.8449 -61.8417 44.0000
v -129.5148 -62.3755 41.1429
v -127.9243 -64.8571 41.1429
v -131.6359 -67.0000 44.0000
v -129.5148 -62.3755 41.1429
v -131.6359 -67.0000 44.0000
v -133.2725 -64.4364 44.0000
v -25.8819 -79.2059 1.0000
v -24.0199 -79.5993 1.0000
v -24.8435 -82.9275 2.1429
v -25.8819 -79.2059 1.0000
v -24.8435 -82.9275 2.1429
v -26.7693 -82.5177 2.1429
v -24.0199 -79.5993 1.0000
v -22.1491 -79.9633 1.0000
v -22.9085 -83.3067 2.1429
v -24.0199 -79.5993 1.0000
v -22.9085 -83.3067 2.1429
v -24.8435 -82.9275 2.1429
v -22.1491 -79.9633 1.0000
v -20.2700 -80.2977 1.0000
v -20.9650 -83.6551 2.1429
v -22.1491 -79.9633 1.0000
v -20.9650 -83.6551 2.1429
v -22.9085 -83.3067 2.1429
v -20.2700 -80.2977 1.0000
v -18.3835 -80.6025 1.0000
v -19.0138 -83.9726 2.1429
v -20.2700 -80.2977 1.0000
v -19.0138 -83.9726 2.1429
v -20.9650 -83.6551 2.1429
v -18.3835 -80.6025 1.0000
v -16.4902 -80.8774 1.0000
v -17.0555 -84.2591 2.1429
v -18.3835 -80.6025 1.0000
v -17.0555 -84.2591 2.1429
v -19.0138 -83.9726 2.1429
v -16.4902 -80.8774 1.0000
v -14.5907 -81.1225 1.0000
v -15.0910 -84.5143 2.1429
v -16.4902 -80.8774 1.0000
v -15.0910 -84.5143 2.1429
v -17.0555 -84.2591 2.1429
v -14.5907 -81.1225 1.0000
v -12.6859 -81.3375 1.0000
v -13.1209 -84.7384 2.1429
v -14.5907 -81.1225 1.0000
v -13.1209 -84.7384 2.1429
v -15.0910 -84.5143 2.1429
v -12.6859 -81.3375 1.0000
v -10.7764 -81.5225 1.0000
v -11.1459 -84.9311 2.1429
v -12.6859 -81.3375 1.0000
v -11.1459 -84.9311 2.1429
v -13.1209 -84.7384 2.1429
v -10.7764 -81.5225 1.0000
v -8.8629 -81.6773 1.0000
v -9.1668 -85.0924 2.1429
v -10.7764 -81.5225 1.0000
v -9.1668 -85.0924 2.1429
v -11.1459 -84.9311 2.1429
v -8.8629 -81.6773 1.0000
v -6.9461 -81.8019 1.0000
v -7.1843 -85.2222 2.1429
v -8.8629 -81.6773 1.0000
v -7.1843 -85.2222 2.1429
v -9.1668 -85.0924 2.1429
v -6.9461 -81.8019 1.0000
v -5.0268 -81.8963 1.0000
v -5.1991 -85.3206 2.1429
v -6.9461 -81.8019 1.0000
v -5.1991 -85.3206 2.1429
v -7.1843 -85.2222 2.1429
v -5.0268 -81.8963 1.0000
v -3.1056 -81.9604 1.0000
v -3.2121 -85.3874 2.1429
v -5.0268 -81.8963 1.0000
v -3.2121 -85.3874 2.1429
v -5.1991 -85.3206 2.1429
v -3.1056 -81.9604 1.0000
v -1.1832 -81.9943 1.0000
v -1.2238 -85.4226 2.1429
v -3.1056 -81.9604 1.0000
v -1.2238 -85.4226 2.1429
v -3.2121 -85.3874 2.1429
v -1.1832 -81.9943 1.0000
v 0.7395 -81.9978 1.0000
v 0.7649 -85.4262 2.1429
v -1.1832 -81.9943 1.0000
v 0.7649 -85.4262 2.1429
v -1.2238 -85.4226 2.1429
v 0.7395 -81.9978 1.0000
v 2.6621 -81.9709 1.0000
v 2.7533 -85.3983 2.1429
v 0.7395 -81.9978 1.0000
v 2.7533 -85.3983 2.1429
v 0.7649 -85.4262 2.1429
v 2.6621 -81.9709 1.0000
v 4.5836 -81.9138 1.0000
v 4.7407 -85.3388 2.1429
v 2.6621 -81.9709 1.0000
v 4.7407 -85.3388 2.1429
v 2.7533 -85.3983 2.1429
v 4.5836 -81.9138 1.0000
v 6.5034 -81.8264 1.0000
v 6.7264 -85.2477 2.1429
v 4.5836 -81.9138 1.0000
v 6.7264 -85.2477 2.1429
v 4.7407 -85.3388 2.1429
v 6.5034 -81.8264 1.0000
v 8.4208 -81.7087 1.0000
v 8.7096 -85.1251 2.1429
v 6.5034 -81.8264 1.0000
v 8.7096 -85.1251 2.1429
v 6.7264 -85.2477 2.1429
v 8.4208 -81.7087 1.0000
v 10.3352 -81.5609 1.0000
v 10.6895 -84.9711 2.1429
v 8.4208 -81.7087 1.0000
v 10.6895 -84.9711 2.1429
v 8.7096 -85.1251 2.1429
v 10.3352 -81.5609 1.0000
v 12.2457 -81.3829 1.0000
v 12.6655 -84.7856 2.1429
v 10.3352 -81.5609 1.0000
v 12.6655 -84.7856 2.1429
v 10.6895 -84.9711 2.1429
v 12.2457 -81.3829 1.0000
v 14.1516 -81.1747 1.0000
v 14.6368 -84.5688 2.1429
v 12.2457 -81.3829 1.0000
v 14.6368 -84.5688 2.1429
v 12.6655 -84.7856 2.1429
v 14.1516 -81.1747 1.0000
v 16.0524 -80.9366 1.0000
v 16.6027 -84.3207 2.1429
v 14.1516 -81.1747 1.0000
v 16.6027 -84.3207 2.1429
v 14.6368 -84.5688 2.1429
v 16.0524 -80.9366 1.0000
v 17.9472 -80.6686 1.0000
v 18.5625 -84.0415 2.1429
v 16.0524 -80.9366 1.0000
v 18.5625 -84.0415 2.1429
v 16.6027 -84.3207 2.1429
v 17.9472 -80.6686 1.0000
v 19.8353 -80.3707 1.0000
v 20.5154 -83.7312 2.1429
v 17.9472 -80.6686 1.0000
v 20.5154 -83.7312 2.1429
v 18.5625 -84.0415 2.1429
v 19.8353 -80.3707 1.0000
v 21.7162 -80.0431 1.0000
v 22.4607 -83.3899 2.1429
v 19.8353 -80.3707 1.0000
v 22.4607 -83.3899 2.1429
v 20.5154 -83.7312 2.1429
v 21.7162 -80.0431 1.0000
v 23.5890 -79.6859 1.0000
v 24.3977 -83.0178 2.1429
v 21.7162 -80.0431 1.0000
v 24.3977 -83.0178 2.1429
v 22.4607 -83.3899 2.1429
v 23.5890 -79.6859 1.0000
v 25.4530 -79.2993 1.0000
v 26.3257 -82.6150 2.1429
v 23.5890 -79.6859 1.0000
v 26.3257 -82.6150 2.1429
v 24.3977 -83.0178 2.1429
v 25.4530 -79.2993 1.0000
v 27.3077 -78.8834 1.0000
v 28.2440 -82.1816 2.1429
v 25.4530 -79.2993 1.0000
v 28.2440 -82.1816 2.1429
v 26.3257 -82.6150 2.1429
v 27.3077 -78.8834 1.0000
v 29.1523 -78.4382 1.0000
v 30.1518 -81.7179 2.1429
v 27.3077 -78.8834 1.0000
v 30.1518 -81.7179 2.1429
v 28.2440 -82.1816 2.1429
v 29.1523 -78.4382 1.0000
v 30.9861 -77.9641 1.0000
v 32.0485 -81.2239 2.1429
v 29.1523 -78.4382 1.0000
v 32.0485 -81.2239 2.1429
v 30.1518 -81.7179 2.1429
v 30.9861 -77.9641 1.0000
v 32.8084 -77.4612 1.0000
v 33.9333 -80.7000 2.1429
v 30.9861 -77.9641 1.0000
v 33.9333 -80.7000 2.1429
v 32.0485 -81.2239 2.1429
v 32.8084 -77.4612 1.0000
v 34.6186 -76.9296 1.0000
v 35.8056 -80.1462 2.1429
v 32.8084 -77.4612 1.0000
v 35.8056 -80.1462 2.1429
v 33.9333 -80.7000 2.1429
v 34.6186 -76.9296 1.0000
v 36.4161 -76.3696 1.0000
v 37.6646 -79.5627 2.1429
v 34.6186 -76.9296 1.0000
v 37.6646 -79.5627 2.1429
v 35.8056 -80.1462 2.1429
v 36.4161 -76.3696 1.0000
v 38.2000 -75.7813 1.0000
v 39.5097 -78.9499 2.1429
v 36.4161 -76.3696 1.0000
v 39.5097 -78.9499 2.1429
v 37.6646 -79.5627 2.1429
v 38.2000 -75.7813 1.0000
v 39.9698 -75.1650 1.0000
v 41.3402 -78.3078 2.1429
v 38.2000 -75.7813 1.0000
v 41.3402 -78.3078 2.1429
v 39.5097 -78.9499 2.1429
v 39.9698 -75.1650 1.0000
v 41.7249 -74.5210 1.0000
v 43.1555 -77.6368 2.1429
v 39.9698 -75.1650 1.0000
v 43.1555 -77.6368 2.1429
v 41.3402 -78.3078 2.1429
v 41.7249 -74.5210 1.0000
v 43.4645 -73.8494 1.0000
v 44.9547 -76.9371 2.1429
v 41.7249 -74.5210 1.0000
v 44.9547 -76.9371 2.1429
v 43.1555 -77.6368 2.1429
v 43.4645 -73.8494 1.0000
v 45.1881 -73.1504 1.0000
v 46.7374 -76.2090 2.1429
v 43.4645 -73.8494 1.0000
v 46.7374 -76.2090 2.1429
v 44.9547 -76.9371 2.1429
v 45.1881 -73.1504 1.0000
v 46.8949 -72.4245 1.0000
v 48.5027 -75.4527 2.1429
v 45.1881 -73.1504 1.0000
v 48.5027 -75.4527 2.1429
v 46.7374 -76.2090 2.1429
v 46.8949 -72.4245 1.0000
v 48.5844 -71.6717 1.0000
v 50.2502 -74.6685 2.1429
v 46.8949 -72.4245 1.0000
v 50.2502 -74.6685 2.1429
v 48.5027 -75.4527 2.1429
v 48.5844 -71.6717 1.0000
v 50.2560 -70.8925 1.0000
v 51.9790 -73.8566 2.1429
v 48.5844 -71.6717 1.0000
v 51.9790 -73.8566 2.1429
v 50.2502 -74.6685 2.1429
v 50.2560 -70.8925 1.0000
v 51.9089 -70.0870 1.0000
v 53.6887 -73.0175 2.1429
v 50.2560 -70.8925 1.0000
v 53.6887 -73.0175 2.1429
v 51.9790 -73.8566 2.1429
v 51.9089 -70.0870 1.0000
v 53.5427 -69.2557 1.0000
v 55.3785 -72.1514 2.1429
v 51.9089 -70.0870 1.0000
v 55.3785 -72.1514 2.1429
v 53.6887 -73.0175 2.1429
v 53.5427 -69.2557 1.0000
v 55.1567 -68.3987 1.0000
v 57.0478 -71.2586 2.1429
v 53.5427 -69.2557 1.0000
v 57.0478 -71.2586 2.1429
v 55.3785 -72.1514 2.1429
v 55.1567 -68.3987 1.0000
v 56.7503 -67.5165 1.0000
v 58.6960 -70.3394 2.1429
v 55.1567 -68.3987 1.0000
v 58.6960 -70.3394 2.1429
v 57.0478 -71.2586 2.1429
v 56.7503 -67.5165 1.0000
v 58.3229 -66.6092 1.0000
v 60.3225 -69.3943 2.1429
v 56.7503 -67.5165 1.0000
v 60.3225 -69.3943 2.1429
v 58.6960 -70.3394 2.1429
v 58.3229 -66.6092 1.0000
v 59.8739 -65.6774 1.0000
v 61.9268 -68.4235 2.1429
v 58.3229 -66.6092 1.0000
v 61.9268 -68.4235 2.1429
v 60.3225 -69.3943 2.1429
v 59.8739 -65.6774 1.0000
v 61.4028 -64.7213 1.0000
v 63.5081 -67.4274 2.1429
v 59.8739 -65.6774 1.0000
v 63.5081 -67.4274 2.1429
v 61.9268 -68.4235 2.1429
v 61.4028 -64.7213 1.0000
v 62.9090 -63.7412 1.0000
v 65.0659 -66.4064 2.1429
v 61.4028 -64.7213 1.0000
v 65.0659 -66.4064 2.1429
v 63.5081 -67.4274 2.1429
v 62.9090 -63.7412 1.0000
v 64.3920 -62.7376 1.0000
v 66.5997 -65.3608 2.1429
v 62.9090 -63.7412 1.0000
v 66.5997 -65.3608 2.1429
v 65.0659 -66.4064 2.1429
v 64.3920 -62.7376 1.0000
v 65.8511 -61.7108 1.0000
v 68.1089 -64.2910 2.1429
v 64.3920 -62.7376 1.0000
v 68.1089 -64.2910 2.1429
v 66.5997 -65.3608 2.1429
v 65.8511 -61.7108 1.0000
v 67.2859 -60.6612 1.0000
v 69.5929 -63.1975 2.1429
v 65.8511 -61.7108 1.0000
v 69.5929 -63.1975 2.1429
v 68.1089 -64.2910 2.1429
v 67.2859 -60.6612 1.0000
v 68.6959 -59.5891 1.0000
v 71.0511 -62.0807 2.1429
v 67.2859 -60.6612 1.0000
v 71.0511 -62.0807 2.1429
v 69.5929 -63.1975 2.1429
v 68.6959 -59.5891 1.0000
v 70.0804 -58.4950 1.0000
v 72.4831 -60.9408 2.1429
v 68.6959 -59.5891 1.0000
v 72.4831 -60.9408 2.1429
v 71.0511 -62.0807 2.1429
v 70.0804 -58.4950 1.0000
v 71.4390 -57.3793 1.0000
v 73.8883 -59.7785 2.1429
v 70.0804 -58.4950 1.0000
v 73.8883 -59.7785 2.1429
v 72.4831 -60.9408 2.1429
v 71.4390 -57.3793 1.0000
v 72.7712 -56.2424 1.0000
v 75.2662 -58.5940 2.1429
v 71.4390 -57.3793 1.0000
v 75.2662 -58.5940 2.1429
v 73.8883 -59.7785 2.1429
v 72.7712 -56.2424 1.0000
v 74.0765 -55.0847 1.0000
v 76.6163 -57.3879 2.1429
v 72.7712 -56.2424 1.0000
v 76.6163 -57.3879 2.1429
v 75.2662 -58.5940 2.1429
v 74.0765 -55.0847 1.0000
v 75.3544 -53.9066 1.0000
v 77.9380 -56.1605 2.1429
v 74.0765 -55.0847 1.0000
v 77.9380 -56.1605 2.1429
v 76.6163 -57.3879 2.1429
v 75.3544 -53.9066 1.0000
v 76.6044 -52.7086 1.0000
v 79.2309 -54.9124 2.1429
v 75.3544 -53.9066 1.0000
v 79.2309 -54.9124 2.1429
v 77.9380 -56.1605 2.1429
v -26.7693 -82.5177 2.1429
v -24.8435 -82.9275 2.1429
v -25.6670 -86.2557 3.2857
v -26.7693 -82.5177 2.1429
v -25.6670 -86.2557 3.2857
v -27.6567 -85.8294 3.2857
v -24.8435 -82.9275 2.1429
v -22.9085 -83.3067 2.1429
v -23.6679 -86.6502 3.2857
v -24.8435 -82.9275 2.1429
v -23.6679 -86.6502 3.2857
v -25.6670 -86.2557 3.2857
v -22.9085 -83.3067 2.1429
v -20.9650 -83.6551 2.1429
v -21.6600 -87.0125 3.2857
v -22.9085 -83.3067 2.1429
v -21.6600 -87.0125 3.2857
v -23.6679 -86.6502 3.2857
v -20.9650 -83.6551 2.1429
v -19.0138 -83.9726 2.1429
v -19.6441 -87.3428 3.2857
v -20.9650 -83.6551 2.1429
v -19.6441 -87.3428 3.2857
v -21.6600 -87.0125 3.2857
v -19.0138 -83.9726 2.1429
v -17.0555 -84.2591 2.1429
v -17.6209 -87.6407 3.2857
v -19.0138 -83.9726 2.1429
v -17.6209 -87.6407 3.2857
v -19.6441 -87.3428 3.2857
v -17.0555 -84.2591 2.1429
v -15.0910 -84.5143 2.1429
v -15.5913 -87.9062 3.2857
v -17.0555 -84.2591 2.1429
v -15.5913 -87.9062 3.2857
v -17.6209 -87.6407 3.2857
v -15.0910 -84.5143 2.1429
v -13.1209 -84.7384 2.1429
v -13.5558 -88.1392 3.2857
v -15.0910 -84.5143 2.1429
v -13.5558 -88.1392 3.2857
v -15.5913 -87.9062 3.2857
v -13.1209 -84.7384 2.1429
v -11.1459 -84.9311 2.1429
v -11.5154 -88.3397 3.2857
v -13.1209 -84.7384 2.1429
v -11.5154 -88.3397 3.2857
v -13.5558 -88.1392 3.2857
v -11.1459 -84.9311 2.1429
v -9.1668 -85.0924 2.1429
v -9.4707 -88.5075 3.2857
v -11.1459 -84.9311 2.1429
v -9.4707 -88.5075 3.2857
v -11.5154 -88.3397 3.2857
v -9.1668 -85.0924 2.1429
v -7.1843 -85.2222 2.1429
v -7.4224 -88.6425 3.2857
v -9.1668 -85.0924 2.1429
v -7.4224 -88.6425 3.2857
v -9.4707 -88.5075 3.2857
v -7.1843 -85.2222 2.1429
v -5.1991 -85.3206 2.1429
v -5.3715 -88.7448 3.2857
v -7.1843 -85.2222 2.1429
v -5.3715 -88.7448 3.2857
v -7.4224 -88.6425 3.2857
v -5.1991 -85.3206 2.1429
v -3.2121 -85.3874 2.1429
v -3.3186 -88.8143 3.2857
v -5.1991 -85.3206 2.1429
v -3.3186 -88.8143 3.2857
v -5.3715 -88.7448 3.2857
v -3.2121 -85.3874 2.1429
v -1.2238 -85.4226 2.1429
v -1.2644 -88.8509 3.2857
v -3.2121 -85.3874 2.1429
v -1.2644 -88.8509 3.2857
v -3.3186 -88.8143 3.2857
v -1.2238 -85.4226 2.1429
v 0.7649 -85.4262 2.1429
v 0.7903 -88.8547 3.2857
v -1.2238 -85.4226 2.1429
v 0.7903 -88.8547 3.2857
v -1.2644 -88.8509 3.2857
v 0.7649 -85.4262 2.1429
v 2.7533 -85.3983 2.1429
v 2.8446 -88.8257 3.2857
v 0.7649 -85.4262 2.1429
v 2.8446 -88.8257 3.2857
v 0.7903 -88.8547 3.2857
v 2.7533 -85.3983 2.1429
v 4.7407 -85.3388 2.1429
v 4.8979 -88.7638 3.2857
v 2.7533 -85.3983 2.1429
v 4.8979 -88.7638 3.2857
v 2.8446 -88.8257 3.2857
v 4.7407 -85.3388 2.1429
v 6.7264 -85.2477 2.1429
v 6.9494 -88.6690 3.2857
v 4.7407 -85.3388 2.1429
v 6.9494 -88.6690 3.2857
v 4.8979 -88.7638 3.2857
v 6.7264 -85.2477 2.1429
v 8.7096 -85.1251 2.1429
v 8.9983 -88.5415 3.2857
v 6.7264 -85.2477 2.1429
v 8.9983 -88.5415 3.2857
v 6.9494 -88.6690 3.2857
v 8.7096 -85.1251 2.1429
v 10.6895 -84.9711 2.1429
v 11.0439 -88.3813 3.2857
v 8.7096 -85.1251 2.1429
v 11.0439 -88.3813 3.2857
v 8.9983 -88.5415 3.2857
v 10.6895 -84.9711 2.1429
v 12.6655 -84.7856 2.1429
v 13.0854 -88.1884 3.2857
v 10.6895 -84.9711 2.1429
v 13.0854 -88.1884 3.2857
v 11.0439 -88.3813 3.2857
v 12.6655 -84.7856 2.1429
v 14.6368 -84.5688 2.1429
v 15.1220 -87.9629 3.2857
v 12.6655 -84.7856 2.1429
v 15.1220 -87.9629 3.2857
v 13.0854 -88.1884 3.2857
v 14.6368 -84.5688 2.1429
v 16.6027 -84.3207 2.1429
v 17.1531 -87.7048 3.2857
v 14.6368 -84.5688 2.1429
v 17.1531 -87.7048 3.2857
v 15.1220 -87.9629 3.2857
v 16.6027 -84.3207 2.1429
v 18.5625 -84.0415 2.1429
v 19.1778 -87.4144 3.2857
v 16.6027 -84.3207 2.1429
v 19.1778 -87.4144 3.2857
v 17.1531 -87.7048 3.2857
v 18.5625 -84.0415 2.1429
v 20.5154 -83.7312 2.1429
v 21.1955 -87.0916 3.2857
v 18.5625 -84.0415 2.1429
v 21.1955 -87.0916 3.2857
v 19.1778 -87.4144 3.2857
v 20.5154 -83.7312 2.1429
v 22.4607 -83.3899 2.1429
v 23.2053 -86.7366 3.2857
v 20.5154 -83.7312 2.1429
v 23.2053 -86.7366 3.2857
v 21.1955 -87.0916 3.2857
v 22.4607 -83.3899 2.1429
v 24.3977 -83.0178 2.1429
v 25.2065 -86.3496 3.2857
v 22.4607 -83.3899 2.1429
v 25.2065 -86.3496 3.2857
v 23.2053 -86.7366 3.2857
v 24.3977 -83.0178 2.1429
v 26.3257 -82.6150 2.1429
v 27.1984 -85.9306 3.2857
v 24.3977 -83.0178 2.1429
v 27.1984 -85.9306 3.2857
v 25.2065 -86.3496 3.2857
v 26.3257 -82.6150 2.1429
v 28.2440 -82.1816 2.1429
v 29.1802 -85.4799 3.2857
v 26.3257 -82.6150 2.1429
v 29.1802 -85.4799 3.2857
v 27.1984 -85.9306 3.2857
v 28.2440 -82.1816 2.1429
v 30.1518 -81.7179 2.1429
v 31.1513 -84.9975 3.2857
v 28.2440 -82.1816 2.1429
v 31.1513 -84.9975 3.2857
v 29.1802 -85.4799 3.2857
v 30.1518 -81.7179 2.1429
v 32.0485 -81.2239 2.1429
v 33.1108 -84.4838 3.2857
v 30.1518 -81.7179 2.1429
v 33.1108 -84.4838 3.2857
v 31.1513 -84.9975 3.2857
v 32.0485 -81.2239 2.1429
v 33.9333 -80.7000 2.1429
v 35.0582 -83.9388 3.2857
v 32.0485 -81.2239 2.1429
v 35.0582 -83.9388 3.2857
v 33.1108 -84.4838 3.2857
v 33.9333 -80.7000 2.1429
v 35.8056 -80.1462 2.1429
v 36.9925 -83.3627 3.2857
v 33.9333 -80.7000 2.1429
v 36.9925 -83.3627 3.2857
v 35.0582 -83.9388 3.2857
v 35.8056 -80.1462 2.1429
v 37.6646 -79.5627 2.1429
v 38.9132 -82.7559 3.2857
v 35.8056 -80.1462 2.1429
v 38.9132 -82.7559 3.2857
v 36.9925 -83.3627 3.2857
v 37.6646 -79.5627 2.1429
v 39.5097 -78.9499 2.1429
v 40.8194 -82.1184 3.2857
v 37.6646 -79.5627 2.1429
v 40.8194 -82.1184 3.2857
v 38.9132 -82.7559 3.2857
v 39.5097 -78.9499 2.1429
v 41.3402 -78.3078 2.1429
v 42.7106 -81.4506 3.2857
v 39.5097 -78.9499 2.1429
v 42.7106 -81.4506 3.2857
v 40.8194 -82.1184 3.2857
v 41.3402 -78.3078 2.1429
v 43.1555 -77.6368 2.1429
v 44.5860 -80.7527 3.2857
v 41.3402 -78.3078 2.1429
v 44.5860 -80.7527 3.2857
v 42.7106 -81.4506 3.2857
v 43.1555 -77.6368 2.1429
v 44.9547 -76.9371 2.1429
v 46.4449 -80.0249 3.2857
v 43.1555 -77.6368 2.1429
v 46.4449 -80.0249 3.2857
v 44.5860 -80.7527 3.2857
v 44.9547 -76.9371 2.1429
v 46.7374 -76.2090 2.1429
v 48.2867 -79.2675 3.2857
v 44.9547 -76.9371 2.1429
v 48.2867 -79.2675 3.2857
v 46.4449 -80.0249 3.2857
v 46.7374 -76.2090 2.1429
v 48.5027 -75.4527 2.1429
v 50.1106 -78.4809 3.2857
v 46.7374 -76.2090 2.1429
v 50.1106 -78.4809 3.2857
v 48.2867 -79.2675 3.2857
v 48.5027 -75.4527 2.1429
v 50.2502 -74.6685 2.1429
v 51.9159 -77.6652 3.2857
v 48.5027 -75.4527 2.1429
v 51.9159 -77.6652 3.2857
v 50.1106 -78.4809 3.2857
v 50.2502 -74.6685 2.1429
v 51.9790 -73.8566 2.1429
v 53.7021 -76.8208 3.2857
v 50.2502 -74.6685 2.1429
v 53.7021 -76.8208 3.2857
v 51.9159 -77.6652 3.2857
v 51.9790 -73.8566 2.1429
v 53.6887 -73.0175 2.1429
v 55.4684 -75.9480 3.2857
v 51.9790 -73.8566 2.1429
v 55.4684 -75.9480 3.2857
v 53.7021 -76.8208 3.2857
v 53.6887 -73.0175 2.1429
v 55.3785 -72.1514 2.1429
v 57.2142 -75.0471 3.2857
v 53.6887 -73.0175 2.1429
v 57.2142 -75.0471 3.2857
v 55.4684 -75.9480 3.2857
v 55.3785 -72.1514 2.1429
v 57.0478 -71.2586 2.1429
v 58.9389 -74.1185 3.2857
v 55.3785 -72.1514 2.1429
v 58.9389 -74.1185 3.2857
v 57.2142 -75.0471 3.2857
v 57.0478 -71.2586 2.1429
v 58.6960 -70.3394 2.1429
v 60.6417 -73.1624 3.2857
v 57.0478 -71.2586 2.1429
v 60.6417 -73.1624 3.2857
v 58.9389 -74.1185 3.2857
v 58.6960 -70.3394 2.1429
v 60.3225 -69.3943 2.1429
v 62.3222 -72.1794 3.2857
v 58.6960 -70.3394 2.1429
v 62.3222 -72.1794 3.2857
v 60.6417 -73.1624 3.2857
v 60.3225 -69.3943 2.1429
v 61.9268 -68.4235 2.1429
v 63.9796 -71.1696 3.2857
v 60.3225 -69.3943 2.1429
v 63.9796 -71.1696 3.2857
v 62.3222 -72.1794 3.2857
v 61.9268 -68.4235 2.1429
v 63.5081 -67.4274 2.1429
v 65.6133 -70.1335 3.2857
v 61.9268 -68.4235 2.1429
v 65.6133 -70.1335 3.2857
v 63.9796 -71.1696 3.2857
v 63.5081 -67.4274 2.1429
v 65.0659 -66.4064 2.1429
v 67.2228 -69.0715 3.2857
v 63.5081 -67.4274 2.1429
v 67.2228 -69.0715 3.2857
v 65.6133 -70.1335 3.2857
v 65.0659 -66.4064 2.1429
v 66.5997 -65.3608 2.1429
v 68.8074 -67.9840 3.2857
v 65.0659 -66.4064 2.1429
v 68.8074 -67.9840 3.2857
v 67.2228 -69.0715 3.2857
v 66.5997 -65.3608 2.1429
v 68.1089 -64.2910 2.1429
v 70.3666 -66.8713 3.2857
v 66.5997 -65.3608 2.1429
v 70.3666 -66.8713 3.2857
v 68.8074 -67.9840 3.2857
v 68.1089 -64.2910 2.1429
v 69.5929 -63.1975 2.1429
v 71.8998 -65.7339 3.2857
v 68.1089 -64.2910 2.1429
v 71.8998 -65.7339 3.2857
v 70.3666 -66.8713 3.2857
v 69.5929 -63.1975 2.1429
v 71.0511 -62.0807 2.1429
v 73.4064 -64.5722 3.2857
v 69.5929 -63.1975 2.1429
v 73.4064 -64.5722 3.2857
v 71.8998 -65.7339 3.2857
v 71.0511 -62.0807 2.1429
v 72.4831 -60.9408 2.1429
v 74.8859 -63.3866 3.2857
v 71.0511 -62.0807 2.1429
v 74.8859 -63.3866 3.2857
v 73.4064 -64.5722 3.2857
v 72.4831 -60.9408 2.1429
v 73.8883 -59.7785 2.1429
v 76.3377 -62.1776 3.2857
v 72.4831 -60.9408 2.1429
v 76.3377 -62.1776 3.2857
v 74.8859 -63.3866 3.2857
v 73.8883 -59.7785 2.1429
v 75.2662 -58.5940 2.1429
v 77.7612 -60.9456 3.2857
v 73.8883 -59.7785 2.1429
v 77.7612 -60.9456 3.2857
v 76.3377 -62.1776 3.2857
v 75.2662 -58.5940 2.1429
v 76.6163 -57.3879 2.1429
v 79.1560 -59.6911 3.2857
v 75.2662 -58.5940 2.1429
v 79.1560 -59.6911 3.2857
v 77.7612 -60.9456 3.2857
v 76.6163 -57.3879 2.1429
v 77.9380 -56.1605 2.1429
v 80.5216 -58.4145 3.2857
v 76.6163 -57.3879 2.1429
v 80.5216 -58.4145 3.2857
v 79.1560 -59.6911 3.2857
v 77.9380 -56.1605 2.1429
v 79.2309 -54.9124 2.1429
v 81.8573 -57.1163 3.2857
v 77.9380 -56.1605 2.1429
v 81.8573 -57.1163 3.2857
v 80.5216 -58.4145 3.2857
v -27.6567 -85.8294 3.2857
v -25.6670 -86.2557 3.2857
v -26.4906 -89.5839 4.4286
v -27.6567 -85.8294 3.2857
v -26.4906 -89.5839 4.4286
v -28.5440 -89.1412 4.4286
v -25.6670 -86.2557 3.2857
v -23.6679 -86.6502 3.2857
v -24.4273 -89.9936 4.4286
v -25.6670 -86.2557 3.2857
v -24.4273 -89.9936 4.4286
v -26.4906 -89.5839 4.4286
v -23.6679 -86.6502 3.2857
v -21.6600 -87.0125 3.2857
v -22.3550 -90.3699 4.4286
v -23.6679 -86.6502 3.2857
v -22.3550 -90.3699 4.4286
v -24.4273 -89.9936 4.4286
v -21.6600 -87.0125 3.2857
v -19.6441 -87.3428 3.2857
v -20.2744 -90.7129 4.4286
v -21.6600 -87.0125 3.2857
v -20.2744 -90.7129 4.4286
v -22.3550 -90.3699 4.4286
v -19.6441 -87.3428 3.2857
v -17.6209 -87.6407 3.2857
v -18.1863 -91.0223 4.4286
v -19.6441 -87.3428 3.2857
v -18.1863 -91.0223 4.4286
v -20.2744 -90.7129 4.4286
v -17.6209 -87.6407 3.2857
v -15.5913 -87.9062 3.2857
v -16.0915 -91.2981 4.4286
v -17.6209 -87.6407 3.2857
v -16.0915 -91.2981 4.4286
v -18.1863 -91.0223 4.4286
v -15.5913 -87.9062 3.2857
v -13.5558 -88.1392 3.2857
v -13.9908 -91.5401 4.4286
v -15.5913 -87.9062 3.2857
v -13.9908 -91.5401 4.4286
v -16.0915 -91.2981 4.4286
v -13.5558 -88.1392 3.2857
v -11.5154 -88.3397 3.2857
v -11.8848 -91.7483 4.4286
v -13.5558 -88.1392 3.2857
v -11.8848 -91.7483 4.4286
v -13.9908 -91.5401 4.4286
v -11.5154 -88.3397 3.2857
v -9.4707 -88.5075 3.2857
v -9.7745 -91.9225 4.4286
v -11.5154 -88.3397 3.2857
v -9.7745 -91.9225 4.4286
v -11.8848 -91.7483 4.4286
v -9.4707 -88.5075 3.2857
v -7.4224 -88.6425 3.2857
v -7.6606 -92.0628 4.4286
v -9.4707 -88.5075 3.2857
v -7.6606 -92.0628 4.4286
v -9.7745 -91.9225 4.4286
v -7.4224 -88.6425 3.2857
v -5.3715 -88.7448 3.2857
v -5.5438 -92.1690 4.4286
v -7.4224 -88.6425 3.2857
v -5.5438 -92.1690 4.4286
v -7.6606 -92.0628 4.4286
v -5.3715 -88.7448 3.2857
v -3.3186 -88.8143 3.2857
v -3.4250 -92.2412 4.4286
v -5.3715 -88.7448 3.2857
v -3.4250 -92.2412 4.4286
v -5.5438 -92.1690 4.4286
v -3.3186 -88.8143 3.2857
v -1.2644 -88.8509 3.2857
v -1.3050 -92.2793 4.4286
v -3.3186 -88.8143 3.2857
v -1.3050 -92.2793 4.4286
v -3.4250 -92.2412 4.4286
v -1.2644 -88.8509 3.2857
v 0.7903 -88.8547 3.2857
v 0.8156 -92.2832 4.4286
v -1.2644 -88.8509 3.2857
v 0.8156 -92.2832 4.4286
v -1.3050 -92.2793 4.4286
v 0.7903 -88.8547 3.2857
v 2.8446 -88.8257 3.2857
v 2.9359 -92.2530 4.4286
v 0.7903 -88.8547 3.2857
v 2.9359 -92.2530 4.4286
v 0.8156 -92.2832 4.4286
v 2.8446 -88.8257 3.2857
v 4.8979 -88.7638 3.2857
v 5.0550 -92.1887 4.4286
v 2.8446 -88.8257 3.2857
v 5.0550 -92.1887 4.4286
v 2.9359 -92.2530 4.4286
v 4.8979 -88.7638 3.2857
v 6.9494 -88.6690 3.2857
v 7.1723 -92.0903 4.4286
v 4.8979 -88.7638 3.2857
v 7.1723 -92.0903 4.4286
v 5.0550 -92.1887 4.4286
v 6.9494 -88.6690 3.2857
v 8.9983 -88.5415 3.2857
v 9.2870 -91.9579 4.4286
v 6.9494 -88.6690 3.2857
v 9.2870 -91.9579 4.4286
v 7.1723 -92.0903 4.4286
v 8.9983 -88.5415 3.2857
v 11.0439 -88.3813 3.2857
v 11.3982 -91.7915 4.4286
v 8.9983 -88.5415 3.2857
v 11.3982 -91.7915 4.4286
v 9.2870 -91.9579 4.4286
v 11.0439 -88.3813 3.2857
v 13.0854 -88.1884 3.2857
v 13.5052 -91.5912 4.4286
v 11.0439 -88.3813 3.2857
v 13.5052 -91.5912 4.4286
v 11.3982 -91.7915 4.4286
v 13.0854 -88.1884 3.2857
v 15.1220 -87.9629 3.2857
v 15.6072 -91.3569 4.4286
v 13.0854 -88.1884 3.2857
v 15.6072 -91.3569 4.4286
v 13.5052 -91.5912 4.4286
v 15.1220 -87.9629 3.2857
v 17.1531 -87.7048 3.2857
v 17.7035 -91.0890 4.4286
v 15.1220 -87.9629 3.2857
v 17.7035 -91.0890 4.4286
v 15.6072 -91.3569 4.4286
v 17.1531 -87.7048 3.2857
v 19.1778 -87.4144 3.2857
v 19.7932 -90.7873 4.4286
v 17.1531 -87.7048 3.2857
v 19.7932 -90.7873 4.4286
v 17.7035 -91.0890 4.4286
v 19.1778 -87.4144 3.2857
v 21.1955 -87.0916 3.2857
v 21.8755 -90.4521 4.4286
v 19.1778 -87.4144 3.2857
v 21.8755 -90.4521 4.4286
v 19.7932 -90.7873 4.4286
v 21.1955 -87.0916 3.2857
v 23.2053 -86.7366 3.2857
v 23.9498 -90.0834 4.4286
v 21.1955 -87.0916 3.2857
v 23.9498 -90.0834 4.4286
v 21.8755 -90.4521 4.4286
v 23.2053 -86.7366 3.2857
v 25.2065 -86.3496 3.2857
v 26.0153 -89.6814 4.4286
v 23.2053 -86.7366 3.2857
v 26.0153 -89.6814 4.4286
v 23.9498 -90.0834 4.4286
v 25.2065 -86.3496 3.2857
v 27.1984 -85.9306 3.2857
v 28.0711 -89.2463 4.4286
v 25.2065 -86.3496 3.2857
v 28.0711 -89.2463 4.4286
v 26.0153 -89.6814 4.4286
v 27.1984 -85.9306 3.2857
v 29.1802 -85.4799 3.2857
v 30.1165 -88.7781 4.4286
v 27.1984 -85.9306 3.2857
v 30.1165 -88.7781 4.4286
v 28.0711 -89.2463 4.4286
v 29.1802 -85.4799 3.2857
v 31.1513 -84.9975 3.2857
v 32.1508 -88.2772 4.4286
v 29.1802 -85.4799 3.2857
v 32.1508 -88.2772 4.4286
v 30.1165 -88.7781 4.4286
v 31.1513 -84.9975 3.2857
v 33.1108 -84.4838 3.2857
v 34.1732 -87.7436 4.4286
v 31.1513 -84.9975 3.2857
v 34.1732 -87.7436 4.4286
v 32.1508 -88.2772 4.4286
v 33.1108 -84.4838 3.2857
v 35.0582 -83.9388 3.2857
v 36.1830 -87.1776 4.4286
v 33.1108 -84.4838 3.2857
v 36.1830 -87.1776 4.4286
v 34.1732 -87.7436 4.4286
v 35.0582 -83.9388 3.2857
v 36.9925 -83.3627 3.2857
v 38.1794 -86.5793 4.4286
v 35.0582 -83.9388 3.2857
v 38.1794 -86.5793 4.4286
v 36.1830 -87.1776 4.4286
v 36.9925 -83.3627 3.2857
v 38.9132 -82.7559 3.2857
v 40.1617 -85.9490 4.4286
v 36.9925 -83.3627 3.2857
v 40.1617 -85.9490 4.4286
v 38.1794 -86.5793 4.4286
v 38.9132 -82.7559 3.2857
v 40.8194 -82.1184 3.2857
v 42.1292 -85.2870 4.4286
v 38.9132 -82.7559 3.2857
v 42.1292 -85.2870 4.4286
v 40.1617 -85.9490 4.4286
v 40.8194 -82.1184 3.2857
v 42.7106 -81.4506 3.2857
v 44.0810 -84.5934 4.4286
v 40.8194 -82.1184 3.2857
v 44.0810 -84.5934 4.4286
v 42.1292 -85.2870 4.4286
v 42.7106 -81.4506 3.2857
v 44.5860 -80.7527 3.2857
v 46.0166 -83.8685 4.4286
v 42.7106 -81.4506 3.2857
v 46.0166 -83.8685 4.4286
v 44.0810 -84.5934 4.4286
v 44.5860 -80.7527 3.2857
v 46.4449 -80.0249 3.2857
v 47.9351 -83.1127 4.4286
v 44.5860 -80.7527 3.2857
v 47.9351 -83.1127 4.4286
v 46.0166 -83.8685 4.4286
v 46.4449 -80.0249 3.2857
v 48.2867 -79.2675 3.2857
v 49.8360 -82.3261 4.4286
v 46.4449 -80.0249 3.2857
v 49.8360 -82.3261 4.4286
v 47.9351 -83.1127 4.4286
v 48.2867 -79.2675 3.2857
v 50.1106 -78.4809 3.2857
v 51.7184 -81.5091 4.4286
v 48.2867 -79.2675 3.2857
v 51.7184 -81.5091 4.4286
v 49.8360 -82.3261 4.4286
v 50.1106 -78.4809 3.2857
v 51.9159 -77.6652 3.2857
v 53.5817 -80.6619 4.4286
v 50.1106 -78.4809 3.2857
v 53.5817 -80.6619 4.4286
v 51.7184 -81.5091 4.4286
v 51.9159 -77.6652 3.2857
v 53.7021 -76.8208 3.2857
v 55.4252 -79.7849 4.4286
v 51.9159 -77.6652 3.2857
v 55.4252 -79.7849 4.4286
v 53.5817 -80.6619 4.4286
v 53.7021 -76.8208 3.2857
v 55.4684 -75.9480 3.2857
v 57.2481 -78.8784 4.4286
v 53.7021 -76.8208 3.2857
v 57.2481 -78.8784 4.4286
v 55.4252 -79.7849 4.4286
v 55.4684 -75.9480 3.2857
v 57.2142 -75.0471 3.2857
v 59.0500 -77.9428 4.4286
v 55.4684 -75.9480 3.2857
v 59.0500 -77.9428 4.4286
v 57.2481 -78.8784 4.4286
v 57.2142 -75.0471 3.2857
v 58.9389 -74.1185 3.2857
v 60.8300 -76.9783 4.4286
v 57.2142 -75.0471 3.2857
v 60.8300 -76.9783 4.4286
v 59.0500 -77.9428 4.4286
v 58.9389 -74.1185 3.2857
v 60.6417 -73.1624 3.2857
v 62.5875 -75.9854 4.4286
v 58.9389 -74.1185 3.2857
v 62.5875 -75.9854 4.4286
v 60.8300 -76.9783 4.4286
v 60.6417 -73.1624 3.2857
v 62.3222 -72.1794 3.2857
v 64.3218 -74.9644 4.4286
v 60.6417 -73.1624 3.2857
v 64.3218 -74.9644 4.4286
v 62.5875 -75.9854 4.4286
v 62.3222 -72.1794 3.2857
v 63.9796 -71.1696 3.2857
v 66.0324 -73.9157 4.4286
v 62.3222 -72.1794 3.2857
v 66.0324 -73.9157 4.4286
v 64.3218 -74.9644 4.4286
v 63.9796 -71.1696 3.2857
v 65.6133 -70.1335 3.2857
v 67.7186 -72.8396 4.4286
v 63.9796 -71.1696 3.2857
v 67.7186 -72.8396 4.4286
v 66.0324 -73.9157 4.4286
v 65.6133 -70.1335 3.2857
v 67.2228 -69.0715 3.2857
v 69.3797 -71.7366 4.4286
v 65.6133 -70.1335 3.2857
v 69.3797 -71.7366 4.4286
v 67.7186 -72.8396 4.4286
v 67.2228 -69.0715 3.2857
v 68.8074 -67.9840 3.2857
v 71.0152 -70.6071 4.4286
v 67.2228 -69.0715 3.2857
v 71.0152 -70.6071 4.4286
v 69.3797 -71.7366 4.4286
v 68.8074 -67.9840 3.2857
v 70.3666 -66.8713 3.2857
v 72.6244 -69.4515 4.4286
v 68.8074 -67.9840 3.2857
v 72.6244 -69.4515 4.4286
v 71.0152 -70.6071 4.4286
v 70.3666 -66.8713 3.2857
v 71.8998 -65.7339 3.2857
v 74.2068 -68.2702 4.4286
v 70.3666 -66.8713 3.2857
v 74.2068 -68.2702 4.4286
v 72.6244 -69.4515 4.4286
v 71.8998 -65.7339 3.2857
v 73.4064 -64.5722 3.2857
v 75.7617 -67.0637 4.4286
v 71.8998 -65.7339 3.2857
v 75.7617 -67.0637 4.4286
v 74.2068 -68.2702 4.4286
v 73.4064 -64.5722 3.2857
v 74.8859 -63.3866 3.2857
v 77.2886 -65.8324 4.4286
v 73.4064 -64.5722 3.2857
v 77.2886 -65.8324 4.4286
v 75.7617 -67.0637 4.4286
v 74.8859 -63.3866 3.2857
v 76.3377 -62.1776 3.2857
v 78.7870 -64.5767 4.4286
v 74.8859 -63.3866 3.2857
v 78.7870 -64.5767 4.4286
v 77.2886 -65.8324 4.4286
v 76.3377 -62.1776 3.2857
v 77.7612 -60.9456 3.2857
v 80.2562 -63.2972 4.4286
v 76.3377 -62.1776 3.2857
v 80.2562 -63.2972 4.4286
v 78.7870 -64.5767 4.4286
v 77.7612 -60.9456 3.2857
v 79.1560 -59.6911 3.2857
v 81.6958 -61.9943 4.4286
v 77.7612 -60.9456 3.2857
v 81.6958 -61.9943 4.4286
v 80.2562 -63.2972 4.4286
v 79.1560 -59.6911 3.2857
v 80.5216 -58.4145 3.2857
v 83.1051 -60.6684 4.4286
v 79.1560 -59.6911 3.2857
v 83.1051 -60.6684 4.4286
v 81.6958 -61.9943 4.4286
v 80.5216 -58.4145 3.2857
v 81.8573 -57.1163 3.2857
v 84.4838 -59.3201 4.4286
v 80.5216 -58.4145 3.2857
v 84.4838 -59.3201 4.4286
v 83.1051 -60.6684 4.4286
v -28.5440 -89.1412 4.4286
v -26.4906 -89.5839 4.4286
v -27.3141 -92.9121 5.5714
v -28.5440 -89.1412 4.4286
v -27.3141 -92.9121 5.5714
v -29.4314 -92.4529 5.5714
v -26.4906 -89.5839 4.4286
v -24.4273 -89.9936 4.4286
v -25.1867 -93.3370 5.5714
v -26.4906 -89.5839 4.4286
v -25.1867 -93.3370 5.5714
v -27.3141 -92.9121 5.5714
v -24.4273 -89.9936 4.4286
v -22.3550 -90.3699 4.4286
v -23.0499 -93.7273 5.5714
v -24.4273 -89.9936 4.4286
v -23.0499 -93.7273 5.5714
v -25.1867 -93.3370 5.5714
v -22.3550 -90.3699 4.4286
v -20.2744 -90.7129 4.4286
v -20.9047 -94.0830 5.5714
v -22.3550 -90.3699 4.4286
v -20.9047 -94.0830 5.5714
v -23.0499 -93.7273 5.5714
v -20.2744 -90.7129 4.4286
v -18.1863 -91.0223 4.4286
v -18.7517 -94.4040 5.5714
v -20.2744 -90.7129 4.4286
v -18.7517 -94.4040 5.5714
v -20.9047 -94.0830 5.5714
v -18.1863 -91.0223 4.4286
v -16.0915 -91.2981 4.4286
v -16.5918 -94.6900 5.5714
v -18.1863 -91.0223 4.4286
v -16.5918 -94.6900 5.5714
v -18.7517 -94.4040 5.5714
v -16.0915 -91.2981 4.4286
v -13.9908 -91.5401 4.4286
v -14.4257 -94.9410 5.5714
v -16.0915 -91.2981 4.4286
v -14.4257 -94.9410 5.5714
v -16.5918 -94.6900 5.5714
v -13.9908 -91.5401 4.4286
v -11.8848 -91.7483 4.4286
v -12.2543 -95.1569 5.5714
v -13.9908 -91.5401 4.4286
v -12.2543 -95.1569 5.5714
v -14.4257 -94.9410 5.5714
v -11.8848 -91.7483 4.4286
v -9.7745 -91.9225 4.4286
v -10.0784 -95.3376 5.5714
v -11.8848 -91.7483 4.4286
v -10.0784 -95.3376 5.5714
v -12.2543 -95.1569 5.5714
v -9.7745 -91.9225 4.4286
v -7.6606 -92.0628 4.4286
v -7.8988 -95.4831 5.5714
v -9.7745 -91.9225 4.4286
v -7.8988 -95.4831 5.5714
v -10.0784 -95.3376 5.5714
v -7.6606 -92.0628 4.4286
v -5.5438 -92.1690 4.4286
v -5.7162 -95.5933 5.5714
v -7.6606 -92.0628 4.4286
v -5.7162 -95.5933 5.5714
v -7.8988 -95.4831 5.5714
v -5.5438 -92.1690 4.4286
v -3.4250 -92.2412 4.4286
v -3.5315 -95.6681 5.5714
v -5.5438 -92.1690 4.4286
v -3.5315 -95.6681 5.5714
v -5.7162 -95.5933 5.5714
v -3.4250 -92.2412 4.4286
v -1.3050 -92.2793 4.4286
v -1.3455 -95.7076 5.5714
v -3.4250 -92.2412 4.4286
v -1.3455 -95.7076 5.5714
v -3.5315 -95.6681 5.5714
v -1.3050 -92.2793 4.4286
v 0.8156 -92.2832 4.4286
v 0.8410 -95.7117 5.5714
v -1.3050 -92.2793 4.4286
v 0.8410 -95.7117 5.5714
v -1.3455 -95.7076 5.5714
v 0.8156 -92.2832 4.4286
v 2.9359 -92.2530 4.4286
v 3.0271 -95.6804 5.5714
v 0.8156 -92.2832 4.4286
v 3.0271 -95.6804 5.5714
v 0.8410 -95.7117 5.5714
v 2.9359 -92.2530 4.4286
v 5.0550 -92.1887 4.4286
v 5.2122 -95.6137 5.5714
v 2.9359 -92.2530 4.4286
v 5.2122 -95.6137 5.5714
v 3.0271 -95.6804 5.5714
v 5.0550 -92.1887 4.4286
v 7.1723 -92.0903 4.4286
v 7.3953 -95.5117 5.5714
v 5.0550 -92.1887 4.4286
v 7.3953 -95.5117 5.5714
v 5.2122 -95.6137 5.5714
v 7.1723 -92.0903 4.4286
v 9.2870 -91.9579 4.4286
v 9.5757 -95.3743 5.5714
v 7.1723 -92.0903 4.4286
v 9.5757 -95.3743 5.5714
v 7.3953 -95.5117 5.5714
v 9.2870 -91.9579 4.4286
v 11.3982 -91.7915 4.4286
v 11.7526 -95.2017 5.5714
v 9.2870 -91.9579 4.4286
v 11.7526 -95.2017 5.5714
v 9.5757 -95.3743 5.5714
v 11.3982 -91.7915 4.4286
v 13.5052 -91.5912 4.4286
v 13.9251 -94.9939 5.5714
v 11.3982 -91.7915 4.4286
v 13.9251 -94.9939 5.5714
v 11.7526 -95.2017 5.5714
v 13.5052 -91.5912 4.4286
v 15.6072 -91.3569 4.4286
v 16.0924 -94.7510 5.5714
v 13.5052 -91.5912 4.4286
v 16.0924 -94.7510 5.5714
v 13.9251 -94.9939 5.5714
v 15.6072 -91.3569 4.4286
v 17.7035 -91.0890 4.4286
v 18.2538 -94.4731 5.5714
v 15.6072 -91.3569 4.4286
v 18.2538 -94.4731 5.5714
v 16.0924 -94.7510 5.5714
v 17.7035 -91.0890 4.4286
v 19.7932 -90.7873 4.4286
v 20.4085 -94.1602 5.5714
v 17.7035 -91.0890 4.4286
v 20.4085 -94.1602 5.5714
v 18.2538 -94.4731 5.5714
v 19.7932 -90.7873 4.4286
v 21.8755 -90.4521 4.4286
v 22.5556 -93.8125 5.5714
v 19.7932 -90.7873 4.4286
v 22.5556 -93.8125 5.5714
v 20.4085 -94.1602 5.5714
v 21.8755 -90.4521 4.4286
v 23.9498 -90.0834 4.4286
v 24.6944 -93.4301 5.5714
v 21.8755 -90.4521 4.4286
v 24.6944 -93.4301 5.5714
v 22.5556 -93.8125 5.5714
v 23.9498 -90.0834 4.4286
v 26.0153 -89.6814 4.4286
v 26.8240 -93.0132 5.5714
v 23.9498 -90.0834 4.4286
v 26.8240 -93.0132 5.5714
v 24.6944 -93.4301 5.5714
v 26.0153 -89.6814 4.4286
v 28.0711 -89.2463 4.4286
v 28.9437 -92.5619 5.5714
v 26.0153 -89.6814 4.4286
v 28.9437 -92.5619 5.5714
v 26.8240 -93.0132 5.5714
v 28.0711 -89.2463 4.4286
v 30.1165 -88.7781 4.4286
v 31.0528 -92.0764 5.5714
v 28.0711 -89.2463 4.4286
v 31.0528 -92.0764 5.5714
v 28.9437 -92.5619 5.5714
v 30.1165 -88.7781 4.4286
v 32.1508 -88.2772 4.4286
v 33.1503 -91.5568 5.5714
v 30.1165 -88.7781 4.4286
v 33.1503 -91.5568 5.5714
v 31.0528 -92.0764 5.5714
v 32.1508 -88.2772 4.4286
v 34.1732 -87.7436 4.4286
v 35.2356 -91.0034 5.5714
v 32.1508 -88.2772 4.4286
v 35.2356 -91.0034 5.5714
v 33.1503 -91.5568 5.5714
v 34.1732 -87.7436 4.4286
v 36.1830 -87.1776 4.4286
v 37.3079 -90.4164 5.5714
v 34.1732 -87.7436 4.4286
v 37.3079 -90.4164 5.5714
v 35.2356 -91.0034 5.5714
v 36.1830 -87.1776 4.4286
v 38.1794 -86.5793 4.4286
v 39.3663 -89.7959 5.5714
v 36.1830 -87.1776 4.4286
v 39.3663 -89.7959 5.5714
v 37.3079 -90.4164 5.5714
v 38.1794 -86.5793 4.4286
v 40.1617 -85.9490 4.4286
v 41.4103 -89.1422 5.5714
v 38.1794 -86.5793 4.4286
v 41.4103 -89.1422 5.5714
v 39.3663 -89.7959 5.5714
v 40.1617 -85.9490 4.4286
v 42.1292 -85.2870 4.4286
v 43.4389 -88.4555 5.5714
v 40.1617 -85.9490 4.4286
v 43.4389 -88.4555 5.5714
v 41.4103 -89.1422 5.5714
v 42.1292 -85.2870 4.4286
v 44.0810 -84.5934 4.4286
v 45.4514 -87.7362 5.5714
v 42.1292 -85.2870 4.4286
v 45.4514 -87.7362 5.5714
v 43.4389 -88.4555 5.5714
v 44.0810 -84.5934 4.4286
v 46.0166 -83.8685 4.4286
v 47.4472 -86.9844 5.5714
v 44.0810 -84.5934 4.4286
v 47.4472 -86.9844 5.5714
v 45.4514 -87.7362 5.5714
v 46.0166 -83.8685 4.4286
v 47.9351 -83.1127 4.4286
v 49.4254 -86.2005 5.5714
v 46.0166 -83.8685 4.4286
v 49.4254 -86.2005 5.5714
v 47.4472 -86.9844 5.5714
v 47.9351 -83.1127 4.4286
v 49.8360 -82.3261 4.4286
v 51.3853 -85.3846 5.5714
v 47.9351 -83.1127 4.4286
v 51.3853 -85.3846 5.5714
v 49.4254 -86.2005 5.5714
v 49.8360 -82.3261 4.4286
v 51.7184 -81.5091 4.4286
v 53.3262 -84.5373 5.5714
v 49.8360 -82.3261 4.4286
v 53.3262 -84.5373 5.5714
v 51.3853 -85.3846 5.5714
v 51.7184 -81.5091 4.4286
v 53.5817 -80.6619 4.4286
v 55.2474 -83.6586 5.5714
v 51.7184 -81.5091 4.4286
v 55.2474 -83.6586 5.5714
v 53.3262 -84.5373 5.5714
v 53.5817 -80.6619 4.4286
v 55.4252 -79.7849 4.4286
v 57.1482 -82.7491 5.5714
v 53.5817 -80.6619 4.4286
v 57.1482 -82.7491 5.5714
v 55.2474 -83.6586 5.5714
v 55.4252 -79.7849 4.4286
v 57.2481 -78.8784 4.4286
v 59.0279 -81.8089 5.5714
v 55.4252 -79.7849 4.4286
v 59.0279 -81.8089 5.5714
v 57.1482 -82.7491 5.5714
v 57.2481 -78.8784 4.4286
v 59.0500 -77.9428 4.4286
v 60.8857 -80.8385 5.5714
v 57.2481 -78.8784 4.4286
v 60.8857 -80.8385 5.5714
v 59.0279 -81.8089 5.5714
v 59.0500 -77.9428 4.4286
v 60.8300 -76.9783 4.4286
v 62.7210 -79.8382 5.5714
v 59.0500 -77.9428 4.4286
v 62.7210 -79.8382 5.5714
v 60.8857 -80.8385 5.5714
v 60.8300 -76.9783 4.4286
v 62.5875 -75.9854 4.4286
v 64.5332 -78.8084 5.5714
v 60.8300 -76.9783 4.4286
v 64.5332 -78.8084 5.5714
v 62.7210 -79.8382 5.5714
v 62.5875 -75.9854 4.4286
v 64.3218 -74.9644 4.4286
v 66.3215 -77.7495 5.5714
v 62.5875 -75.9854 4.4286
v 66.3215 -77.7495 5.5714
v 64.5332 -78.8084 5.5714
v 64.3218 -74.9644 4.4286
v 66.0324 -73.9157 4.4286
v 68.0852 -76.6618 5.5714
v 64.3218 -74.9644 4.4286
v 68.0852 -76.6618 5.5714
v 66.3215 -77.7495 5.5714
v 66.0324 -73.9157 4.4286
v 67.7186 -72.8396 4.4286
v 69.8238 -75.5457 5.5714
v 66.0324 -73.9157 4.4286
v 69.8238 -75.5457 5.5714
v 68.0852 -76.6618 5.5714
v 67.7186 -72.8396 4.4286
v 69.3797 -71.7366 4.4286
v 71.5366 -74.4018 5.5714
v 67.7186 -72.8396 4.4286
v 71.5366 -74.4018 5.5714
v 69.8238 -75.5457 5.5714
v 69.3797 -71.7366 4.4286
v 71.0152 -70.6071 4.4286
v 73.2229 -73.2303 5.5714
v 69.3797 -71.7366 4.4286
v 73.2229 -73.2303 5.5714
v 71.5366 -74.4018 5.5714
v 71.0152 -70.6071 4.4286
v 72.6244 -69.4515 4.4286
v 74.8822 -72.0318 5.5714
v 71.0152 -70.6071 4.4286
v 74.8822 -72.0318 5.5714
v 73.2229 -73.2303 5.5714
v 72.6244 -69.4515 4.4286
v 74.2068 -68.2702 4.4286
v 76.5137 -70.8066 5.5714
v 72.6244 -69.4515 4.4286
v 76.5137 -70.8066 5.5714
v 74.8822 -72.0318 5.5714
v 74.2068 -68.2702 4.4286
v 75.7617 -67.0637 4.4286
v 78.1170 -69.5552 5.5714
v 74.2068 -68.2702 4.4286
v 78.1170 -69.5552 5.5714
v 76.5137 -70.8066 5.5714
v 75.7617 -67.0637 4.4286
v 77.2886 -65.8324 4.4286
v 79.6914 -68.2782 5.5714
v 75.7617 -67.0637 4.4286
v 79.6914 -68.2782 5.5714
v 78.1170 -69.5552 5.5714
v 77.2886 -65.8324 4.4286
v 78.7870 -64.5767 4.4286
v 81.2363 -66.9759 5.5714
v 77.2886 -65.8324 4.4286
v 81.2363 -66.9759 5.5714
v 79.6914 -68.2782 5.5714
v 78.7870 -64.5767 4.4286
v 80.2562 -63.2972 4.4286
v 82.7512 -65.6488 5.5714
v 78.7870 -64.5767 4.4286
v 82.7512 -65.6488 5.5714
v 81.2363 -66.9759 5.5714
v 80.2562 -63.2972 4.4286
v 81.6958 -61.9943 4.4286
v 84.2355 -64.2975 5.5714
v 80.2562 -63.2972 4.4286
v 84.2355 -64.2975 5.5714
v 82.7512 -65.6488 5.5714
v 81.6958 -61.9943 4.4286
v 83.1051 -60.6684 4.4286
v 85.6887 -62.9223 5.5714
v 81.6958 -61.9943 4.4286
v 85.6887 -62.9223 5.5714
v 84.2355 -64.2975 5.5714
v 83.1051 -60.6684 4.4286
v 84.4838 -59.3201 4.4286
v 87.1102 -61.5240 5.5714
v 83.1051 -60.6684 4.4286
v 87.1102 -61.5240 5.5714
v 85.6887 -62.9223 5.5714
v -29.4314 -92.4529 5.5714
v -27.3141 -92.9121 5.5714
v -28.1376 -96.2403 6.7143
v -29.4314 -92.4529 5.5714
v -28.1376 -96.2403 6.7143
v -30.3188 -95.7646 6.7143
v -27.3141 -92.9121 5.5714
v -25.1867 -93.3370 5.5714
v -25.9461 -96.6804 6.7143
v -27.3141 -92.9121 5.5714
v -25.9461 -96.6804 6.7143
v -28.1376 -96.2403 6.7143
v -25.1867 -93.3370 5.5714
v -23.0499 -93.7273 5.5714
v -23.7449 -97.0847 6.7143
v -25.1867 -93.3370 5.5714
v -23.7449 -97.0847 6.7143
v -25.9461 -96.6804 6.7143
v -23.0499 -93.7273 5.5714
v -20.9047 -94.0830 5.5714
v -21.5350 -97.4532 6.7143
v -23.0499 -93.7273 5.5714
v -21.5350 -97.4532 6.7143
v -23.7449 -97.0847 6.7143
v -20.9047 -94.0830 5.5714
v -18.7517 -94.4040 5.5714
v -19.3171 -97.7856 6.7143
v -20.9047 -94.0830 5.5714
v -19.3171 -97.7856 6.7143
v -21.5350 -97.4532 6.7143
v -18.7517 -94.4040 5.5714
v -16.5918 -94.6900 5.5714
v -17.0920 -98.0819 6.7143
v -18.7517 -94.4040 5.5714
v -17.0920 -98.0819 6.7143
v -19.3171 -97.7856 6.7143
v -16.5918 -94.6900 5.5714
v -14.4257 -94.9410 5.5714
v -14.8607 -98.3419 6.7143
v -16.5918 -94.6900 5.5714
v -14.8607 -98.3419 6.7143
v -17.0920 -98.0819 6.7143
v -14.4257 -94.9410 5.5714
v -12.2543 -95.1569 5.5714
v -12.6238 -98.5655 6.7143
v -14.4257 -94.9410 5.5714
v -12.6238 -98.5655 6.7143
v -14.8607 -98.3419 6.7143
v -12.2543 -95.1569 5.5714
v -10.0784 -95.3376 5.5714
v -10.3823 -98.7527 6.7143
v -12.2543 -95.1569 5.5714
v -10.3823 -98.7527 6.7143
v -12.6238 -98.5655 6.7143
v -10.0784 -95.3376 5.5714
v -7.8988 -95.4831 5.5714
v -8.1369 -98.9034 6.7143
v -10.0784 -95.3376 5.5714
v -8.1369 -98.9034 6.7143
v -10.3823 -98.7527 6.7143
v -7.8988 -95.4831 5.5714
v -5.7162 -95.5933 5.5714
v -5.8885 -99.0175 6.7143
v -7.8988 -95.4831 5.5714
v -5.8885 -99.0175 6.7143
v -8.1369 -98.9034 6.7143
v -5.7162 -95.5933 5.5714
v -3.5315 -95.6681 5.5714
v -3.6380 -99.0950 6.7143
v -5.7162 -95.5933 5.5714
v -3.6380 -99.0950 6.7143
v -5.8885 -99.0175 6.7143
v -3.5315 -95.6681 5.5714
v -1.3455 -95.7076 5.5714
v -1.3861 -99.1359 6.7143
v -3.5315 -95.6681 5.5714
v -1.3861 -99.1359 6.7143
v -3.6380 -99.0950 6.7143
v -1.3455 -95.7076 5.5714
v 0.8410 -95.7117 5.5714
v 0.8663 -99.1401 6.7143
v -1.3455 -95.7076 5.5714
v 0.8663 -99.1401 6.7143
v -1.3861 -99.1359 6.7143
v 0.8410 -95.7117 5.5714
v 3.0271 -95.6804 5.5714
v 3.1184 -99.1077 6.7143
v 0.8410 -95.7117 5.5714
v 3.1184 -99.1077 6.7143
v 0.8663 -99.1401 6.7143
v 3.0271 -95.6804 5.5714
v 5.2122 -95.6137 5.5714
v 5.3693 -99.0387 6.7143
v 3.0271 -95.6804 5.5714
v 5.3693 -99.0387 6.7143
v 3.1184 -99.1077 6.7143
v 5.2122 -95.6137 5.5714
v 7.3953 -95.5117 5.5714
v 7.6183 -98.9330 6.7143
v 5.2122 -95.6137 5.5714
v 7.6183 -98.9330 6.7143
v 5.3693 -99.0387 6.7143
v 7.3953 -95.5117 5.5714
v 9.5757 -95.3743 5.5714
v 9.8644 -98.7907 6.7143
v 7.3953 -95.5117 5.5714
v 9.8644 -98.7907 6.7143
v 7.6183 -98.9330 6.7143
v 9.5757 -95.3743 5.5714
v 11.7526 -95.2017 5.5714
v 12.1069 -98.6119 6.7143
v 9.5757 -95.3743 5.5714
v 12.1069 -98.6119 6.7143
v 9.8644 -98.7907 6.7143
v 11.7526 -95.2017 5.5714
v 13.9251 -94.9939 5.5714
v 14.3449 -98.3967 6.7143
v 11.7526 -95.2017 5.5714
v 14.3449 -98.3967 6.7143
v 12.1069 -98.6119 6.7143
v 13.9251 -94.9939 5.5714
v 16.0924 -94.7510 5.5714
v 16.5776 -98.1451 6.7143
v 13.9251 -94.9939 5.5714
v 16.5776 -98.1451 6.7143
v 14.3449 -98.3967 6.7143
v 16.0924 -94.7510 5.5714
v 18.2538 -94.4731 5.5714
v 18.8042 -97.8572 6.7143
v 16.0924 -94.7510 5.5714
v 18.8042 -97.8572 6.7143
v 16.5776 -98.1451 6.7143
v 18.2538 -94.4731 5.5714
v 20.4085 -94.1602 5.5714
v 21.0238 -97.5331 6.7143
v 18.2538 -94.4731 5.5714
v 21.0238 -97.5331 6.7143
v 18.8042 -97.8572 6.7143
v 20.4085 -94.1602 5.5714
v 22.5556 -93.8125 5.5714
v 23.2357 -97.1729 6.7143
v 20.4085 -94.1602 5.5714
v 23.2357 -97.1729 6.7143
v 21.0238 -97.5331 6.7143
v 22.5556 -93.8125 5.5714
v 24.6944 -93.4301 5.5714
v 25.4389 -96.7769 6.7143
v 22.5556 -93.8125 5.5714
v 25.4389 -96.7769 6.7143
v 23.2357 -97.1729 6.7143
v 24.6944 -93.4301 5.5714
v 26.8240 -93.0132 5.5714
v 27.6328 -96.3450 6.7143
v 24.6944 -93.4301 5.5714
v 27.6328 -96.3450 6.7143
v 25.4389 -96.7769 6.7143
v 26.8240 -93.0132 5.5714
v 28.9437 -92.5619 5.5714
v 29.8164 -95.8776 6.7143
v 26.8240 -93.0132 5.5714
v 29.8164 -95.8776 6.7143
v 27.6328 -96.3450 6.7143
v 28.9437 -92.5619 5.5714
v 31.0528 -92.0764 5.5714
v 31.9890 -95.3746 6.7143
v 28.9437 -92.5619 5.5714
v 31.9890 -95.3746 6.7143
v 29.8164 -95.8776 6.7143
v 31.0528 -92.0764 5.5714
v 33.1503 -91.5568 5.5714
v 34.1498 -94.8365 6.7143
v 31.0528 -92.0764 5.5714
v 34.1498 -94.8365 6.7143
v 31.9890 -95.3746 6.7143
v 33.1503 -91.5568 5.5714
v 35.2356 -91.0034 5.5714
v 36.2980 -94.2632 6.7143
v 33.1503 -91.5568 5.5714
v 36.2980 -94.2632 6.7143
v 34.1498 -94.8365 6.7143
v 35.2356 -91.0034 5.5714
v 37.3079 -90.4164 5.5714
v 38.4327 -93.6551 6.7143
v 35.2356 -91.0034 5.5714
v 38.4327 -93.6551 6.7143
v 36.2980 -94.2632 6.7143
v 37.3079 -90.4164 5.5714
v 39.3663 -89.7959 5.5714
v 40.5533 -93.0124 6.7143
v 37.3079 -90.4164 5.5714
v 40.5533 -93.0124 6.7143
v 38.4327 -93.6551 6.7143
v 39.3663 -89.7959 5.5714
v 41.4103 -89.1422 5.5714
v 42.6588 -92.3353 6.7143
v 39.3663 -89.7959 5.5714
v 42.6588 -92.3353 6.7143
v 40.5533 -93.0124 6.7143
v 41.4103 -89.1422 5.5714
v 43.4389 -88.4555 5.5714
v 44.7486 -91.6241 6.7143
v 41.4103 -89.1422 5.5714
v 44.7486 -91.6241 6.7143
v 42.6588 -92.3353 6.7143
v 43.4389 -88.4555 5.5714
v 45.4514 -87.7362 5.5714
v 46.8218 -90.8790 6.7143
v 43.4389 -88.4555 5.5714
v 46.8218 -90.8790 6.7143
v 44.7486 -91.6241 6.7143
v 45.4514 -87.7362 5.5714
v 47.4472 -86.9844 5.5714
v 48.8777 -90.1003 6.7143
v 45.4514 -87.7362 5.5714
v 48.8777 -90.1003 6.7143
v 46.8218 -90.8790 6.7143
v 47.4472 -86.9844 5.5714
v 49.4254 -86.2005 5.5714
v 50.9156 -89.2882 6.7143
v 47.4472 -86.9844 5.5714
v 50.9156 -89.2882 6.7143
v 48.8777 -90.1003 6.7143
v 49.4254 -86.2005 5.5714
v 51.3853 -85.3846 5.5714
v 52.9346 -88.4432 6.7143
v 49.4254 -86.2005 5.5714
v 52.9346 -88.4432 6.7143
v 50.9156 -89.2882 6.7143
v 51.3853 -85.3846 5.5714
v 53.3262 -84.5373 5.5714
v 54.9340 -87.5655 6.7143
v 51.3853 -85.3846 5.5714
v 54.9340 -87.5655 6.7143
v 52.9346 -88.4432 6.7143
v 53.3262 -84.5373 5.5714
v 55.2474 -83.6586 5.5714
v 56.9132 -86.6554 6.7143
v 53.3262 -84.5373 5.5714
v 56.9132 -86.6554 6.7143
v 54.9340 -87.5655 6.7143
v 55.2474 -83.6586 5.5714
v 57.1482 -82.7491 5.5714
v 58.8713 -85.7132 6.7143
v 55.2474 -83.6586 5.5714
v 58.8713 -85.7132 6.7143
v 56.9132 -86.6554 6.7143
v 57.1482 -82.7491 5.5714
v 59.0279 -81.8089 5.5714
v 60.8076 -84.7394 6.7143
v 57.1482 -82.7491 5.5714
v 60.8076 -84.7394 6.7143
v 58.8713 -85.7132 6.7143
v 59.0279 -81.8089 5.5714
v 60.8857 -80.8385 5.5714
v 62.7215 -83.7342 6.7143
v 59.0279 -81.8089 5.5714
v 62.7215 -83.7342 6.7143
v 60.8076 -84.7394 6.7143
v 60.8857 -80.8385 5.5714
v 62.7210 -79.8382 5.5714
v 64.6121 -82.6981 6.7143
v 60.8857 -80.8385 5.5714
v 64.6121 -82.6981 6.7143
v 62.7215 -83.7342 6.7143
v 62.7210 -79.8382 5.5714
v 64.5332 -78.8084 5.5714
v 66.4789 -81.6314 6.7143
v 62.7210 -79.8382 5.5714
v 66.4789 -81.6314 6.7143
v 64.6121 -82.6981 6.7143
v 64.5332 -78.8084 5.5714
v 66.3215 -77.7495 5.5714
v 68.3211 -80.5345 6.7143
v 64.5332 -78.8084 5.5714
v 68.3211 -80.5345 6.7143
v 66.4789 -81.6314 6.7143
v 66.3215 -77.7495 5.5714
v 68.0852 -76.6618 5.5714
v 70.1380 -79.4079 6.7143
v 66.3215 -77.7495 5.5714
v 70.1380 -79.4079 6.7143
v 68.3211 -80.5345 6.7143
v 68.0852 -76.6618 5.5714
v 69.8238 -75.5457 5.5714
v 71.9290 -78.2519 6.7143
v 68.0852 -76.6618 5.5714
v 71.9290 -78.2519 6.7143
v 70.1380 -79.4079 6.7143
v 69.8238 -75.5457 5.5714
v 71.5366 -74.4018 5.5714
v 73.6935 -77.0669 6.7143
v 69.8238 -75.5457 5.5714
v 73.6935 -77.0669 6.7143
v 71.9290 -78.2519 6.7143
v 71.5366 -74.4018 5.5714
v 73.2229 -73.2303 5.5714
v 75.4306 -75.8535 6.7143
v 71.5366 -74.4018 5.5714
v 75.4306 -75.8535 6.7143
v 73.6935 -77.0669 6.7143
v 73.2229 -73.2303 5.5714
v 74.8822 -72.0318 5.5714
v 77.1399 -74.6120 6.7143
v 73.2229 -73.2303 5.5714
v 77.1399 -74.6120 6.7143
v 75.4306 -75.8535 6.7143
v 74.8822 -72.0318 5.5714
v 76.5137 -70.8066 5.5714
v 78.8207 -73.3430 6.7143
v 74.8822 -72.0318 5.5714
v 78.8207 -73.3430 6.7143
v 77.1399 -74.6120 6.7143
v 76.5137 -70.8066 5.5714
v 78.1170 -69.5552 5.5714
v 80.4723 -72.0468 6.7143
v 76.5137 -70.8066 5.5714
v 80.4723 -72.0468 6.7143
v 78.8207 -73.3430 6.7143
v 78.1170 -69.5552 5.5714
v 79.6914 -68.2782 5.5714
v 82.0942 -70.7240 6.7143
v 78.1170 -69.5552 5.5714
v 82.0942 -70.7240 6.7143
v 80.4723 -72.0468 6.7143
v 79.6914 -68.2782 5.5714
v 81.2363 -66.9759 5.5714
v 83.6857 -69.3750 6.7143
v 79.6914 -68.2782 5.5714
v 83.6857 -69.3750 6.7143
v 82.0942 -70.7240 6.7143
v 81.2363 -66.9759 5.5714
v 82.7512 -65.6488 5.5714
v 85.2463 -68.0004 6.7143
v 81.2363 -66.9759 5.5714
v 85.2463 -68.0004 6.7143
v 83.6857 -69.3750 6.7143
v 82.7512 -65.6488 5.5714
v 84.2355 -64.2975 5.5714
v 86.7753 -66.6006 6.7143
v 82.7512 -65.6488 5.5714
v 86.7753 -66.6006 6.7143
v 85.2463 -68.0004 6.7143
v 84.2355 -64.2975 5.5714
v 85.6887 -62.9223 5.5714
v 88.2723 -65.1763 6.7143
v 84.2355 -64.2975 5.5714
v 88.2723 -65.1763 6.7143
v 86.7753 -66.6006 6.7143
v 85.6887 -62.9223 5.5714
v 87.1102 -61.5240 5.5714
v 89.7366 -63.7278 6.7143
v 85.6887 -62.9223 5.5714
v 89.7366 -63.7278 6.7143
v 88.2723 -65.1763 6.7143
v -30.3188 -95.7646 6.7143
v -28.1376 -96.2403 6.7143
v -28.9612 -99.5685 7.8571
v -30.3188 -95.7646 6.7143
v -28.9612 -99.5685 7.8571
v -31.2062 -99.0764 7.8571
v -28.1376 -96.2403 6.7143
v -25.9461 -96.6804 6.7143
v -26.7055 -100.0238 7.8571
v -28.1376 -96.2403 6.7143
v -26.7055 -100.0238 7.8571
v -28.9612 -99.5685 7.8571
v -25.9461 -96.6804 6.7143
v -23.7449 -97.0847 6.7143
v -24.4399 -100.4421 7.8571
v -25.9461 -96.6804 6.7143
v -24.4399 -100.4421 7.8571
v -26.7055 -100.0238 7.8571
v -23.7449 -97.0847 6.7143
v -21.5350 -97.4532 6.7143
v -22.1653 -100.8233 7.8571
v -23.7449 -97.0847 6.7143
v -22.1653 -100.8233 7.8571
v -24.4399 -100.4421 7.8571
v -21.5350 -97.4532 6.7143
v -19.3171 -97.7856 6.7143
v -19.8824 -101.1672 7.8571
v -21.5350 -97.4532 6.7143
v -19.8824 -101.1672 7.8571
v -22.1653 -100.8233 7.8571
v -19.3171 -97.7856 6.7143
v -17.0920 -98.0819 6.7143
v -17.5923 -101.4737 7.8571
v -19.3171 -97.7856 6.7143
v -17.5923 -101.4737 7.8571
v -19.8824 -101.1672 7.8571
v -17.0920 -98.0819 6.7143
v -14.8607 -98.3419 6.7143
v -15.2956 -101.7427 7.8571
v -17.0920 -98.0819 6.7143
v -15.2956 -101.7427 7.8571
v -17.5923 -101.4737 7.8571
v -14.8607 -98.3419 6.7143
v -12.6238 -98.5655 6.7143
v -12.9933 -101.9741 7.8571
v -14.8607 -98.3419 6.7143
v -12.9933 -101.9741 7.8571
v -15.2956 -101.7427 7.8571
v -12.6238 -98.5655 6.7143
v -10.3823 -98.7527 6.7143
v -10.6861 -102.1678 7.8571
v -12.6238 -98.5655 6.7143
v -10.6861 -102.1678 7.8571
v -12.9933 -101.9741 7.8571
v -10.3823 -98.7527 6.7143
v -8.1369 -98.9034 6.7143
v -8.3751 -102.3237 7.8571
v -10.3823 -98.7527 6.7143
v -8.3751 -102.3237 7.8571
v -10.6861 -102.1678 7.8571
v -8.1369 -98.9034 6.7143
v -5.8885 -99.0175 6.7143
v -6.0609 -102.4418 7.8571
v -8.1369 -98.9034 6.7143
v -6.0609 -102.4418 7.8571
v -8.3751 -102.3237 7.8571
v -5.8885 -99.0175 6.7143
v -3.6380 -99.0950 6.7143
v -3.7445 -102.5220 7.8571
v -5.8885 -99.0175 6.7143
v -3.7445 -102.5220 7.8571
v -6.0609 -102.4418 7.8571
v -3.6380 -99.0950 6.7143
v -1.3861 -99.1359 6.7143
v -1.4267 -102.5642 7.8571
v -3.6380 -99.0950 6.7143
v -1.4267 -102.5642 7.8571
v -3.7445 -102.5220 7.8571
v -1.3861 -99.1359 6.7143
v 0.8663 -99.1401 6.7143
v 0.8917 -102.5686 7.8571
v -1.3861 -99.1359 6.7143
v 0.8917 -102.5686 7.8571
v -1.4267 -102.5642 7.8571
v 0.8663 -99.1401 6.7143
v 3.1184 -99.1077 6.7143
v 3.2097 -102.5351 7.8571
v 0.8663 -99.1401 6.7143
v 3.2097 -102.5351 7.8571
v 0.8917 -102.5686 7.8571
v 3.1184 -99.1077 6.7143
v 5.3693 -99.0387 6.7143
v 5.5265 -102.4636 7.8571
v 3.1184 -99.1077 6.7143
v 5.5265 -102.4636 7.8571
v 3.2097 -102.5351 7.8571
v 5.3693 -99.0387 6.7143
v 7.6183 -98.9330 6.7143
v 7.8413 -102.3543 7.8571
v 5.3693 -99.0387 6.7143
v 7.8413 -102.3543 7.8571
v 5.5265 -102.4636 7.8571
v 7.6183 -98.9330 6.7143
v 9.8644 -98.7907 6.7143
v 10.1531 -102.2071 7.8571
v 7.6183 -98.9330 6.7143
v 10.1531 -102.2071 7.8571
v 7.8413 -102.3543 7.8571
v 9.8644 -98.7907 6.7143
v 12.1069 -98.6119 6.7143
v 12.4612 -102.0221 7.8571
v 9.8644 -98.7907 6.7143
v 12.4612 -102.0221 7.8571
v 10.1531 -102.2071 7.8571
v 12.1069 -98.6119 6.7143
v 14.3449 -98.3967 6.7143
v 14.7648 -101.7995 7.8571
v 12.1069 -98.6119 6.7143
v 14.7648 -101.7995 7.8571
v 12.4612 -102.0221 7.8571
v 14.3449 -98.3967 6.7143
v 16.5776 -98.1451 6.7143
v 17.0628 -101.5391 7.8571
v 14.3449 -98.3967 6.7143
v 17.0628 -101.5391 7.8571
v 14.7648 -101.7995 7.8571
v 16.5776 -98.1451 6.7143
v 18.8042 -97.8572 6.7143
v 19.3546 -101.2413 7.8571
v 16.5776 -98.1451 6.7143
v 19.3546 -101.2413 7.8571
v 17.0628 -101.5391 7.8571
v 18.8042 -97.8572 6.7143
v 21.0238 -97.5331 6.7143
v 21.6391 -100.9060 7.8571
v 18.8042 -97.8572 6.7143
v 21.6391 -100.9060 7.8571
v 19.3546 -101.2413 7.8571
v 21.0238 -97.5331 6.7143
v 23.2357 -97.1729 6.7143
v 23.9157 -100.5334 7.8571
v 21.0238 -97.5331 6.7143
v 23.9157 -100.5334 7.8571
v 21.6391 -100.9060 7.8571
v 23.2357 -97.1729 6.7143
v 25.4389 -96.7769 6.7143
v 26.1835 -100.1236 7.8571
v 23.2357 -97.1729 6.7143
v 26.1835 -100.1236 7.8571
v 23.9157 -100.5334 7.8571
v 25.4389 -96.7769 6.7143
v 27.6328 -96.3450 6.7143
v 28.4415 -99.6768 7.8571
v 25.4389 -96.7769 6.7143
v 28.4415 -99.6768 7.8571
v 26.1835 -100.1236 7.8571
v 27.6328 -96.3450 6.7143
v 29.8164 -95.8776 6.7143
v 30.6891 -99.1932 7.8571
v 27.6328 -96.3450 6.7143
v 30.6891 -99.1932 7.8571
v 28.4415 -99.6768 7.8571
v 29.8164 -95.8776 6.7143
v 31.9890 -95.3746 6.7143
v 32.9253 -98.6729 7.8571
v 29.8164 -95.8776 6.7143
v 32.9253 -98.6729 7.8571
v 30.6891 -99.1932 7.8571
v 31.9890 -95.3746 6.7143
v 34.1498 -94.8365 6.7143
v 35.1493 -98.1161 7.8571
v 31.9890 -95.3746 6.7143
v 35.1493 -98.1161 7.8571
v 32.9253 -98.6729 7.8571
v 34.1498 -94.8365 6.7143
v 36.2980 -94.2632 6.7143
v 37.3604 -97.5231 7.8571
v 34.1498 -94.8365 6.7143
v 37.3604 -97.5231 7.8571
v 35.1493 -98.1161 7.8571
v 36.2980 -94.2632 6.7143
v 38.4327 -93.6551 6.7143
v 39.5576 -96.8939 7.8571
v 36.2980 -94.2632 6.7143
v 39.5576 -96.8939 7.8571
v 37.3604 -97.5231 7.8571
v 38.4327 -93.6551 6.7143
v 40.5533 -93.0124 6.7143
v 41.7402 -96.2290 7.8571
v 38.4327 -93.6551 6.7143
v 41.7402 -96.2290 7.8571
v 39.5576 -96.8939 7.8571
v 40.5533 -93.0124 6.7143
v 42.6588 -92.3353 6.7143
v 43.9074 -95.5285 7.8571
v 40.5533 -93.0124 6.7143
v 43.9074 -95.5285 7.8571
v 41.7402 -96.2290 7.8571
v 42.6588 -92.3353 6.7143
v 44.7486 -91.6241 6.7143
v 46.0583 -94.7926 7.8571
v 42.6588 -92.3353 6.7143
v 46.0583 -94.7926 7.8571
v 43.9074 -95.5285 7.8571
v 44.7486 -91.6241 6.7143
v 46.8218 -90.8790 6.7143
v 48.1922 -94.0218 7.8571
v 44.7486 -91.6241 6.7143
v 48.1922 -94.0218 7.8571
v 46.0583 -94.7926 7.8571
v 46.8218 -90.8790 6.7143
v 48.8777 -90.1003 6.7143
v 50.3083 -93.2161 7.8571
v 46.8218 -90.8790 6.7143
v 50.3083 -93.2161 7.8571
v 48.1922 -94.0218 7.8571
v 48.8777 -90.1003 6.7143
v 50.9156 -89.2882 6.7143
v 52.4058 -92.3760 7.8571
v 48.8777 -90.1003 6.7143
v 52.4058 -92.3760 7.8571
v 50.3083 -93.2161 7.8571
v 50.9156 -89.2882 6.7143
v 52.9346 -88.4432 6.7143
v 54.4839 -91.5018 7.8571
v 50.9156 -89.2882 6.7143
v 54.4839 -91.5018 7.8571
v 52.4058 -92.3760 7.8571
v 52.9346 -88.4432 6.7143
v 54.9340 -87.5655 6.7143
v 56.5419 -90.5937 7.8571
v 52.9346 -88.4432 6.7143
v 56.5419 -90.5937 7.8571
v 54.4839 -91.5018 7.8571
v 54.9340 -87.5655 6.7143
v 56.9132 -86.6554 6.7143
v 58.5789 -89.6521 7.8571
v 54.9340 -87.5655 6.7143
v 58.5789 -89.6521 7.8571
v 56.5419 -90.5937 7.8571
v 56.9132 -86.6554 6.7143
v 58.8713 -85.7132 6.7143
v 60.5943 -88.6774 7.8571
v 56.9132 -86.6554 6.7143
v 60.5943 -88.6774 7.8571
v 58.5789 -89.6521 7.8571
v 58.8713 -85.7132 6.7143
v 60.8076 -84.7394 6.7143
v 62.5873 -87.6698 7.8571
v 58.8713 -85.7132 6.7143
v 62.5873 -87.6698 7.8571
v 60.5943 -88.6774 7.8571
v 60.8076 -84.7394 6.7143
v 62.7215 -83.7342 6.7143
v 64.5572 -86.6299 7.8571
v 60.8076 -84.7394 6.7143
v 64.5572 -86.6299 7.8571
v 62.5873 -87.6698 7.8571
v 62.7215 -83.7342 6.7143
v 64.6121 -82.6981 6.7143
v 66.5032 -85.5580 7.8571
v 62.7215 -83.7342 6.7143
v 66.5032 -85.5580 7.8571
v 64.5572 -86.6299 7.8571
v 64.6121 -82.6981 6.7143
v 66.4789 -81.6314 6.7143
v 68.4246 -84.4544 7.8571
v 64.6121 -82.6981 6.7143
v 68.4246 -84.4544 7.8571
v 66.5032 -85.5580 7.8571
v 66.4789 -81.6314 6.7143
v 68.3211 -80.5345 6.7143
v 70.3207 -83.3196 7.8571
v 66.4789 -81.6314 6.7143
v 70.3207 -83.3196 7.8571
v 68.4246 -84.4544 7.8571
v 68.3211 -80.5345 6.7143
v 70.1380 -79.4079 6.7143
v 72.1909 -82.1540 7.8571
v 68.3211 -80.5345 6.7143
v 72.1909 -82.1540 7.8571
v 70.3207 -83.3196 7.8571
v 70.1380 -79.4079 6.7143
v 71.9290 -78.2519 6.7143
v 74.0343 -80.9580 7.8571
v 70.1380 -79.4079 6.7143
v 74.0343 -80.9580 7.8571
v 72.1909 -82.1540 7.8571
v 71.9290 -78.2519 6.7143
v 73.6935 -77.0669 6.7143
v 75.8503 -79.7321 7.8571
v 71.9290 -78.2519 6.7143
v 75.8503 -79.7321 7.8571
v 74.0343 -80.9580 7.8571
v 73.6935 -77.0669 6.7143
v 75.4306 -75.8535 6.7143
v 77.6383 -78.4767 7.8571
v 73.6935 -77.0669 6.7143
v 77.6383 -78.4767 7.8571
v 75.8503 -79.7321 7.8571
v 75.4306 -75.8535 6.7143
v 77.1399 -74.6120 6.7143
v 79.3977 -77.1923 7.8571
v 75.4306 -75.8535 6.7143
v 79.3977 -77.1923 7.8571
v 77.6383 -78.4767 7.8571
v 77.1399 -74.6120 6.7143
v 78.8207 -73.3430 6.7143
v 81.1276 -75.8793 7.8571
v 77.1399 -74.6120 6.7143
v 81.1276 -75.8793 7.8571
v 79.3977 -77.1923 7.8571
v 78.8207 -73.3430 6.7143
v 80.4723 -72.0468 6.7143
v 82.8276 -74.5383 7.8571
v 78.8207 -73.3430 6.7143
v 82.8276 -74.5383 7.8571
v 81.1276 -75.8793 7.8571
v 80.4723 -72.0468 6.7143
v 82.0942 -70.7240 6.7143
v 84.4969 -73.1698 7.8571
v 80.4723 -72.0468 6.7143
v 84.4969 -73.1698 7.8571
v 82.8276 -74.5383 7.8571
v 82.0942 -70.7240 6.7143
v 83.6857 -69.3750 6.7143
v 86.1350 -71.7741 7.8571
v 82.0942 -70.7240 6.7143
v 86.1350 -71.7741 7.8571
v 84.4969 -73.1698 7.8571
v 83.6857 -69.3750 6.7143
v 85.2463 -68.0004 6.7143
v 87.7413 -70.3520 7.8571
v 83.6857 -69.3750 6.7143
v 87.7413 -70.3520 7.8571
v 86.1350 -71.7741 7.8571
v 85.2463 -68.0004 6.7143
v 86.7753 -66.6006 6.7143
v 89.3151 -68.9038 7.8571
v 85.2463 -68.0004 6.7143
v 89.3151 -68.9038 7.8571
v 87.7413 -70.3520 7.8571
v 86.7753 -66.6006 6.7143
v 88.2723 -65.1763 6.7143
v 90.8559 -67.4302 7.8571
v 86.7753 -66.6006 6.7143
v 90.8559 -67.4302 7.8571
v 89.3151 -68.9038 7.8571
v 88.2723 -65.1763 6.7143
v 89.7366 -63.7278 6.7143
v 92.3631 -65.9316 7.8571
v 88.2723 -65.1763 6.7143
v 92.3631 -65.9316 7.8571
v 90.8559 -67.4302 7.8571
v -31.2062 -99.0764 7.8571
v -28.9612 -99.5685 7.8571
v -29.7847 -102.8967 9.0000
v -31.2062 -99.0764 7.8571
v -29.7847 -102.8967 9.0000
v -32.0936 -102.3881 9.0000
v -28.9612 -99.5685 7.8571
v -26.7055 -100.0238 7.8571
v -27.4649 -103.3672 9.0000
v -28.9612 -99.5685 7.8571
v -27.4649 -103.3672 9.0000
v -29.7847 -102.8967 9.0000
v -26.7055 -100.0238 7.8571
v -24.4399 -100.4421 7.8571
v -25.1348 -103.7995 9.0000
v -26.7055 -100.0238 7.8571
v -25.1348 -103.7995 9.0000
v -27.4649 -103.3672 9.0000
v -24.4399 -100.4421 7.8571
v -22.1653 -100.8233 7.8571
v -22.7955 -104.1935 9.0000
v -24.4399 -100.4421 7.8571
v -22.7955 -104.1935 9.0000
v -25.1348 -103.7995 9.0000
v -22.1653 -100.8233 7.8571
v -19.8824 -101.1672 7.8571
v -20.4478 -104.5489 9.0000
v -22.1653 -100.8233 7.8571
v -20.4478 -104.5489 9.0000
v -22.7955 -104.1935 9.0000
v -19.8824 -101.1672 7.8571
v -17.5923 -101.4737 7.8571
v -18.0925 -104.8656 9.0000
v -19.8824 -101.1672 7.8571
v -18.0925 -104.8656 9.0000
v -20.4478 -104.5489 9.0000
v -17.5923 -101.4737 7.8571
v -15.2956 -101.7427 7.8571
v -15.7305 -105.1436 9.0000
v -17.5923 -101.4737 7.8571
v -15.7305 -105.1436 9.0000
v -18.0925 -104.8656 9.0000
v -15.2956 -101.7427 7.8571
v -12.9933 -101.9741 7.8571
v -13.3627 -105.3827 9.0000
v -15.2956 -101.7427 7.8571
v -13.3627 -105.3827 9.0000
v -15.7305 -105.1436 9.0000
v -12.9933 -101.9741 7.8571
v -10.6861 -102.1678 7.8571
v -10.9900 -105.5829 9.0000
v -12.9933 -101.9741 7.8571
v -10.9900 -105.5829 9.0000
v -13.3627 -105.3827 9.0000
v -10.6861 -102.1678 7.8571
v -8.3751 -102.3237 7.8571
v -8.6132 -105.7440 9.0000
v -10.6861 -102.1678 7.8571
v -8.6132 -105.7440 9.0000
v -10.9900 -105.5829 9.0000
v -8.3751 -102.3237 7.8571
v -6.0609 -102.4418 7.8571
v -6.2332 -105.8660 9.0000
v -8.3751 -102.3237 7.8571
v -6.2332 -105.8660 9.0000
v -8.6132 -105.7440 9.0000
v -6.0609 -102.4418 7.8571
v -3.7445 -102.5220 7.8571
v -3.8509 -105.9489 9.0000
v -6.0609 -102.4418 7.8571
v -3.8509 -105.9489 9.0000
v -6.2332 -105.8660 9.0000
v -3.7445 -102.5220 7.8571
v -1.4267 -102.5642 7.8571
v -1.4672 -105.9926 9.0000
v -3.7445 -102.5220 7.8571
v -1.4672 -105.9926 9.0000
v -3.8509 -105.9489 9.0000
v -1.4267 -102.5642 7.8571
v 0.8917 -102.5686 7.8571
v 0.9170 -105.9971 9.0000
v -1.4267 -102.5642 7.8571
v 0.9170 -105.9971 9.0000
v -1.4672 -105.9926 9.0000
v 0.8917 -102.5686 7.8571
v 3.2097 -102.5351 7.8571
v 3.3009 -105.9624 9.0000
v 0.8917 -102.5686 7.8571
v 3.3009 -105.9624 9.0000
v 0.9170 -105.9971 9.0000
v 3.2097 -102.5351 7.8571
v 5.5265 -102.4636 7.8571
v 5.6836 -105.8886 9.0000
v 3.2097 -102.5351 7.8571
v 5.6836 -105.8886 9.0000
v 3.3009 -105.9624 9.0000
v 5.5265 -102.4636 7.8571
v 7.8413 -102.3543 7.8571
v 8.0642 -105.7756 9.0000
v 5.5265 -102.4636 7.8571
v 8.0642 -105.7756 9.0000
v 5.6836 -105.8886 9.0000
v 7.8413 -102.3543 7.8571
v 10.1531 -102.2071 7.8571
v 10.4418 -105.6235 9.0000
v 7.8413 -102.3543 7.8571
v 10.4418 -105.6235 9.0000
v 8.0642 -105.7756 9.0000
v 10.1531 -102.2071 7.8571
v 12.4612 -102.0221 7.8571
v 12.8156 -105.4324 9.0000
v 10.1531 -102.2071 7.8571
v 12.8156 -105.4324 9.0000
v 10.4418 -105.6235 9.0000
v 12.4612 -102.0221 7.8571
v 14.7648 -101.7995 7.8571
v 15.1846 -105.2022 9.0000
v 12.4612 -102.0221 7.8571
v 15.1846 -105.2022 9.0000
v 12.8156 -105.4324 9.0000
v 14.7648 -101.7995 7.8571
v 17.0628 -101.5391 7.8571
v 17.5480 -104.9332 9.0000
v 14.7648 -101.7995 7.8571
v 17.5480 -104.9332 9.0000
v 15.1846 -105.2022 9.0000
v 17.0628 -101.5391 7.8571
v 19.3546 -101.2413 7.8571
v 19.9049 -104.6254 9.0000
v 17.0628 -101.5391 7.8571
v 19.9049 -104.6254 9.0000
v 17.5480 -104.9332 9.0000
v 19.3546 -101.2413 7.8571
v 21.6391 -100.9060 7.8571
v 22.2545 -104.2789 9.0000
v 19.3546 -101.2413 7.8571
v 22.2545 -104.2789 9.0000
v 19.9049 -104.6254 9.0000
v 21.6391 -100.9060 7.8571
v 23.9157 -100.5334 7.8571
v 24.5958 -103.8938 9.0000
v 21.6391 -100.9060 7.8571
v 24.5958 -103.8938 9.0000
v 22.2545 -104.2789 9.0000
v 23.9157 -100.5334 7.8571
v 26.1835 -100.1236 7.8571
v 26.9280 -103.4704 9.0000
v 23.9157 -100.5334 7.8571
v 26.9280 -103.4704 9.0000
v 24.5958 -103.8938 9.0000
v 26.1835 -100.1236 7.8571
v 28.4415 -99.6768 7.8571
v 29.2503 -103.0087 9.0000
v 26.1835 -100.1236 7.8571
v 29.2503 -103.0087 9.0000
v 26.9280 -103.4704 9.0000
v 28.4415 -99.6768 7.8571
v 30.6891 -99.1932 7.8571
v 31.5618 -102.5089 9.0000
v 28.4415 -99.6768 7.8571
v 31.5618 -102.5089 9.0000
v 29.2503 -103.0087 9.0000
v 30.6891 -99.1932 7.8571
v 32.9253 -98.6729 7.8571
v 33.8616 -101.9712 9.0000
v 30.6891 -99.1932 7.8571
v 33.8616 -101.9712 9.0000
v 31.5618 -102.5089 9.0000
v 32.9253 -98.6729 7.8571
v 35.1493 -98.1161 7.8571
v 36.1488 -101.3958 9.0000
v 32.9253 -98.6729 7.8571
v 36.1488 -101.3958 9.0000
v 33.8616 -101.9712 9.0000
v 35.1493 -98.1161 7.8571
v 37.3604 -97.5231 7.8571
v 38.4228 -100.7829 9.0000
v 35.1493 -98.1161 7.8571
v 38.4228 -100.7829 9.0000
v 36.1488 -101.3958 9.0000
v 37.3604 -97.5231 7.8571
v 39.5576 -96.8939 7.8571
v 40.6825 -100.1327 9.0000
v 37.3604 -97.5231 7.8571
v 40.6825 -100.1327 9.0000
v 38.4228 -100.7829 9.0000
v 39.5576 -96.8939 7.8571
v 41.7402 -96.2290 7.8571
v 42.9271 -99.4456 9.0000
v 39.5576 -96.8939 7.8571
v 42.9271 -99.4456 9.0000
v 40.6825 -100.1327 9.0000
v 41.7402 -96.2290 7.8571
v 43.9074 -95.5285 7.8571
v 45.1559 -98.7216 9.0000
v 41.7402 -96.2290 7.8571
v 45.1559 -98.7216 9.0000
v 42.9271 -99.4456 9.0000
v 43.9074 -95.5285 7.8571
v 46.0583 -94.7926 7.8571
v 47.3680 -97.9612 9.0000
v 43.9074 -95.5285 7.8571
v 47.3680 -97.9612 9.0000
v 45.1559 -98.7216 9.0000
v 46.0583 -94.7926 7.8571
v 48.1922 -94.0218 7.8571
v 49.5626 -97.1646 9.0000
v 46.0583 -94.7926 7.8571
v 49.5626 -97.1646 9.0000
v 47.3680 -97.9612 9.0000
v 48.1922 -94.0218 7.8571
v 50.3083 -93.2161 7.8571
v 51.7389 -96.3320 9.0000
v 48.1922 -94.0218 7.8571
v 51.7389 -96.3320 9.0000
v 49.5626 -97.1646 9.0000
v 50.3083 -93.2161 7.8571
v 52.4058 -92.3760 7.8571
v 53.8960 -95.4638 9.0000
v 50.3083 -93.2161 7.8571
v 53.8960 -95.4638 9.0000
v 51.7389 -96.3320 9.0000
v 52.4058 -92.3760 7.8571
v 54.4839 -91.5018 7.8571
v 56.0332 -94.5603 9.0000
v 52.4058 -92.3760 7.8571
v 56.0332 -94.5603 9.0000
v 53.8960 -95.4638 9.0000
v 54.4839 -91.5018 7.8571
v 56.5419 -90.5937 7.8571
v 58.1497 -93.6219 9.0000
v 54.4839 -91.5018 7.8571
v 58.1497 -93.6219 9.0000
v 56.0332 -94.5603 9.0000
v 56.5419 -90.5937 7.8571
v 58.5789 -89.6521 7.8571
v 60.2447 -92.6488 9.0000
v 56.5419 -90.5937 7.8571
v 60.2447 -92.6488 9.0000
v 58.1497 -93.6219 9.0000
v 58.5789 -89.6521 7.8571
v 60.5943 -88.6774 7.8571
v 62.3174 -91.6415 9.0000
v 58.5789 -89.6521 7.8571
v 62.3174 -91.6415 9.0000
v 60.2447 -92.6488 9.0000
v 60.5943 -88.6774 7.8571
v 62.5873 -87.6698 7.8571
v 64.3671 -90.6003 9.0000
v 60.5943 -88.6774 7.8571
v 64.3671 -90.6003 9.0000
v 62.3174 -91.6415 9.0000
v 62.5873 -87.6698 7.8571
v 64.5572 -86.6299 7.8571
v 66.3930 -89.5256 9.0000
v 62.5873 -87.6698 7.8571
v 66.3930 -89.5256 9.0000
v 64.3671 -90.6003 9.0000
v 64.5572 -86.6299 7.8571
v 66.5032 -85.5580 7.8571
v 68.3943 -88.4178 9.0000
v 64.5572 -86.6299 7.8571
v 68.3943 -88.4178 9.0000
v 66.3930 -89.5256 9.0000
v 66.5032 -85.5580 7.8571
v 68.4246 -84.4544 7.8571
v 70.3703 -87.2774 9.0000
v 66.5032 -85.5580 7.8571
v 70.3703 -87.2774 9.0000
v 68.3943 -88.4178 9.0000
v 68.4246 -84.4544 7.8571
v 70.3207 -83.3196 7.8571
v 72.3204 -86.1046 9.0000
v 68.4246 -84.4544 7.8571
v 72.3204 -86.1046 9.0000
v 70.3703 -87.2774 9.0000
v 70.3207 -83.3196 7.8571
v 72.1909 -82.1540 7.8571
v 74.2437 -84.9001 9.0000
v 70.3207 -83.3196 7.8571
v 74.2437 -84.9001 9.0000
v 72.3204 -86.1046 9.0000
v 72.1909 -82.1540 7.8571
v 74.0343 -80.9580 7.8571
v 76.1395 -83.6641 9.0000
v 72.1909 -82.1540 7.8571
v 76.1395 -83.6641 9.0000
v 74.2437 -84.9001 9.0000
v 74.0343 -80.9580 7.8571
v 75.8503 -79.7321 7.8571
v 78.0072 -82.3972 9.0000
v 74.0343 -80.9580 7.8571
v 78.0072 -82.3972 9.0000
v 76.1395 -83.6641 9.0000
v 75.8503 -79.7321 7.8571
v 77.6383 -78.4767 7.8571
v 79.8461 -81.0998 9.0000
v 75.8503 -79.7321 7.8571
v 79.8461 -81.0998 9.0000
v 78.0072 -82.3972 9.0000
v 77.6383 -78.4767 7.8571
v 79.3977 -77.1923 7.8571
v 81.6554 -79.7725 9.0000
v 77.6383 -78.4767 7.8571
v 81.6554 -79.7725 9.0000
v 79.8461 -81.0998 9.0000
v 79.3977 -77.1923 7.8571
v 81.1276 -75.8793 7.8571
v 83.4346 -78.4157 9.0000
v 79.3977 -77.1923 7.8571
v 83.4346 -78.4157 9.0000
v 81.6554 -79.7725 9.0000
v 81.1276 -75.8793 7.8571
v 82.8276 -74.5383 7.8571
v 85.1829 -77.0298 9.0000
v 81.1276 -75.8793 7.8571
v 85.1829 -77.0298 9.0000
v 83.4346 -78.4157 9.0000
v 82.8276 -74.5383 7.8571
v 84.4969 -73.1698 7.8571
v 86.8997 -75.6155 9.0000
v 82.8276 -74.5383 7.8571
v 86.8997 -75.6155 9.0000
v 85.1829 -77.0298 9.0000
v 84.4969 -73.1698 7.8571
v 86.1350 -71.7741 7.8571
v 88.5843 -74.1733 9.0000
v 84.4969 -73.1698 7.8571
v 88.5843 -74.1733 9.0000
v 86.8997 -75.6155 9.0000
v 86.1350 -71.7741 7.8571
v 87.7413 -70.3520 7.8571
v 90.2363 -72.7036 9.0000
v 86.1350 -71.7741 7.8571
v 90.2363 -72.7036 9.0000
v 88.5843 -74.1733 9.0000
v 87.7413 -70.3520 7.8571
v 89.3151 -68.9038 7.8571
v 91.8548 -71.2070 9.0000
v 87.7413 -70.3520 7.8571
v 91.8548 -71.2070 9.0000
v 90.2363 -72.7036 9.0000
v 89.3151 -68.9038 7.8571
v 90.8559 -67.4302 7.8571
v 93.4394 -69.6841 9.0000
v 89.3151 -68.9038 7.8571
v 93.4394 -69.6841 9.0000
v 91.8548 -71.2070 9.0000
v 90.8559 -67.4302 7.8571
v 92.3631 -65.9316 7.8571
v 94.9895 -68.1355 9.0000
v 90.8559 -67.4302 7.8571
v 94.9895 -68.1355 9.0000
v 93.4394 -69.6841 9.0000
v 116.2073 17.3648 52.0000
v 115.7295 19.5225 52.0000
v 121.0536 20.5823 52.0000
v 116.2073 17.3648 52.0000
v 121.0536 20.5823 52.0000
v 121.5534 18.3075 52.0000
v 115.7295 19.5225 52.0000
v 115.1959 21.6708 52.0000
v 120.4955 22.8472 52.0000
v 115.7295 19.5225 52.0000
v 120.4955 22.8472 52.0000
v 121.0536 20.5823 52.0000
v 115.1959 21.6708 52.0000
v 114.6068 23.8086 52.0000
v 119.8793 25.1010 52.0000
v 115.1959 21.6708 52.0000
v 119.8793 25.1010 52.0000
v 120.4955 22.8472 52.0000
v 114.6068 23.8086 52.0000
v 113.9625 25.9349 52.0000
v 119.2053 27.3428 52.0000
v 114.6068 23.8086 52.0000
v 119.2053 27.3428 52.0000
v 119.8793 25.1010 52.0000
v 113.9625 25.9349 52.0000
v 113.2632 28.0488 52.0000
v 118.4739 29.5714 52.0000
v 113.9625 25.9349 52.0000
v 118.4739 29.5714 52.0000
v 119.2053 27.3428 52.0000
v 113.2632 28.0488 52.0000
v 112.5093 30.1491 52.0000
v 117.6853 31.7858 52.0000
v 113.2632 28.0488 52.0000
v 117.6853 31.7858 52.0000
v 118.4739 29.5714 52.0000
v 112.5093 30.1491 52.0000
v 111.7013 32.2349 52.0000
v 116.8401 33.9848 52.0000
v 112.5093 30.1491 52.0000
v 116.8401 33.9848 52.0000
v 117.6853 31.7858 52.0000
v 111.7013 32.2349 52.0000
v 110.8394 34.3051 52.0000
v 115.9385 36.1674 52.0000
v 111.7013 32.2349 52.0000
v 115.9385 36.1674 52.0000
v 116.8401 33.9848 52.0000
v 110.8394 34.3051 52.0000
v 109.9240 36.3589 52.0000
v 114.9811 38.3326 52.0000
v 110.8394 34.3051 52.0000
v 114.9811 38.3326 52.0000
v 115.9385 36.1674 52.0000
v 109.9240 36.3589 52.0000
v 108.9557 38.3951 52.0000
v 113.9682 40.4794 52.0000
v 109.9240 36.3589 52.0000
v 113.9682 40.4794 52.0000
v 114.9811 38.3326 52.0000
v 108.9557 38.3951 52.0000
v 107.9349 40.4128 52.0000
v 112.9004 42.6066 52.0000
v 108.9557 38.3951 52.0000
v 112.9004 42.6066 52.0000
v 113.9682 40.4794 52.0000
v 107.9349 40.4128 52.0000
v 106.8621 42.4110 52.0000
v 111.7782 44.7133 52.0000
v 107.9349 40.4128 52.0000
v 111.7782 44.7133 52.0000
v 112.9004 42.6066 52.0000
v 106.8621 42.4110 52.0000
v 105.7377 44.3888 52.0000
v 110.6022 46.7985 52.0000
v 106.8621 42.4110 52.0000
v 110.6022 46.7985 52.0000
v 111.7782 44.7133 52.0000
v 105.7377 44.3888 52.0000
v 104.5624 46.3452 52.0000
v 109.3728 48.8610 52.0000
v 105.7377 44.3888 52.0000
v 109.3728 48.8610 52.0000
v 110.6022 46.7985 52.0000
v 104.5624 46.3452 52.0000
v 103.3367 48.2792 52.0000
v 108.0907 50.9001 52.0000
v 104.5624 46.3452 52.0000
v 108.0907 50.9001 52.0000
v 109.3728 48.8610 52.0000
v 103.3367 48.2792 52.0000
v 102.0612 50.1900 52.0000
v 106.7565 52.9146 52.0000
v 103.3367 48.2792 52.0000
v 106.7565 52.9146 52.0000
v 108.0907 50.9001 52.0000
v 102.0612 50.1900 52.0000
v 100.7365 52.0766 52.0000
v 105.3709 54.9036 52.0000
v 102.0612 50.1900 52.0000
v 105.3709 54.9036 52.0000
v 106.7565 52.9146 52.0000
v 100.7365 52.0766 52.0000
v 99.3633 53.9381 52.0000
v 103.9345 56.8662 52.0000
v 100.7365 52.0766 52.0000
v 103.9345 56.8662 52.0000
v 105.3709 54.9036 52.0000
v 99.3633 53.9381 52.0000
v 97.9422 55.7736 52.0000
v 102.4480 58.8013 52.0000
v 99.3633 53.9381 52.0000
v 102.4480 58.8013 52.0000
v 103.9345 56.8662 52.0000
v 97.9422 55.7736 52.0000
v 96.4738 57.5822 52.0000
v 100.9121 60.7081 52.0000
v 97.9422 55.7736 52.0000
v 100.9121 60.7081 52.0000
v 102.4480 58.8013 52.0000
v 96.4738 57.5822 52.0000
v 94.9590 59.3631 52.0000
v 99.3276 62.5857 52.0000
v 96.4738 57.5822 52.0000
v 99.3276 62.5857 52.0000
v 100.9121 60.7081 52.0000
v 94.9590 59.3631 52.0000
v 93.3984 61.1154 52.0000
v 97.6952 64.4330 52.0000
v 94.9590 59.3631 52.0000
v 97.6952 64.4330 52.0000
v 99.3276 62.5857 52.0000
v 93.3984 61.1154 52.0000
v 91.7928 62.8382 52.0000
v 96.0157 66.2494 52.0000
v 93.3984 61.1154 52.0000
v 96.0157 66.2494 52.0000
v 97.6952 64.4330 52.0000
v 91.7928 62.8382 52.0000
v 90.1430 64.5307 52.0000
v 94.2900 68.0338 52.0000
v 91.7928 62.8382 52.0000
v 94.2900 68.0338 52.0000
v 96.0157 66.2494 52.0000
v 90.1430 64.5307 52.0000
v 88.4497 66.1921 52.0000
v 92.5188 69.7854 52.0000
v 90.1430 64.5307 52.0000
v 92.5188 69.7854 52.0000
v 94.2900 68.0338 52.0000
v 88.4497 66.1921 52.0000
v 86.7138 67.8216 52.0000
v 90.7030 71.5034 52.0000
v 88.4497 66.1921 52.0000
v 90.7030 71.5034 52.0000
v 92.5188 69.7854 52.0000
v 86.7138 67.8216 52.0000
v 84.9361 69.4184 52.0000
v 88.8435 73.1869 52.0000
v 86.7138 67.8216 52.0000
v 88.8435 73.1869 52.0000
v 90.7030 71.5034 52.0000
v 84.9361 69.4184 52.0000
v 83.1174 70.9818 52.0000
v 86.9412 74.8351 52.0000
v 84.9361 69.4184 52.0000
v 86.9412 74.8351 52.0000
v 88.8435 73.1869 52.0000
v 83.1174 70.9818 52.0000
v 81.2587 72.5110 52.0000
v 84.9970 76.4473 52.0000
v 83.1174 70.9818 52.0000
v 84.9970 76.4473 52.0000
v 86.9412 74.8351 52.0000
v 81.2587 72.5110 52.0000
v 79.3609 74.0052 52.0000
v 83.0118 78.0226 52.0000
v 81.2587 72.5110 52.0000
v 83.0118 78.0226 52.0000
v 84.9970 76.4473 52.0000
v 79.3609 74.0052 52.0000
v 77.4247 75.4638 52.0000
v 80.9867 79.5604 52.0000
v 79.3609 74.0052 52.0000
v 80.9867 79.5604 52.0000
v 83.0118 78.0226 52.0000
v 77.4247 75.4638 52.0000
v 75.4513 76.8859 52.0000
v 78.9224 81.0597 52.0000
v 77.4247 75.4638 52.0000
v 78.9224 81.0597 52.0000
v 80.9867 79.5604 52.0000
v 75.4513 76.8859 52.0000
v 73.4415 78.2711 52.0000
v 76.8202 82.5201 52.0000
v 75.4513 76.8859 52.0000
v 76.8202 82.5201 52.0000
v 78.9224 81.0597 52.0000
v 73.4415 78.2711 52.0000
v 71.3963 79.6185 52.0000
v 74.6809 83.9406 52.0000
v 73.4415 78.2711 52.0000
v 74.6809 83.9406 52.0000
v 76.8202 82.5201 52.0000
v 71.3963 79.6185 52.0000
v 69.3167 80.9275 52.0000
v 72.5056 85.3207 52.0000
v 71.3963 79.6185 52.0000
v 72.5056 85.3207 52.0000
v 74.6809 83.9406 52.0000
v 69.3167 80.9275 52.0000
v 67.2037 82.1975 52.0000
v 70.2954 86.6597 52.0000
v 69.3167 80.9275 52.0000
v 70.2954 86.6597 52.0000
v 72.5056 85.3207 52.0000
v 67.2037 82.1975 52.0000
v 65.0583 83.4279 52.0000
v 68.0513 87.9569 52.0000
v 67.2037 82.1975 52.0000
v 68.0513 87.9569 52.0000
v 70.2954 86.6597 52.0000
v 65.0583 83.4279 52.0000
v 62.8816 84.6181 52.0000
v 65.7745 89.2117 52.0000
v 65.0583 83.4279 52.0000
v 65.7745 89.2117 52.0000
v 68.0513 87.9569 52.0000
v 62.8816 84.6181 52.0000
v 60.6745 85.7676 52.0000
v 63.4659 90.4235 52.0000
v 62.8816 84.6181 52.0000
v 63.4659 90.4235 52.0000
v 65.7745 89.2117 52.0000
v 60.6745 85.7676 52.0000
v 58.4382 86.8757 52.0000
v 61.1267 91.5918 52.0000
v 60.6745 85.7676 52.0000
v 61.1267 91.5918 52.0000
v 63.4659 90.4235 52.0000
v 58.4382 86.8757 52.0000
v 56.1738 87.9419 52.0000
v 58.7580 92.7159 52.0000
v 58.4382 86.8757 52.0000
v 58.7580 92.7159 52.0000
v 61.1267 91.5918 52.0000
v 56.1738 87.9419 52.0000
v 53.8823 88.9657 52.0000
v 56.3611 93.7953 52.0000
v 56.1738 87.9419 52.0000
v 56.3611 93.7953 52.0000
v 58.7580 92.7159 52.0000
v 53.8823 88.9657 52.0000
v 51.5647 89.9467 52.0000
v 53.9370 94.8295 52.0000
v 53.8823 88.9657 52.0000
v 53.9370 94.8295 52.0000
v 56.3611 93.7953 52.0000
v 51.5647 89.9467 52.0000
v 49.2224 90.8843 52.0000
v 51.4869 95.8180 52.0000
v 51.5647 89.9467 52.0000
v 51.4869 95.8180 52.0000
v 53.9370 94.8295 52.0000
v 49.2224 90.8843 52.0000
v 46.8563 91.7781 52.0000
v 49.0119 96.7603 52.0000
v 49.2224 90.8843 52.0000
v 49.0119 96.7603 52.0000
v 51.4869 95.8180 52.0000
v 46.8563 91.7781 52.0000
v 44.4677 92.6277 52.0000
v 46.5134 97.6560 52.0000
v 46.8563 91.7781 52.0000
v 46.5134 97.6560 52.0000
v 49.0119 96.7603 52.0000
v 44.4677 92.6277 52.0000
v 42.0576 93.4326 52.0000
v 43.9924 98.5046 52.0000
v 44.4677 92.6277 52.0000
v 43.9924 98.5046 52.0000
v 46.5134 97.6560 52.0000
v 42.0576 93.4326 52.0000
v 39.6272 94.1925 52.0000
v 41.4503 99.3058 52.0000
v 42.0576 93.4326 52.0000
v 41.4503 99.3058 52.0000
v 43.9924 98.5046 52.0000
v 39.6272 94.1925 52.0000
v 37.1778 94.9070 52.0000
v 38.8881 100.0591 52.0000
v 39.6272 94.1925 52.0000
v 38.8881 100.0591 52.0000
v 41.4503 99.3058 52.0000
v 37.1778 94.9070 52.0000
v 34.7104 95.5758 52.0000
v 36.3072 100.7641 52.0000
v 37.1778 94.9070 52.0000
v 36.3072 100.7641 52.0000
v 38.8881 100.0591 52.0000
v 34.7104 95.5758 52.0000
v 32.2263 96.1985 52.0000
v 33.7088 101.4207 52.0000
v 34.7104 95.5758 52.0000
v 33.7088 101.4207 52.0000
v 36.3072 100.7641 52.0000
v 32.2263 96.1985 52.0000
v 29.7266 96.7748 52.0000
v 31.0942 102.0283 52.0000
v 32.2263 96.1985 52.0000
v 31.0942 102.0283 52.0000
v 33.7088 101.4207 52.0000
v 29.7266 96.7748 52.0000
v 27.2127 97.3045 52.0000
v 28.4646 102.5867 52.0000
v 29.7266 96.7748 52.0000
v 28.4646 102.5867 52.0000
v 31.0942 102.0283 52.0000
v 27.2127 97.3045 52.0000
v 24.6856 97.7873 52.0000
v 25.8213 103.0957 52.0000
v 27.2127 97.3045 52.0000
v 25.8213 103.0957 52.0000
v 28.4646 102.5867 52.0000
v 24.6856 97.7873 52.0000
v 22.1466 98.2230 52.0000
v 23.1655 103.5551 52.0000
v 24.6856 97.7873 52.0000
v 23.1655 103.5551 52.0000
v 25.8213 103.0957 52.0000
v 22.1466 98.2230 52.0000
v 19.5970 98.6113 52.0000
v 20.4985 103.9645 52.0000
v 22.1466 98.2230 52.0000
v 20.4985 103.9645 52.0000
v 23.1655 103.5551 52.0000
v 19.5970 98.6113 52.0000
v 17.0379 98.9521 52.0000
v 17.8217 104.3238 52.0000
v 19.5970 98.6113 52.0000
v 17.8217 104.3238 52.0000
v 20.4985 103.9645 52.0000
v 17.0379 98.9521 52.0000
v 14.4706 99.2452 52.0000
v 15.1363 104.6328 52.0000
v 17.0379 98.9521 52.0000
v 15.1363 104.6328 52.0000
v 17.8217 104.3238 52.0000
v 14.4706 99.2452 52.0000
v 11.8963 99.4905 52.0000
v 12.4436 104.8914 52.0000
v 14.4706 99.2452 52.0000
v 12.4436 104.8914 52.0000
v 15.1363 104.6328 52.0000
v 11.8963 99.4905 52.0000
v 9.3163 99.6878 52.0000
v 9.7449 105.0995 52.0000
v 11.8963 99.4905 52.0000
v 9.7449 105.0995 52.0000
v 12.4436 104.8914 52.0000
v 9.3163 99.6878 52.0000
v 6.7318 99.8371 52.0000
v 7.0415 105.2569 52.0000
v 9.3163 99.6878 52.0000
v 7.0415 105.2569 52.0000
v 9.7449 105.0995 52.0000
v 6.7318 99.8371 52.0000
v 4.1440 99.9383 52.0000
v 4.3347 105.3635 52.0000
v 6.7318 99.8371 52.0000
v 4.3347 105.3635 52.0000
v 7.0415 105.2569 52.0000
v 4.1440 99.9383 52.0000
v 1.5543 99.9913 52.0000
v 1.6258 105.4194 52.0000
v 4.1440 99.9383 52.0000
v 1.6258 105.4194 52.0000
v 4.3347 105.3635 52.0000
v 1.5543 99.9913 52.0000
v -1.0362 99.9961 52.0000
v -1.0839 105.4245 52.0000
v 1.5543 99.9913 52.0000
v -1.0839 105.4245 52.0000
v 1.6258 105.4194 52.0000
v -1.0362 99.9961 52.0000
v -3.6262 99.9528 52.0000
v -3.7930 105.3788 52.0000
v -1.0362 99.9961 52.0000
v -3.7930 105.3788 52.0000
v -1.0839 105.4245 52.0000
v -3.6262 99.9528 52.0000
v -6.2144 99.8612 52.0000
v -6.5003 105.2823 52.0000
v -3.6262 99.9528 52.0000
v -6.5003 105.2823 52.0000
v -3.7930 105.3788 52.0000
v -6.2144 99.8612 52.0000
v -8.7997 99.7216 52.0000
v -9.2045 105.1350 52.0000
v -6.2144 99.8612 52.0000
v -9.2045 105.1350 52.0000
v -6.5003 105.2823 52.0000
v -8.7997 99.7216 52.0000
v -11.3807 99.5338 52.0000
v -11.9043 104.9371 52.0000
v -8.7997 99.7216 52.0000
v -11.9043 104.9371 52.0000
v -9.2045 105.1350 52.0000
v -11.3807 99.5338 52.0000
v -13.9562 99.2981 52.0000
v -14.5983 104.6886 52.0000
v -11.3807 99.5338 52.0000
v -14.5983 104.6886 52.0000
v -11.9043 104.9371 52.0000
v -13.9562 99.2981 52.0000
v -16.5250 99.0145 52.0000
v -17.2853 104.3896 52.0000
v -13.9562 99.2981 52.0000
v -17.2853 104.3896 52.0000
v -14.5983 104.6886 52.0000
v -16.5250 99.0145 52.0000
v -19.0859 98.6833 52.0000
v -19.9639 104.0404 52.0000
v -16.5250 99.0145 52.0000
v -19.9639 104.0404 52.0000
v -17.2853 104.3896 52.0000
v -19.0859 98.6833 52.0000
v -21.6375 98.3044 52.0000
v -22.6329 103.6409 52.0000
v -19.0859 98.6833 52.0000
v -22.6329 103.6409 52.0000
v -19.9639 104.0404 52.0000
v -21.6375 98.3044 52.0000
v -24.1787 97.8782 52.0000
v -25.2911 103.1916 52.0000
v -21.6375 98.3044 52.0000
v -25.2911 103.1916 52.0000
v -22.6329 103.6409 52.0000
v -24.1787 97.8782 52.0000
v -26.7083 97.4048 52.0000
v -27.9370 102.6925 52.0000
v -24.1787 97.8782 52.0000
v -27.9370 102.6925 52.0000
v -25.2911 103.1916 52.0000
v -26.7083 97.4048 52.0000
v -29.2250 96.8845 52.0000
v -30.5694 102.1439 52.0000
v -26.7083 97.4048 52.0000
v -30.5694 102.1439 52.0000
v -27.9370 102.6925 52.0000
v -29.2250 96.8845 52.0000
v -31.7275 96.3174 52.0000
v -33.1872 101.5461 52.0000
v -29.2250 96.8845 52.0000
v -33.1872 101.5461 52.0000
v -30.5694 102.1439 52.0000
v -31.7275 96.3174 52.0000
v -34.2149 95.7040 52.0000
v -35.7889 100.8993 52.0000
v -31.7275 96.3174 52.0000
v -35.7889 100.8993 52.0000
v -33.1872 101.5461 52.0000
v -34.2149 95.7040 52.0000
v -36.6857 95.0444 52.0000
v -38.3734 100.2040 52.0000
v -34.2149 95.7040 52.0000
v -38.3734 100.2040 52.0000
v -35.7889 100.8993 52.0000
v -36.6857 95.0444 52.0000
v -39.1388 94.3390 52.0000
v -40.9394 99.4603 52.0000
v -36.6857 95.0444 52.0000
v -40.9394 99.4603 52.0000
v -38.3734 100.2040 52.0000
v -39.1388 94.3390 52.0000
v -41.5731 93.5882 52.0000
v -43.4856 98.6687 52.0000
v -39.1388 94.3390 52.0000
v -43.4856 98.6687 52.0000
v -40.9394 99.4603 52.0000
v -41.5731 93.5882 52.0000
v -43.9873 92.7922 52.0000
v -46.0109 97.8295 52.0000
v -41.5731 93.5882 52.0000
v -46.0109 97.8295 52.0000
v -43.4856 98.6687 52.0000
v -43.9873 92.7922 52.0000
v -46.3804 91.9515 52.0000
v -48.5141 96.9432 52.0000
v -43.9873 92.7922 52.0000
v -48.5141 96.9432 52.0000
v -46.0109 97.8295 52.0000
v -46.3804 91.9515 52.0000
v -48.7510 91.0666 52.0000
v -50.9938 96.0102 52.0000
v -46.3804 91.9515 52.0000
v -50.9938 96.0102 52.0000
v -48.5141 96.9432 52.0000
v -48.7510 91.0666 52.0000
v -51.0982 90.1377 52.0000
v -53.4490 95.0309 52.0000
v -48.7510 91.0666 52.0000
v -53.4490 95.0309 52.0000
v -50.9938 96.0102 52.0000
v -51.0982 90.1377 52.0000
v -53.4208 89.1653 52.0000
v -55.8784 94.0058 52.0000
v -51.0982 90.1377 52.0000
v -55.8784 94.0058 52.0000
v -53.4490 95.0309 52.0000
v -53.4208 89.1653 52.0000
v -55.7176 88.1500 52.0000
v -58.2809 92.9353 52.0000
v -53.4208 89.1653 52.0000
v -58.2809 92.9353 52.0000
v -55.8784 94.0058 52.0000
v -55.7176 88.1500 52.0000
v -57.9876 87.0923 52.0000
v -60.6553 91.8201 52.0000
v -55.7176 88.1500 52.0000
v -60.6553 91.8201 52.0000
v -58.2809 92.9353 52.0000
v -57.9876 87.0923 52.0000
v -60.2296 85.9925 52.0000
v -63.0004 90.6607 52.0000
v -57.9876 87.0923 52.0000
v -63.0004 90.6607 52.0000
v -60.6553 91.8201 52.0000
v -60.2296 85.9925 52.0000
v -62.4426 84.8513 52.0000
v -65.3152 89.4575 52.0000
v -60.2296 85.9925 52.0000
v -65.3152 89.4575 52.0000
v -63.0004 90.6607 52.0000
v -62.4426 84.8513 52.0000
v -64.6255 83.6692 52.0000
v -67.5986 88.2113 52.0000
v -62.4426 84.8513 52.0000
v -67.5986 88.2113 52.0000
v -65.3152 89.4575 52.0000
v -64.6255 83.6692 52.0000
v -66.7772 82.4468 52.0000
v -69.8493 86.9225 52.0000
v -64.6255 83.6692 52.0000
v -69.8493 86.9225 52.0000
v -67.5986 88.2113 52.0000
v -66.7772 82.4468 52.0000
v -68.8968 81.1846 52.0000
v -72.0664 85.5918 52.0000
v -66.7772 82.4468 52.0000
v -72.0664 85.5918 52.0000
v -69.8493 86.9225 52.0000
v -68.8968 81.1846 52.0000
v -70.9831 79.8834 52.0000
v -74.2487 84.2199 52.0000
v -68.8968 81.1846 52.0000
v -74.2487 84.2199 52.0000
v -72.0664 85.5918 52.0000
v -70.9831 79.8834 52.0000
v -73.0353 78.5436 52.0000
v -76.3953 82.8074 52.0000
v -70.9831 79.8834 52.0000
v -76.3953 82.8074 52.0000
v -74.2487 84.2199 52.0000
v -73.0353 78.5436 52.0000
v -75.0522 77.1659 52.0000
v -78.5050 81.3550 52.0000
v -73.0353 78.5436 52.0000
v -78.5050 81.3550 52.0000
v -76.3953 82.8074 52.0000
v -75.0522 77.1659 52.0000
v -77.0330 75.7511 52.0000
v -80.5769 79.8633 52.0000
v -75.0522 77.1659 52.0000
v -80.5769 79.8633 52.0000
v -78.5050 81.3550 52.0000
v -77.0330 75.7511 52.0000
v -78.9767 74.2998 52.0000
v -82.6100 78.3332 52.0000
v -77.0330 75.7511 52.0000
v -82.6100 78.3332 52.0000
v -80.5769 79.8633 52.0000
v -78.9767 74.2998 52.0000
v -80.8822 72.8126 52.0000
v -84.6032 76.7653 52.0000
v -78.9767 74.2998 52.0000
v -84.6032 76.7653 52.0000
v -82.6100 78.3332 52.0000
v -80.8822 72.8126 52.0000
v -82.7489 71.2904 52.0000
v -86.5557 75.1605 52.0000
v -80.8822 72.8126 52.0000
v -86.5557 75.1605 52.0000
v -84.6032 76.7653 52.0000
v -82.7489 71.2904 52.0000
v -84.5756 69.7338 52.0000
v -88.4665 73.5194 52.0000
v -82.7489 71.2904 52.0000
v -88.4665 73.5194 52.0000
v -86.5557 75.1605 52.0000
v -84.5756 69.7338 52.0000
v -86.3615 68.1436 52.0000
v -90.3346 71.8428 52.0000
v -84.5756 69.7338 52.0000
v -90.3346 71.8428 52.0000
v -88.4665 73.5194 52.0000
v -86.3615 68.1436 52.0000
v -88.1059 66.5206 52.0000
v -92.1592 70.1317 52.0000
v -86.3615 68.1436 52.0000
v -92.1592 70.1317 52.0000
v -90.3346 71.8428 52.0000
v -88.1059 66.5206 52.0000
v -89.8078 64.8655 52.0000
v -93.9394 68.3867 52.0000
v -88.1059 66.5206 52.0000
v -93.9394 68.3867 52.0000
v -92.1592 70.1317 52.0000
v -89.8078 64.8655 52.0000
v -91.4664 63.1791 52.0000
v -95.6743 66.6088 52.0000
v -89.8078 64.8655 52.0000
v -95.6743 66.6088 52.0000
v -93.9394 68.3867 52.0000
v -91.4664 63.1791 52.0000
v -93.0809 61.4623 52.0000
v -97.3631 64.7988 52.0000
v -91.4664 63.1791 52.0000
v -97.3631 64.7988 52.0000
v -95.6743 66.6088 52.0000
v -93.0809 61.4623 52.0000
v -94.6505 59.7159 52.0000
v -99.0049 62.9576 52.0000
v -93.0809 61.4623 52.0000
v -99.0049 62.9576 52.0000
v -97.3631 64.7988 52.0000
v -94.6505 59.7159 52.0000
v -96.1746 57.9406 52.0000
v -100.5991 61.0860 52.0000
v -94.6505 59.7159 52.0000
v -100.5991 61.0860 52.0000
v -99.0049 62.9576 52.0000
v -96.1746 57.9406 52.0000
v -97.6523 56.1375 52.0000
v -102.1447 59.1850 52.0000
v -96.1746 57.9406 52.0000
v -102.1447 59.1850 52.0000
v -100.5991 61.0860 52.0000
v -97.6523 56.1375 52.0000
v -99.0829 54.3073 52.0000
v -103.6412 57.2554 52.0000
v -97.6523 56.1375 52.0000
v -103.6412 57.2554 52.0000
v -102.1447 59.1850 52.0000
v -99.0829 54.3073 52.0000
v -100.4658 52.4509 52.0000
v -105.0877 55.2983 52.0000
v -99.0829 54.3073 52.0000
v -105.0877 55.2983 52.0000
v -103.6412 57.2554 52.0000
v -100.4658 52.4509 52.0000
v -101.8002 50.5693 52.0000
v -106.4835 53.3145 52.0000
v -100.4658 52.4509 52.0000
v -106.4835 53.3145 52.0000
v -105.0877 55.2983 52.0000
v -101.8002 50.5693 52.0000
v -103.0856 48.6633 52.0000
v -107.8280 51.3050 52.0000
v -101.8002 50.5693 52.0000
v -107.8280 51.3050 52.0000
v -106.4835 53.3145 52.0000
v -103.0856 48.6633 52.0000
v -104.3213 46.7338 52.0000
v -109.1206 49.2708 52.0000
v -103.0856 48.6633 52.0000
v -109.1206 49.2708 52.0000
v -107.8280 51.3050 52.0000
v -104.3213 46.7338 52.0000
v -105.5067 44.7818 52.0000
v -110.3605 47.2128 52.0000
v -104.3213 46.7338 52.0000
v -110.3605 47.2128 52.0000
v -109.1206 49.2708 52.0000
v -105.5067 44.7818 52.0000
v -106.6413 42.8082 52.0000
v -111.5473 45.1321 52.0000
v -105.5067 44.7818 52.0000
v -111.5473 45.1321 52.0000
v -110.3605 47.2128 52.0000
v -106.6413 42.8082 52.0000
v -107.7245 40.8140 52.0000
v -112.6803 43.0296 52.0000
v -106.6413 42.8082 52.0000
v -112.6803 43.0296 52.0000
v -111.5473 45.1321 52.0000
v -107.7245 40.8140 52.0000
v -108.7557 38.8001 52.0000
v -113.7590 40.9064 52.0000
v -107.7245 40.8140 52.0000
v -113.7590 40.9064 52.0000
v -112.6803 43.0296 52.0000
v -108.7557 38.8001 52.0000
v -109.7346 36.7675 52.0000
v -114.7829 38.7635 52.0000
v -108.7557 38.8001 52.0000
v -114.7829 38.7635 52.0000
v -113.7590 40.9064 52.0000
v -109.7346 36.7675 52.0000
v -110.6606 34.7172 52.0000
v -115.7515 36.6019 52.0000
v -109.7346 36.7675 52.0000
v -115.7515 36.6019 52.0000
v -114.7829 38.7635 52.0000
v -110.6606 34.7172 52.0000
v -111.5332 32.6502 52.0000
v -116.6643 34.4226 52.0000
v -110.6606 34.7172 52.0000
v -116.6643 34.4226 52.0000
v -115.7515 36.6019 52.0000
v -111.5332 32.6502 52.0000
v -112.3521 30.5674 52.0000
v -117.5208 32.2268 52.0000
v -111.5332 32.6502 52.0000
v -117.5208 32.2268 52.0000
v -116.6643 34.4226 52.0000
v -112.3521 30.5674 52.0000
v -113.1168 28.4699 52.0000
v -118.3207 30.0154 52.0000
v -112.3521 30.5674 52.0000
v -118.3207 30.0154 52.0000
v -117.5208 32.2268 52.0000
v -113.1168 28.4699 52.0000
v -113.8270 26.3587 52.0000
v -119.0636 27.7896 52.0000
v -113.1168 28.4699 52.0000
v -119.0636 27.7896 52.0000
v -118.3207 30.0154 52.0000
v -113.8270 26.3587 52.0000
v -114.4824 24.2348 52.0000
v -119.7491 25.5504 52.0000
v -113.8270 26.3587 52.0000
v -119.7491 25.5504 52.0000
v -119.0636 27.7896 52.0000
v -114.4824 24.2348 52.0000
v -115.0825 22.0992 52.0000
v -120.3769 23.2989 52.0000
v -114.4824 24.2348 52.0000
v -120.3769 23.2989 52.0000
v -119.7491 25.5504 52.0000
v -115.0825 22.0992 52.0000
v -115.6272 19.9529 52.0000
v -120.9467 21.0361 52.0000
v -115.0825 22.0992 52.0000
v -120.9467 21.0361 52.0000
v -120.3769 23.2989 52.0000
v -115.6272 19.9529 52.0000
v -116.1162 17.7971 52.0000
v -121.4581 18.7632 52.0000
v -115.6272 19.9529 52.0000
v -121.4581 18.7632 52.0000
v -120.9467 21.0361 52.0000
v -116.1162 17.7971 52.0000
v -116.5492 15.6326 52.0000
v -121.9111 16.4812 52.0000
v -116.1162 17.7971 52.0000
v -121.9111 16.4812 52.0000
v -121.4581 18.7632 52.0000
v -116.5492 15.6326 52.0000
v -116.9261 13.4606 52.0000
v -122.3053 14.1913 52.0000
v -116.5492 15.6326 52.0000
v -122.3053 14.1913 52.0000
v -121.9111 16.4812 52.0000
v -116.9261 13.4606 52.0000
v -117.2466 11.2821 52.0000
v -122.6405 11.8946 52.0000
v -116.9261 13.4606 52.0000
v -122.6405 11.8946 52.0000
v -122.3053 14.1913 52.0000
v -117.2466 11.2821 52.0000
v -117.5106 9.0982 52.0000
v -122.9167 9.5921 52.0000
v -117.2466 11.2821 52.0000
v -122.9167 9.5921 52.0000
v -122.6405 11.8946 52.0000
v -117.5106 9.0982 52.0000
v -117.7180 6.9099 52.0000
v -123.1335 7.2851 52.0000
v -117.5106 9.0982 52.0000
v -123.1335 7.2851 52.0000
v -122.9167 9.5921 52.0000
v -117.7180 6.9099 52.0000
v -117.8686 4.7183 52.0000
v -123.2911 4.9745 52.0000
v -117.7180 6.9099 52.0000
v -123.2911 4.9745 52.0000
v -123.1335 7.2851 52.0000
v -117.8686 4.7183 52.0000
v -117.9624 2.5244 52.0000
v -123.3892 2.6615 52.0000
v -117.8686 4.7183 52.0000
v -123.3892 2.6615 52.0000
v -123.2911 4.9745 52.0000
v -117.9624 2.5244 52.0000
v -117.9994 0.3293 52.0000
v -123.4279 0.3472 52.0000
v -117.9624 2.5244 52.0000
v -123.4279 0.3472 52.0000
v -123.3892 2.6615 52.0000
v -117.9994 0.3293 52.0000
v -117.9795 -1.8660 52.0000
v -123.4071 -1.9673 52.0000
v -117.9994 0.3293 52.0000
v -123.4071 -1.9673 52.0000
v -123.4279 0.3472 52.0000
v -117.9795 -1.8660 52.0000
v -117.9027 -4.0603 52.0000
v -123.3268 -4.2808 52.0000
v -117.9795 -1.8660 52.0000
v -123.3268 -4.2808 52.0000
v -123.4071 -1.9673 52.0000
v -117.9027 -4.0603 52.0000
v -117.7691 -6.2528 52.0000
v -123.1871 -6.5922 52.0000
v -117.9027 -4.0603 52.0000
v -123.1871 -6.5922 52.0000
v -123.3268 -4.2808 52.0000
v -117.7691 -6.2528 52.0000
v -117.5788 -8.4422 52.0000
v -122.9879 -8.9005 52.0000
v -117.7691 -6.2528 52.0000
v -122.9879 -8.9005 52.0000
v -123.1871 -6.5922 52.0000
v -117.5788 -8.4422 52.0000
v -117.3317 -10.6275 52.0000
v -122.7296 -11.2044 52.0000
v -117.5788 -8.4422 52.0000
v -122.7296 -11.2044 52.0000
v -122.9879 -8.9005 52.0000
v -117.3317 -10.6275 52.0000
v -117.0282 -12.8077 52.0000
v -122.4120 -13.5030 52.0000
v -117.3317 -10.6275 52.0000
v -122.4120 -13.5030 52.0000
v -122.7296 -11.2044 52.0000
v -117.0282 -12.8077 52.0000
v -116.6682 -14.9818 52.0000
v -122.0355 -15.7950 52.0000
v -117.0282 -12.8077 52.0000
v -122.0355 -15.7950 52.0000
v -122.4120 -13.5030 52.0000
v -116.6682 -14.9818 52.0000
v -116.2520 -17.1486 52.0000
v -121.6002 -18.0795 52.0000
v -116.6682 -14.9818 52.0000
v -121.6002 -18.0795 52.0000
v -122.0355 -15.7950 52.0000
v -116.2520 -17.1486 52.0000
v -115.7798 -19.3071 52.0000
v -121.1062 -20.3552 52.0000
v -116.2520 -17.1486 52.0000
v -121.1062 -20.3552 52.0000
v -121.6002 -18.0795 52.0000
v -115.7798 -19.3071 52.0000
v -115.2518 -21.4564 52.0000
v -120.5539 -22.6212 52.0000
v -115.7798 -19.3071 52.0000
v -120.5539 -22.6212 52.0000
v -121.1062 -20.3552 52.0000
v -115.2518 -21.4564 52.0000
v -114.6682 -23.5953 52.0000
v -119.9435 -24.8762 52.0000
v -115.2518 -21.4564 52.0000
v -119.9435 -24.8762 52.0000
v -120.5539 -22.6212 52.0000
v -114.6682 -23.5953 52.0000
v -114.0294 -25.7228 52.0000
v -119.2753 -27.1192 52.0000
v -114.6682 -23.5953 52.0000
v -119.2753 -27.1192 52.0000
v -119.9435 -24.8762 52.0000
v -114.0294 -25.7228 52.0000
v -113.3356 -27.8380 52.0000
v -118.5496 -29.3492 52.0000
v -114.0294 -25.7228 52.0000
v -118.5496 -29.3492 52.0000
v -119.2753 -27.1192 52.0000
v -113.3356 -27.8380 52.0000
v -112.5872 -29.9397 52.0000
v -117.7667 -31.5650 52.0000
v -113.3356 -27.8380 52.0000
v -117.7667 -31.5650 52.0000
v -118.5496 -29.3492 52.0000
v -112.5872 -29.9397 52.0000
v -111.7845 -32.0270 52.0000
v -116.9271 -33.7656 52.0000
v -112.5872 -29.9397 52.0000
v -116.9271 -33.7656 52.0000
v -117.7667 -31.5650 52.0000
v -111.7845 -32.0270 52.0000
v -110.9280 -34.0988 52.0000
v -116.0312 -35.9499 52.0000
v -111.7845 -32.0270 52.0000
v -116.0312 -35.9499 52.0000
v -116.9271 -33.7656 52.0000
v -110.9280 -34.0988 52.0000
v -110.0180 -36.1543 52.0000
v -115.0793 -38.1169 52.0000
v -110.9280 -34.0988 52.0000
v -115.0793 -38.1169 52.0000
v -116.0312 -35.9499 52.0000
v -110.0180 -36.1543 52.0000
v -109.0549 -38.1923 52.0000
v -114.0720 -40.2656 52.0000
v -110.0180 -36.1543 52.0000
v -114.0720 -40.2656 52.0000
v -115.0793 -38.1169 52.0000
v -109.0549 -38.1923 52.0000
v -108.0393 -40.2119 52.0000
v -113.0097 -42.3948 52.0000
v -109.0549 -38.1923 52.0000
v -113.0097 -42.3948 52.0000
v -114.0720 -40.2656 52.0000
v -108.0393 -40.2119 52.0000
v -106.9717 -42.2121 52.0000
v -111.8929 -44.5036 52.0000
v -108.0393 -40.2119 52.0000
v -111.8929 -44.5036 52.0000
v -113.0097 -42.3948 52.0000
v -106.9717 -42.2121 52.0000
v -105.8525 -44.1919 52.0000
v -110.7222 -46.5909 52.0000
v -106.9717 -42.2121 52.0000
v -110.7222 -46.5909 52.0000
v -111.8929 -44.5036 52.0000
v -105.8525 -44.1919 52.0000
v -104.6822 -46.1505 52.0000
v -109.4981 -48.6558 52.0000
v -105.8525 -44.1919 52.0000
v -109.4981 -48.6558 52.0000
v -110.7222 -46.5909 52.0000
v -104.6822 -46.1505 52.0000
v -103.4615 -48.0868 52.0000
v -108.2213 -50.6973 52.0000
v -104.6822 -46.1505 52.0000
v -108.2213 -50.6973 52.0000
v -109.4981 -48.6558 52.0000
v -103.4615 -48.0868 52.0000
v -102.1910 -50.0000 52.0000
v -106.8923 -52.7143 52.0000
v -103.4615 -48.0868 52.0000
v -106.8923 -52.7143 52.0000
v -108.2213 -50.6973 52.0000
v 121.5534 18.3075 52.0000
v 121.0536 20.5823 52.0000
v 126.3777 21.6421 52.0000
v 121.5534 18.3075 52.0000
v 126.3777 21.6421 52.0000
v 126.8995 19.2501 52.0000
v 121.0536 20.5823 52.0000
v 120.4955 22.8472 52.0000
v 125.7951 24.0236 52.0000
v 121.0536 20.5823 52.0000
v 125.7951 24.0236 52.0000
v 126.3777 21.6421 52.0000
v 120.4955 22.8472 52.0000
v 119.8793 25.1010 52.0000
v 125.1517 26.3935 52.0000
v 120.4955 22.8472 52.0000
v 125.1517 26.3935 52.0000
v 125.7951 24.0236 52.0000
v 119.8793 25.1010 52.0000
v 119.2053 27.3428 52.0000
v 124.4481 28.7507 52.0000
v 119.8793 25.1010 52.0000
v 124.4481 28.7507 52.0000
v 125.1517 26.3935 52.0000
v 119.2053 27.3428 52.0000
v 118.4739 29.5714 52.0000
v 123.6845 31.0941 52.0000
v 119.2053 27.3428 52.0000
v 123.6845 31.0941 52.0000
v 124.4481 28.7507 52.0000
v 118.4739 29.5714 52.0000
v 117.6853 31.7858 52.0000
v 122.8613 33.4224 52.0000
v 118.4739 29.5714 52.0000
v 122.8613 33.4224 52.0000
v 123.6845 31.0941 52.0000
v 117.6853 31.7858 52.0000
v 116.8401 33.9848 52.0000
v 121.9789 35.7347 52.0000
v 117.6853 31.7858 52.0000
v 121.9789 35.7347 52.0000
v 122.8613 33.4224 52.0000
v 116.8401 33.9848 52.0000
v 115.9385 36.1674 52.0000
v 121.0377 38.0297 52.0000
v 116.8401 33.9848 52.0000
v 121.0377 38.0297 52.0000
v 121.9789 35.7347 52.0000
v 115.9385 36.1674 52.0000
v 114.9811 38.3326 52.0000
v 120.0381 40.3064 52.0000
v 115.9385 36.1674 52.0000
v 120.0381 40.3064 52.0000
v 121.0377 38.0297 52.0000
v 114.9811 38.3326 52.0000
v 113.9682 40.4794 52.0000
v 118.9807 42.5637 52.0000
v 114.9811 38.3326 52.0000
v 118.9807 42.5637 52.0000
v 120.0381 40.3064 52.0000
v 113.9682 40.4794 52.0000
v 112.9004 42.6066 52.0000
v 117.8660 44.8004 52.0000
v 113.9682 40.4794 52.0000
v 117.8660 44.8004 52.0000
v 118.9807 42.5637 52.0000
v 112.9004 42.6066 52.0000
v 111.7782 44.7133 52.0000
v 116.6944 47.0156 52.0000
v 112.9004 42.6066 52.0000
v 116.6944 47.0156 52.0000
v 117.8660 44.8004 52.0000
v 111.7782 44.7133 52.0000
v 110.6022 46.7985 52.0000
v 115.4666 49.2081 52.0000
v 111.7782 44.7133 52.0000
v 115.4666 49.2081 52.0000
v 116.6944 47.0156 52.0000
v 110.6022 46.7985 52.0000
v 109.3728 48.8610 52.0000
v 114.1832 51.3769 52.0000
v 110.6022 46.7985 52.0000
v 114.1832 51.3769 52.0000
v 115.4666 49.2081 52.0000
v 109.3728 48.8610 52.0000
v 108.0907 50.9001 52.0000
v 112.8447 53.5210 52.0000
v 109.3728 48.8610 52.0000
v 112.8447 53.5210 52.0000
v 114.1832 51.3769 52.0000
v 108.0907 50.9001 52.0000
v 106.7565 52.9146 52.0000
v 111.4518 55.6392 52.0000
v 108.0907 50.9001 52.0000
v 111.4518 55.6392 52.0000
v 112.8447 53.5210 52.0000
v 106.7565 52.9146 52.0000
v 105.3709 54.9036 52.0000
v 110.0053 57.7306 52.0000
v 106.7565 52.9146 52.0000
v 110.0053 57.7306 52.0000
v 111.4518 55.6392 52.0000
v 105.3709 54.9036 52.0000
v 103.9345 56.8662 52.0000
v 108.5057 59.7942 52.0000
v 105.3709 54.9036 52.0000
v 108.5057 59.7942 52.0000
v 110.0053 57.7306 52.0000
v 103.9345 56.8662 52.0000
v 102.4480 58.8013 52.0000
v 106.9538 61.8290 52.0000
v 103.9345 56.8662 52.0000
v 106.9538 61.8290 52.0000
v 108.5057 59.7942 52.0000
v 102.4480 58.8013 52.0000
v 100.9121 60.7081 52.0000
v 105.3504 63.8340 52.0000
v 102.4480 58.8013 52.0000
v 105.3504 63.8340 52.0000
v 106.9538 61.8290 52.0000
v 100.9121 60.7081 52.0000
v 99.3276 62.5857 52.0000
v 103.6962 65.8082 52.0000
v 100.9121 60.7081 52.0000
v 103.6962 65.8082 52.0000
v 105.3504 63.8340 52.0000
v 99.3276 62.5857 52.0000
v 97.6952 64.4330 52.0000
v 101.9920 67.7507 52.0000
v 99.3276 62.5857 52.0000
v 101.9920 67.7507 52.0000
v 103.6962 65.8082 52.0000
v 97.6952 64.4330 52.0000
v 96.0157 66.2494 52.0000
v 100.2387 69.6606 52.0000
v 97.6952 64.4330 52.0000
v 100.2387 69.6606 52.0000
v 101.9920 67.7507 52.0000
v 96.0157 66.2494 52.0000
v 94.2900 68.0338 52.0000
v 98.4370 71.5369 52.0000
v 96.0157 66.2494 52.0000
v 98.4370 71.5369 52.0000
v 100.2387 69.6606 52.0000
v 94.2900 68.0338 52.0000
v 92.5188 69.7854 52.0000
v 96.5879 73.3787 52.0000
v 94.2900 68.0338 52.0000
v 96.5879 73.3787 52.0000
v 98.4370 71.5369 52.0000
v 92.5188 69.7854 52.0000
v 90.7030 71.5034 52.0000
v 94.6923 75.1851 52.0000
v 92.5188 69.7854 52.0000
v 94.6923 75.1851 52.0000
v 96.5879 73.3787 52.0000
v 90.7030 71.5034 52.0000
v 88.8435 73.1869 52.0000
v 92.7510 76.9553 52.0000
v 90.7030 71.5034 52.0000
v 92.7510 76.9553 52.0000
v 94.6923 75.1851 52.0000
v 88.8435 73.1869 52.0000
v 86.9412 74.8351 52.0000
v 90.7650 78.6884 52.0000
v 88.8435 73.1869 52.0000
v 90.7650 78.6884 52.0000
v 92.7510 76.9553 52.0000
v 86.9412 74.8351 52.0000
v 84.9970 76.4473 52.0000
v 88.7353 80.3836 52.0000
v 86.9412 74.8351 52.0000
v 88.7353 80.3836 52.0000
v 90.7650 78.6884 52.0000
v 84.9970 76.4473 52.0000
v 83.0118 78.0226 52.0000
v 86.6628 82.0401 52.0000
v 84.9970 76.4473 52.0000
v 86.6628 82.0401 52.0000
v 88.7353 80.3836 52.0000
v 83.0118 78.0226 52.0000
v 80.9867 79.5604 52.0000
v 84.5486 83.6570 52.0000
v 83.0118 78.0226 52.0000
v 84.5486 83.6570 52.0000
v 86.6628 82.0401 52.0000
v 80.9867 79.5604 52.0000
v 78.9224 81.0597 52.0000
v 82.3936 85.2336 52.0000
v 80.9867 79.5604 52.0000
v 82.3936 85.2336 52.0000
v 84.5486 83.6570 52.0000
v 78.9224 81.0597 52.0000
v 76.8202 82.5201 52.0000
v 80.1989 86.7691 52.0000
v 78.9224 81.0597 52.0000
v 80.1989 86.7691 52.0000
v 82.3936 85.2336 52.0000
v 76.8202 82.5201 52.0000
v 74.6809 83.9406 52.0000
v 77.9655 88.2628 52.0000
v 76.8202 82.5201 52.0000
v 77.9655 88.2628 52.0000
v 80.1989 86.7691 52.0000
v 74.6809 83.9406 52.0000
v 72.5056 85.3207 52.0000
v 75.6945 89.7139 52.0000
v 74.6809 83.9406 52.0000
v 75.6945 89.7139 52.0000
v 77.9655 88.2628 52.0000
v 72.5056 85.3207 52.0000
v 70.2954 86.6597 52.0000
v 73.3871 91.1218 52.0000
v 72.5056 85.3207 52.0000
v 73.3871 91.1218 52.0000
v 75.6945 89.7139 52.0000
v 70.2954 86.6597 52.0000
v 68.0513 87.9569 52.0000
v 71.0443 92.4858 52.0000
v 70.2954 86.6597 52.0000
v 71.0443 92.4858 52.0000
v 73.3871 91.1218 52.0000
v 68.0513 87.9569 52.0000
v 65.7745 89.2117 52.0000
v 68.6673 93.8053 52.0000
v 68.0513 87.9569 52.0000
v 68.6673 93.8053 52.0000
v 71.0443 92.4858 52.0000
v 65.7745 89.2117 52.0000
v 63.4659 90.4235 52.0000
v 66.2572 95.0795 52.0000
v 65.7745 89.2117 52.0000
v 66.2572 95.0795 52.0000
v 68.6673 93.8053 52.0000
v 63.4659 90.4235 52.0000
v 61.1267 91.5918 52.0000
v 63.8151 96.3079 52.0000
v 63.4659 90.4235 52.0000
v 63.8151 96.3079 52.0000
v 66.2572 95.0795 52.0000
v 61.1267 91.5918 52.0000
v 58.7580 92.7159 52.0000
v 61.3423 97.4899 52.0000
v 61.1267 91.5918 52.0000
v 61.3423 97.4899 52.0000
v 63.8151 96.3079 52.0000
v 58.7580 92.7159 52.0000
v 56.3611 93.7953 52.0000
v 58.8399 98.6248 52.0000
v 58.7580 92.7159 52.0000
v 58.8399 98.6248 52.0000
v 61.3423 97.4899 52.0000
v 56.3611 93.7953 52.0000
v 53.9370 94.8295 52.0000
v 56.3092 99.7123 52.0000
v 56.3611 93.7953 52.0000
v 56.3092 99.7123 52.0000
v 58.8399 98.6248 52.0000
v 53.9370 94.8295 52.0000
v 51.4869 95.8180 52.0000
v 53.7513 100.7517 52.0000
v 53.9370 94.8295 52.0000
v 53.7513 100.7517 52.0000
v 56.3092 99.7123 52.0000
v 51.4869 95.8180 52.0000
v 49.0119 96.7603 52.0000
v 51.1676 101.7426 52.0000
v 51.4869 95.8180 52.0000
v 51.1676 101.7426 52.0000
v 53.7513 100.7517 52.0000
v 49.0119 96.7603 52.0000
v 46.5134 97.6560 52.0000
v 48.5591 102.6844 52.0000
v 49.0119 96.7603 52.0000
v 48.5591 102.6844 52.0000
v 51.1676 101.7426 52.0000
v 46.5134 97.6560 52.0000
v 43.9924 98.5046 52.0000
v 45.9273 103.5767 52.0000
v 46.5134 97.6560 52.0000
v 45.9273 103.5767 52.0000
v 48.5591 102.6844 52.0000
v 43.9924 98.5046 52.0000
v 41.4503 99.3058 52.0000
v 43.2733 104.4191 52.0000
v 43.9924 98.5046 52.0000
v 43.2733 104.4191 52.0000
v 45.9273 103.5767 52.0000
v 41.4503 99.3058 52.0000
v 38.8881 100.0591 52.0000
v 40.5985 105.2112 52.0000
v 41.4503 99.3058 52.0000
v 40.5985 105.2112 52.0000
v 43.2733 104.4191 52.0000
v 38.8881 100.0591 52.0000
v 36.3072 100.7641 52.0000
v 37.9041 105.9525 52.0000
v 38.8881 100.0591 52.0000
v 37.9041 105.9525 52.0000
v 40.5985 105.2112 52.0000
v 36.3072 100.7641 52.0000
v 33.7088 101.4207 52.0000
v 35.1914 106.6429 52.0000
v 36.3072 100.7641 52.0000
v 35.1914 106.6429 52.0000
v 37.9041 105.9525 52.0000
v 33.7088 101.4207 52.0000
v 31.0942 102.0283 52.0000
v 32.4618 107.2818 52.0000
v 33.7088 101.4207 52.0000
v 32.4618 107.2818 52.0000
v 35.1914 106.6429 52.0000
v 31.0942 102.0283 52.0000
v 28.4646 102.5867 52.0000
v 29.7165 107.8690 52.0000
v 31.0942 102.0283 52.0000
v 29.7165 107.8690 52.0000
v 32.4618 107.2818 52.0000
v 28.4646 102.5867 52.0000
v 25.8213 103.0957 52.0000
v 26.9569 108.4042 52.0000
v 28.4646 102.5867 52.0000
v 26.9569 108.4042 52.0000
v 29.7165 107.8690 52.0000
v 25.8213 103.0957 52.0000
v 23.1655 103.5551 52.0000
v 24.1843 108.8872 52.0000
v 25.8213 103.0957 52.0000
v 24.1843 108.8872 52.0000
v 26.9569 108.4042 52.0000
v 23.1655 103.5551 52.0000
v 20.4985 103.9645 52.0000
v 21.4001 109.3177 52.0000
v 23.1655 103.5551 52.0000
v 21.4001 109.3177 52.0000
v 24.1843 108.8872 52.0000
v 20.4985 103.9645 52.0000
v 17.8217 104.3238 52.0000
v 18.6055 109.6955 52.0000
v 20.4985 103.9645 52.0000
v 18.6055 109.6955 52.0000
v 21.4001 109.3177 52.0000
v 17.8217 104.3238 52.0000
v 15.1363 104.6328 52.0000
v 15.8020 110.0204 52.0000
v 17.8217 104.3238 52.0000
v 15.8020 110.0204 52.0000
v 18.6055 109.6955 52.0000
v 15.1363 104.6328 52.0000
v 12.4436 104.8914 52.0000
v 12.9909 110.2923 52.0000
v 15.1363 104.6328 52.0000
v 12.9909 110.2923 52.0000
v 15.8020 110.0204 52.0000
v 12.4436 104.8914 52.0000
v 9.7449 105.0995 52.0000
v 10.1735 110.5111 52.0000
v 12.4436 104.8914 52.0000
v 10.1735 110.5111 52.0000
v 12.9909 110.2923 52.0000
v 9.7449 105.0995 52.0000
v 7.0415 105.2569 52.0000
v 7.3512 110.6766 52.0000
v 9.7449 105.0995 52.0000
v 7.3512 110.6766 52.0000
v 10.1735 110.5111 52.0000
v 7.0415 105.2569 52.0000
v 4.3347 105.3635 52.0000
v 4.5253 110.7888 52.0000
v 7.0415 105.2569 52.0000
v 4.5253 110.7888 52.0000
v 7.3512 110.6766 52.0000
v 4.3347 105.3635 52.0000
v 1.6258 105.4194 52.0000
v 1.6973 110.8475 52.0000
v 4.3347 105.3635 52.0000
v 1.6973 110.8475 52.0000
v 4.5253 110.7888 52.0000
v 1.6258 105.4194 52.0000
v -1.0839 105.4245 52.0000
v -1.1315 110.8529 52.0000
v 1.6258 105.4194 52.0000
v -1.1315 110.8529 52.0000
v 1.6973 110.8475 52.0000
v -1.0839 105.4245 52.0000
v -3.7930 105.3788 52.0000
v -3.9598 110.8048 52.0000
v -1.0839 105.4245 52.0000
v -3.9598 110.8048 52.0000
v -1.1315 110.8529 52.0000
v -3.7930 105.3788 52.0000
v -6.5003 105.2823 52.0000
v -6.7862 110.7033 52.0000
v -3.7930 105.3788 52.0000
v -6.7862 110.7033 52.0000
v -3.9598 110.8048 52.0000
v -6.5003 105.2823 52.0000
v -9.2045 105.1350 52.0000
v -9.6094 110.5485 52.0000
v -6.5003 105.2823 52.0000
v -9.6094 110.5485 52.0000
v -6.7862 110.7033 52.0000
v -9.2045 105.1350 52.0000
v -11.9043 104.9371 52.0000
v -12.4278 110.3403 52.0000
v -9.2045 105.1350 52.0000
v -12.4278 110.3403 52.0000
v -9.6094 110.5485 52.0000
v -11.9043 104.9371 52.0000
v -14.5983 104.6886 52.0000
v -15.2403 110.0790 52.0000
v -11.9043 104.9371 52.0000
v -15.2403 110.0790 52.0000
v -12.4278 110.3403 52.0000
v -14.5983 104.6886 52.0000
v -17.2853 104.3896 52.0000
v -18.0455 109.7647 52.0000
v -14.5983 104.6886 52.0000
v -18.0455 109.7647 52.0000
v -15.2403 110.0790 52.0000
v -17.2853 104.3896 52.0000
v -19.9639 104.0404 52.0000
v -20.8420 109.3974 52.0000
v -17.2853 104.3896 52.0000
v -20.8420 109.3974 52.0000
v -18.0455 109.7647 52.0000
v -19.9639 104.0404 52.0000
v -22.6329 103.6409 52.0000
v -23.6284 108.9775 52.0000
v -19.9639 104.0404 52.0000
v -23.6284 108.9775 52.0000
v -20.8420 109.3974 52.0000
v -22.6329 103.6409 52.0000
v -25.2911 103.1916 52.0000
v -26.4034 108.5050 52.0000
v -22.6329 103.6409 52.0000
v -26.4034 108.5050 52.0000
v -23.6284 108.9775 52.0000
v -25.2911 103.1916 52.0000
v -27.9370 102.6925 52.0000
v -29.1657 107.9802 52.0000
v -25.2911 103.1916 52.0000
v -29.1657 107.9802 52.0000
v -26.4034 108.5050 52.0000
v -27.9370 102.6925 52.0000
v -30.5694 102.1439 52.0000
v -31.9139 107.4034 52.0000
v -27.9370 102.6925 52.0000
v -31.9139 107.4034 52.0000
v -29.1657 107.9802 52.0000
v -30.5694 102.1439 52.0000
v -33.1872 101.5461 52.0000
v -34.6468 106.7748 52.0000
v -30.5694 102.1439 52.0000
v -34.6468 106.7748 52.0000
v -31.9139 107.4034 52.0000
v -33.1872 101.5461 52.0000
v -35.7889 100.8993 52.0000
v -37.3630 106.0947 52.0000
v -33.1872 101.5461 52.0000
v -37.3630 106.0947 52.0000
v -34.6468 106.7748 52.0000
v -35.7889 100.8993 52.0000
v -38.3734 100.2040 52.0000
v -40.0611 105.3635 52.0000
v -35.7889 100.8993 52.0000
v -40.0611 105.3635 52.0000
v -37.3630 106.0947 52.0000
v -38.3734 100.2040 52.0000
v -40.9394 99.4603 52.0000
v -42.7400 104.5815 52.0000
v -38.3734 100.2040 52.0000
v -42.7400 104.5815 52.0000
v -40.0611 105.3635 52.0000
v -40.9394 99.4603 52.0000
v -43.4856 98.6687 52.0000
v -45.3982 103.7492 52.0000
v -40.9394 99.4603 52.0000
v -45.3982 103.7492 52.0000
v -42.7400 104.5815 52.0000
v -43.4856 98.6687 52.0000
v -46.0109 97.8295 52.0000
v -48.0346 102.8668 52.0000
v -43.4856 98.6687 52.0000
v -48.0346 102.8668 52.0000
v -45.3982 103.7492 52.0000
v -46.0109 97.8295 52.0000
v -48.5141 96.9432 52.0000
v -50.6478 101.9349 52.0000
v -46.0109 97.8295 52.0000
v -50.6478 101.9349 52.0000
v -48.0346 102.8668 52.0000
v -48.5141 96.9432 52.0000
v -50.9938 96.0102 52.0000
v -53.2366 100.9538 52.0000
v -48.5141 96.9432 52.0000
v -53.2366 100.9538 52.0000
v -50.6478 101.9349 52.0000
v -50.9938 96.0102 52.0000
v -53.4490 95.0309 52.0000
v -55.7998 99.9240 52.0000
v -50.9938 96.0102 52.0000
v -55.7998 99.9240 52.0000
v -53.2366 100.9538 52.0000
v -53.4490 95.0309 52.0000
v -55.8784 94.0058 52.0000
v -58.3360 98.8462 52.0000
v -53.4490 95.0309 52.0000
v -58.3360 98.8462 52.0000
v -55.7998 99.9240 52.0000
v -55.8784 94.0058 52.0000
v -58.2809 92.9353 52.0000
v -60.8442 97.7206 52.0000
v -55.8784 94.0058 52.0000
v -60.8442 97.7206 52.0000
v -58.3360 98.8462 52.0000
v -58.2809 92.9353 52.0000
v -60.6553 91.8201 52.0000
v -63.3230 96.5480 52.0000
v -58.2809 92.9353 52.0000
v -63.3230 96.5480 52.0000
v -60.8442 97.7206 52.0000
v -60.6553 91.8201 52.0000
v -63.0004 90.6607 52.0000
v -65.7713 95.3288 52.0000
v -60.6553 91.8201 52.0000
v -65.7713 95.3288 52.0000
v -63.3230 96.5480 52.0000
v -63.0004 90.6607 52.0000
v -65.3152 89.4575 52.0000
v -68.1879 94.0637 52.0000
v -63.0004 90.6607 52.0000
v -68.1879 94.0637 52.0000
v -65.7713 95.3288 52.0000
v -65.3152 89.4575 52.0000
v -67.5986 88.2113 52.0000
v -70.5716 92.7533 52.0000
v -65.3152 89.4575 52.0000
v -70.5716 92.7533 52.0000
v -68.1879 94.0637 52.0000
v -67.5986 88.2113 52.0000
v -69.8493 86.9225 52.0000
v -72.9214 91.3982 52.0000
v -67.5986 88.2113 52.0000
v -72.9214 91.3982 52.0000
v -70.5716 92.7533 52.0000
v -69.8493 86.9225 52.0000
v -72.0664 85.5918 52.0000
v -75.2359 89.9990 52.0000
v -69.8493 86.9225 52.0000
v -75.2359 89.9990 52.0000
v -72.9214 91.3982 52.0000
v -72.0664 85.5918 52.0000
v -74.2487 84.2199 52.0000
v -77.5143 88.5564 52.0000
v -72.0664 85.5918 52.0000
v -77.5143 88.5564 52.0000
v -75.2359 89.9990 52.0000
v -74.2487 84.2199 52.0000
v -76.3953 82.8074 52.0000
v -79.7552 87.0712 52.0000
v -74.2487 84.2199 52.0000
v -79.7552 87.0712 52.0000
v -77.5143 88.5564 52.0000
v -76.3953 82.8074 52.0000
v -78.5050 81.3550 52.0000
v -81.9578 85.5440 52.0000
v -76.3953 82.8074 52.0000
v -81.9578 85.5440 52.0000
v -79.7552 87.0712 52.0000
v -78.5050 81.3550 52.0000
v -80.5769 79.8633 52.0000
v -84.1208 83.9755 52.0000
v -78.5050 81.3550 52.0000
v -84.1208 83.9755 52.0000
v -81.9578 85.5440 52.0000
v -80.5769 79.8633 52.0000
v -82.6100 78.3332 52.0000
v -86.2433 82.3666 52.0000
v -80.5769 79.8633 52.0000
v -86.2433 82.3666 52.0000
v -84.1208 83.9755 52.0000
v -82.6100 78.3332 52.0000
v -84.6032 76.7653 52.0000
v -88.3242 80.7180 52.0000
v -82.6100 78.3332 52.0000
v -88.3242 80.7180 52.0000
v -86.2433 82.3666 52.0000
v -84.6032 76.7653 52.0000
v -86.5557 75.1605 52.0000
v -90.3626 79.0305 52.0000
v -84.6032 76.7653 52.0000
v -90.3626 79.0305 52.0000
v -88.3242 80.7180 52.0000
v -86.5557 75.1605 52.0000
v -88.4665 73.5194 52.0000
v -92.3574 77.3049 52.0000
v -86.5557 75.1605 52.0000
v -92.3574 77.3049 52.0000
v -90.3626 79.0305 52.0000
v -88.4665 73.5194 52.0000
v -90.3346 71.8428 52.0000
v -94.3076 75.5421 52.0000
v -88.4665 73.5194 52.0000
v -94.3076 75.5421 52.0000
v -92.3574 77.3049 52.0000
v -90.3346 71.8428 52.0000
v -92.1592 70.1317 52.0000
v -96.2125 73.7428 52.0000
v -90.3346 71.8428 52.0000
v -96.2125 73.7428 52.0000
v -94.3076 75.5421 52.0000
v -92.1592 70.1317 52.0000
v -93.9394 68.3867 52.0000
v -98.0710 71.9080 52.0000
v -92.1592 70.1317 52.0000
v -98.0710 71.9080 52.0000
v -96.2125 73.7428 52.0000
v -93.9394 68.3867 52.0000
v -95.6743 66.6088 52.0000
v -99.8822 70.0386 52.0000
v -93.9394 68.3867 52.0000
v -99.8822 70.0386 52.0000
v -98.0710 71.9080 52.0000
v -95.6743 66.6088 52.0000
v -97.3631 64.7988 52.0000
v -101.6452 68.1353 52.0000
v -95.6743 66.6088 52.0000
v -101.6452 68.1353 52.0000
v -99.8822 70.0386 52.0000
v -97.3631 64.7988 52.0000
v -99.0049 62.9576 52.0000
v -103.3593 66.1993 52.0000
v -97.3631 64.7988 52.0000
v -103.3593 66.1993 52.0000
v -101.6452 68.1353 52.0000
v -99.0049 62.9576 52.0000
v -100.5991 61.0860 52.0000
v -105.0236 64.2313 52.0000
v -99.0049 62.9576 52.0000
v -105.0236 64.2313 52.0000
v -103.3593 66.1993 52.0000
v -100.5991 61.0860 52.0000
v -102.1447 59.1850 52.0000
v -106.6372 62.2324 52.0000
v -100.5991 61.0860 52.0000
v -106.6372 62.2324 52.0000
v -105.0236 64.2313 52.0000
v -102.1447 59.1850 52.0000
v -103.6412 57.2554 52.0000
v -108.1995 60.2035 52.0000
v -102.1447 59.1850 52.0000
v -108.1995 60.2035 52.0000
v -106.6372 62.2324 52.0000
v -103.6412 57.2554 52.0000
v -105.0877 55.2983 52.0000
v -109.7096 58.1456 52.0000
v -103.6412 57.2554 52.0000
v -109.7096 58.1456 52.0000
v -108.1995 60.2035 52.0000
v -105.0877 55.2983 52.0000
v -106.4835 53.3145 52.0000
v -111.1668 56.0597 52.0000
v -105.0877 55.2983 52.0000
v -111.1668 56.0597 52.0000
v -109.7096 58.1456 52.0000
v -106.4835 53.3145 52.0000
v -107.8280 51.3050 52.0000
v -112.5705 53.9467 52.0000
v -106.4835 53.3145 52.0000
v -112.5705 53.9467 52.0000
v -111.1668 56.0597 52.0000
v -107.8280 51.3050 52.0000
v -109.1206 49.2708 52.0000
v -113.9199 51.8077 52.0000
v -107.8280 51.3050 52.0000
v -113.9199 51.8077 52.0000
v -112.5705 53.9467 52.0000
v -109.1206 49.2708 52.0000
v -110.3605 47.2128 52.0000
v -115.2144 49.6438 52.0000
v -109.1206 49.2708 52.0000
v -115.2144 49.6438 52.0000
v -113.9199 51.8077 52.0000
v -110.3605 47.2128 52.0000
v -111.5473 45.1321 52.0000
v -116.4533 47.4560 52.0000
v -110.3605 47.2128 52.0000
v -116.4533 47.4560 52.0000
v -115.2144 49.6438 52.0000
v -111.5473 45.1321 52.0000
v -112.6803 43.0296 52.0000
v -117.6362 45.2452 52.0000
v -111.5473 45.1321 52.0000
v -117.6362 45.2452 52.0000
v -116.4533 47.4560 52.0000
v -112.6803 43.0296 52.0000
v -113.7590 40.9064 52.0000
v -118.7623 43.0127 52.0000
v -112.6803 43.0296 52.0000
v -118.7623 43.0127 52.0000
v -117.6362 45.2452 52.0000
v -113.7590 40.9064 52.0000
v -114.7829 38.7635 52.0000
v -119.8312 40.7594 52.0000
v -113.7590 40.9064 52.0000
v -119.8312 40.7594 52.0000
v -118.7623 43.0127 52.0000
v -114.7829 38.7635 52.0000
v -115.7515 36.6019 52.0000
v -120.8424 38.4865 52.0000
v -114.7829 38.7635 52.0000
v -120.8424 38.4865 52.0000
v -119.8312 40.7594 52.0000
v -115.7515 36.6019 52.0000
v -116.6643 34.4226 52.0000
v -121.7953 36.1951 52.0000
v -115.7515 36.6019 52.0000
v -121.7953 36.1951 52.0000
v -120.8424 38.4865 52.0000
v -116.6643 34.4226 52.0000
v -117.5208 32.2268 52.0000
v -122.6895 33.8862 52.0000
v -116.6643 34.4226 52.0000
v -122.6895 33.8862 52.0000
v -121.7953 36.1951 52.0000
v -117.5208 32.2268 52.0000
v -118.3207 30.0154 52.0000
v -123.5246 31.5610 52.0000
v -117.5208 32.2268 52.0000
v -123.5246 31.5610 52.0000
v -122.6895 33.8862 52.0000
v -118.3207 30.0154 52.0000
v -119.0636 27.7896 52.0000
v -124.3002 29.2205 52.0000
v -118.3207 30.0154 52.0000
v -124.3002 29.2205 52.0000
v -123.5246 31.5610 52.0000
v -119.0636 27.7896 52.0000
v -119.7491 25.5504 52.0000
v -125.0158 26.8660 52.0000
v -119.0636 27.7896 52.0000
v -125.0158 26.8660 52.0000
v -124.3002 29.2205 52.0000
v -119.7491 25.5504 52.0000
v -120.3769 23.2989 52.0000
v -125.6712 24.4985 52.0000
v -119.7491 25.5504 52.0000
v -125.6712 24.4985 52.0000
v -125.0158 26.8660 52.0000
v -120.3769 23.2989 52.0000
v -120.9467 21.0361 52.0000
v -126.2661 22.1192 52.0000
v -120.3769 23.2989 52.0000
v -126.2661 22.1192 52.0000
v -125.6712 24.4985 52.0000
v -120.9467 21.0361 52.0000
v -121.4581 18.7632 52.0000
v -126.8000 19.7293 52.0000
v -120.9467 21.0361 52.0000
v -126.8000 19.7293 52.0000
v -126.2661 22.1192 52.0000
v -121.4581 18.7632 52.0000
v -121.9111 16.4812 52.0000
v -127.2729 17.3299 52.0000
v -121.4581 18.7632 52.0000
v -127.2729 17.3299 52.0000
v -126.8000 19.7293 52.0000
v -121.9111 16.4812 52.0000
v -122.3053 14.1913 52.0000
v -127.6844 14.9221 52.0000
v -121.9111 16.4812 52.0000
v -127.6844 14.9221 52.0000
v -127.2729 17.3299 52.0000
v -122.3053 14.1913 52.0000
v -122.6405 11.8946 52.0000
v -128.0344 12.5071 52.0000
v -122.3053 14.1913 52.0000
v -128.0344 12.5071 52.0000
v -127.6844 14.9221 52.0000
v -122.6405 11.8946 52.0000
v -122.9167 9.5921 52.0000
v -128.3227 10.0860 52.0000
v -122.6405 11.8946 52.0000
v -128.3227 10.0860 52.0000
v -128.0344 12.5071 52.0000
v -122.9167 9.5921 52.0000
v -123.1335 7.2851 52.0000
v -128.5491 7.6602 52.0000
v -122.9167 9.5921 52.0000
v -128.5491 7.6602 52.0000
v -128.3227 10.0860 52.0000
v -123.1335 7.2851 52.0000
v -123.2911 4.9745 52.0000
v -128.7136 5.2306 52.0000
v -123.1335 7.2851 52.0000
v -128.7136 5.2306 52.0000
v -128.5491 7.6602 52.0000
v -123.2911 4.9745 52.0000
v -123.3892 2.6615 52.0000
v -128.8161 2.7985 52.0000
v -123.2911 4.9745 52.0000
v -128.8161 2.7985 52.0000
v -128.7136 5.2306 52.0000
v -123.3892 2.6615 52.0000
v -123.4279 0.3472 52.0000
v -128.8564 0.3651 52.0000
v -123.3892 2.6615 52.0000
v -128.8564 0.3651 52.0000
v -128.8161 2.7985 52.0000
v -123.4279 0.3472 52.0000
v -123.4071 -1.9673 52.0000
v -128.8347 -2.0686 52.0000
v -123.4279 0.3472 52.0000
v -128.8347 -2.0686 52.0000
v -128.8564 0.3651 52.0000
v -123.4071 -1.9673 52.0000
v -123.3268 -4.2808 52.0000
v -128.7509 -4.5012 52.0000
v -123.4071 -1.9673 52.0000
v -128.7509 -4.5012 52.0000
v -128.8347 -2.0686 52.0000
v -123.3268 -4.2808 52.0000
v -123.1871 -6.5922 52.0000
v -128.6050 -6.9316 52.0000
v -123.3268 -4.2808 52.0000
v -128.6050 -6.9316 52.0000
v -128.7509 -4.5012 52.0000
v -123.1871 -6.5922 52.0000
v -122.9879 -8.9005 52.0000
v -128.3971 -9.3587 52.0000
v -123.1871 -6.5922 52.0000
v -128.3971 -9.3587 52.0000
v -128.6050 -6.9316 52.0000
v -122.9879 -8.9005 52.0000
v -122.7296 -11.2044 52.0000
v -128.1274 -11.7813 52.0000
v -122.9879 -8.9005 52.0000
v -128.1274 -11.7813 52.0000
v -128.3971 -9.3587 52.0000
v -122.7296 -11.2044 52.0000
v -122.4120 -13.5030 52.0000
v -127.7959 -14.1983 52.0000
v -122.7296 -11.2044 52.0000
v -127.7959 -14.1983 52.0000
v -128.1274 -11.7813 52.0000
v -122.4120 -13.5030 52.0000
v -122.0355 -15.7950 52.0000
v -127.4028 -16.6083 52.0000
v -122.4120 -13.5030 52.0000
v -127.4028 -16.6083 52.0000
v -127.7959 -14.1983 52.0000
v -122.0355 -15.7950 52.0000
v -121.6002 -18.0795 52.0000
v -126.9483 -19.0104 52.0000
v -122.0355 -15.7950 52.0000
v -126.9483 -19.0104 52.0000
v -127.4028 -16.6083 52.0000
v -121.6002 -18.0795 52.0000
v -121.1062 -20.3552 52.0000
v -126.4327 -21.4033 52.0000
v -121.6002 -18.0795 52.0000
v -126.4327 -21.4033 52.0000
v -126.9483 -19.0104 52.0000
v -121.1062 -20.3552 52.0000
v -120.5539 -22.6212 52.0000
v -125.8561 -23.7859 52.0000
v -121.1062 -20.3552 52.0000
v -125.8561 -23.7859 52.0000
v -126.4327 -21.4033 52.0000
v -120.5539 -22.6212 52.0000
v -119.9435 -24.8762 52.0000
v -125.2188 -26.1571 52.0000
v -120.5539 -22.6212 52.0000
v -125.2188 -26.1571 52.0000
v -125.8561 -23.7859 52.0000
v -119.9435 -24.8762 52.0000
v -119.2753 -27.1192 52.0000
v -124.5212 -28.5156 52.0000
v -119.9435 -24.8762 52.0000
v -124.5212 -28.5156 52.0000
v -125.2188 -26.1571 52.0000
v -119.2753 -27.1192 52.0000
v -118.5496 -29.3492 52.0000
v -123.7636 -30.8604 52.0000
v -119.2753 -27.1192 52.0000
v -123.7636 -30.8604 52.0000
v -124.5212 -28.5156 52.0000
v -118.5496 -29.3492 52.0000
v -117.7667 -31.5650 52.0000
v -122.9463 -33.1903 52.0000
v -118.5496 -29.3492 52.0000
v -122.9463 -33.1903 52.0000
v -123.7636 -30.8604 52.0000
v -117.7667 -31.5650 52.0000
v -116.9271 -33.7656 52.0000
v -122.0698 -35.5042 52.0000
v -117.7667 -31.5650 52.0000
v -122.0698 -35.5042 52.0000
v -122.9463 -33.1903 52.0000
v -116.9271 -33.7656 52.0000
v -116.0312 -35.9499 52.0000
v -121.1344 -37.8010 52.0000
v -116.9271 -33.7656 52.0000
v -121.1344 -37.8010 52.0000
v -122.0698 -35.5042 52.0000
v -116.0312 -35.9499 52.0000
v -115.0793 -38.1169 52.0000
v -120.1407 -40.0796 52.0000
v -116.0312 -35.9499 52.0000
v -120.1407 -40.0796 52.0000
v -121.1344 -37.8010 52.0000
v -115.0793 -38.1169 52.0000
v -114.0720 -40.2656 52.0000
v -119.0890 -42.3389 52.0000
v -115.0793 -38.1169 52.0000
v -119.0890 -42.3389 52.0000
v -120.1407 -40.0796 52.0000
v -114.0720 -40.2656 52.0000
v -113.0097 -42.3948 52.0000
v -117.9800 -44.5777 52.0000
v -114.0720 -40.2656 52.0000
v -117.9800 -44.5777 52.0000
v -119.0890 -42.3389 52.0000
v -113.0097 -42.3948 52.0000
v -111.8929 -44.5036 52.0000
v -116.8141 -46.7951 52.0000
v -113.0097 -42.3948 52.0000
v -116.8141 -46.7951 52.0000
v -117.9800 -44.5777 52.0000
v -111.8929 -44.5036 52.0000
v -110.7222 -46.5909 52.0000
v -115.5919 -48.9899 52.0000
v -111.8929 -44.5036 52.0000
v -115.5919 -48.9899 52.0000
v -116.8141 -46.7951 52.0000
v -110.7222 -46.5909 52.0000
v -109.4981 -48.6558 52.0000
v -114.3140 -51.1611 52.0000
v -110.7222 -46.5909 52.0000
v -114.3140 -51.1611 52.0000
v -115.5919 -48.9899 52.0000
v -109.4981 -48.6558 52.0000
v -108.2213 -50.6973 52.0000
v -112.9810 -53.3077 52.0000
v -109.4981 -48.6558 52.0000
v -112.9810 -53.3077 52.0000
v -114.3140 -51.1611 52.0000
v -108.2213 -50.6973 52.0000
v -106.8923 -52.7143 52.0000
v -111.5936 -55.4286 52.0000
v -108.2213 -50.6973 52.0000
v -111.5936 -55.4286 52.0000
v -112.9810 -53.3077 52.0000
v 126.8995 19.2501 52.0000
v 126.3777 21.6421 52.0000
v 131.7019 22.7019 52.0000
v 126.8995 19.2501 52.0000
v 131.7019 22.7019 52.0000
v 132.2456 20.1928 52.0000
v 126.3777 21.6421 52.0000
v 125.7951 24.0236 52.0000
v 131.0946 25.2000 52.0000
v 126.3777 21.6421 52.0000
v 131.0946 25.2000 52.0000
v 131.7019 22.7019 52.0000
v 125.7951 24.0236 52.0000
v 125.1517 26.3935 52.0000
v 130.4242 27.6860 52.0000
v 125.7951 24.0236 52.0000
v 130.4242 27.6860 52.0000
v 131.0946 25.2000 52.0000
v 125.1517 26.3935 52.0000
v 124.4481 28.7507 52.0000
v 129.6909 30.1586 52.0000
v 125.1517 26.3935 52.0000
v 129.6909 30.1586 52.0000
v 130.4242 27.6860 52.0000
v 124.4481 28.7507 52.0000
v 123.6845 31.0941 52.0000
v 128.8952 32.6167 52.0000
v 124.4481 28.7507 52.0000
v 128.8952 32.6167 52.0000
v 129.6909 30.1586 52.0000
v 123.6845 31.0941 52.0000
v 122.8613 33.4224 52.0000
v 128.0373 35.0591 52.0000
v 123.6845 31.0941 52.0000
v 128.0373 35.0591 52.0000
v 128.8952 32.6167 52.0000
v 122.8613 33.4224 52.0000
v 121.9789 35.7347 52.0000
v 127.1177 37.4846 52.0000
v 122.8613 33.4224 52.0000
v 127.1177 37.4846 52.0000
v 128.0373 35.0591 52.0000
v 121.9789 35.7347 52.0000
v 121.0377 38.0297 52.0000
v 126.1368 39.8920 52.0000
v 121.9789 35.7347 52.0000
v 126.1368 39.8920 52.0000
v 127.1177 37.4846 52.0000
v 121.0377 38.0297 52.0000
v 120.0381 40.3064 52.0000
v 125.0951 42.2802 52.0000
v 121.0377 38.0297 52.0000
v 125.0951 42.2802 52.0000
v 126.1368 39.8920 52.0000
v 120.0381 40.3064 52.0000
v 118.9807 42.5637 52.0000
v 123.9932 44.6480 52.0000
v 120.0381 40.3064 52.0000
v 123.9932 44.6480 52.0000
v 125.0951 42.2802 52.0000
v 118.9807 42.5637 52.0000
v 117.8660 44.8004 52.0000
v 122.8315 46.9943 52.0000
v 118.9807 42.5637 52.0000
v 122.8315 46.9943 52.0000
v 123.9932 44.6480 52.0000
v 117.8660 44.8004 52.0000
v 116.6944 47.0156 52.0000
v 121.6106 49.3179 52.0000
v 117.8660 44.8004 52.0000
v 121.6106 49.3179 52.0000
v 122.8315 46.9943 52.0000
v 116.6944 47.0156 52.0000
v 115.4666 49.2081 52.0000
v 120.3311 51.6178 52.0000
v 116.6944 47.0156 52.0000
v 120.3311 51.6178 52.0000
v 121.6106 49.3179 52.0000
v 115.4666 49.2081 52.0000
v 114.1832 51.3769 52.0000
v 118.9936 53.8928 52.0000
v 115.4666 49.2081 52.0000
v 118.9936 53.8928 52.0000
v 120.3311 51.6178 52.0000
v 114.1832 51.3769 52.0000
v 112.8447 53.5210 52.0000
v 117.5987 56.1418 52.0000
v 114.1832 51.3769 52.0000
v 117.5987 56.1418 52.0000
v 118.9936 53.8928 52.0000
v 112.8447 53.5210 52.0000
v 111.4518 55.6392 52.0000
v 116.1472 58.3638 52.0000
v 112.8447 53.5210 52.0000
v 116.1472 58.3638 52.0000
v 117.5987 56.1418 52.0000
v 111.4518 55.6392 52.0000
v 110.0053 57.7306 52.0000
v 114.6396 60.5576 52.0000
v 111.4518 55.6392 52.0000
v 114.6396 60.5576 52.0000
v 116.1472 58.3638 52.0000
v 110.0053 57.7306 52.0000
v 108.5057 59.7942 52.0000
v 113.0769 62.7223 52.0000
v 110.0053 57.7306 52.0000
v 113.0769 62.7223 52.0000
v 114.6396 60.5576 52.0000
v 108.5057 59.7942 52.0000
v 106.9538 61.8290 52.0000
v 111.4596 64.8567 52.0000
v 108.5057 59.7942 52.0000
v 111.4596 64.8567 52.0000
v 113.0769 62.7223 52.0000
v 106.9538 61.8290 52.0000
v 105.3504 63.8340 52.0000
v 109.7886 66.9599 52.0000
v 106.9538 61.8290 52.0000
v 109.7886 66.9599 52.0000
v 111.4596 64.8567 52.0000
v 105.3504 63.8340 52.0000
v 103.6962 65.8082 52.0000
v 108.0647 69.0308 52.0000
v 105.3504 63.8340 52.0000
v 108.0647 69.0308 52.0000
v 109.7886 66.9599 52.0000
v 103.6962 65.8082 52.0000
v 101.9920 67.7507 52.0000
v 106.2888 71.0684 52.0000
v 103.6962 65.8082 52.0000
v 106.2888 71.0684 52.0000
v 108.0647 69.0308 52.0000
v 101.9920 67.7507 52.0000
v 100.2387 69.6606 52.0000
v 104.4616 73.0718 52.0000
v 101.9920 67.7507 52.0000
v 104.4616 73.0718 52.0000
v 106.2888 71.0684 52.0000
v 100.2387 69.6606 52.0000
v 98.4370 71.5369 52.0000
v 102.5840 75.0400 52.0000
v 100.2387 69.6606 52.0000
v 102.5840 75.0400 52.0000
v 104.4616 73.0718 52.0000
v 98.4370 71.5369 52.0000
v 96.5879 73.3787 52.0000
v 100.6570 76.9720 52.0000
v 98.4370 71.5369 52.0000
v 100.6570 76.9720 52.0000
v 102.5840 75.0400 52.0000
v 96.5879 73.3787 52.0000
v 94.6923 75.1851 52.0000
v 98.6815 78.8668 52.0000
v 96.5879 73.3787 52.0000
v 98.6815 78.8668 52.0000
v 100.6570 76.9720 52.0000
v 94.6923 75.1851 52.0000
v 92.7510 76.9553 52.0000
v 96.6585 80.7237 52.0000
v 94.6923 75.1851 52.0000
v 96.6585 80.7237 52.0000
v 98.6815 78.8668 52.0000
v 92.7510 76.9553 52.0000
v 90.7650 78.6884 52.0000
v 94.5888 82.5417 52.0000
v 92.7510 76.9553 52.0000
v 94.5888 82.5417 52.0000
v 96.6585 80.7237 52.0000
v 90.7650 78.6884 52.0000
v 88.7353 80.3836 52.0000
v 92.4736 84.3199 52.0000
v 90.7650 78.6884 52.0000
v 92.4736 84.3199 52.0000
v 94.5888 82.5417 52.0000
v 88.7353 80.3836 52.0000
v 86.6628 82.0401 52.0000
v 90.3138 86.0575 52.0000
v 88.7353 80.3836 52.0000
v 90.3138 86.0575 52.0000
v 92.4736 84.3199 52.0000
v 86.6628 82.0401 52.0000
v 84.5486 83.6570 52.0000
v 88.1105 87.7536 52.0000
v 86.6628 82.0401 52.0000
v 88.1105 87.7536 52.0000
v 90.3138 86.0575 52.0000
v 84.5486 83.6570 52.0000
v 82.3936 85.2336 52.0000
v 85.8647 89.4074 52.0000
v 84.5486 83.6570 52.0000
v 85.8647 89.4074 52.0000
v 88.1105 87.7536 52.0000
v 82.3936 85.2336 52.0000
v 80.1989 86.7691 52.0000
v 83.5775 91.0181 52.0000
v 82.3936 85.2336 52.0000
v 83.5775 91.0181 52.0000
v 85.8647 89.4074 52.0000
v 80.1989 86.7691 52.0000
v 77.9655 88.2628 52.0000
v 81.2501 92.5849 52.0000
v 80.1989 86.7691 52.0000
v 81.2501 92.5849 52.0000
v 83.5775 91.0181 52.0000
v 77.9655 88.2628 52.0000
v 75.6945 89.7139 52.0000
v 78.8835 94.1071 52.0000
v 77.9655 88.2628 52.0000
v 78.8835 94.1071 52.0000
v 81.2501 92.5849 52.0000
v 75.6945 89.7139 52.0000
v 73.3871 91.1218 52.0000
v 76.4788 95.5840 52.0000
v 75.6945 89.7139 52.0000
v 76.4788 95.5840 52.0000
v 78.8835 94.1071 52.0000
v 73.3871 91.1218 52.0000
v 71.0443 92.4858 52.0000
v 74.0373 97.0148 52.0000
v 73.3871 91.1218 52.0000
v 74.0373 97.0148 52.0000
v 76.4788 95.5840 52.0000
v 71.0443 92.4858 52.0000
v 68.6673 93.8053 52.0000
v 71.5602 98.3988 52.0000
v 71.0443 92.4858 52.0000
v 71.5602 98.3988 52.0000
v 74.0373 97.0148 52.0000
v 68.6673 93.8053 52.0000
v 66.2572 95.0795 52.0000
v 69.0485 99.7354 52.0000
v 68.6673 93.8053 52.0000
v 69.0485 99.7354 52.0000
v 71.5602 98.3988 52.0000
v 66.2572 95.0795 52.0000
v 63.8151 96.3079 52.0000
v 66.5036 101.0240 52.0000
v 66.2572 95.0795 52.0000
v 66.5036 101.0240 52.0000
v 69.0485 99.7354 52.0000
v 63.8151 96.3079 52.0000
v 61.3423 97.4899 52.0000
v 63.9266 102.2638 52.0000
v 63.8151 96.3079 52.0000
v 63.9266 102.2638 52.0000
v 66.5036 101.0240 52.0000
v 61.3423 97.4899 52.0000
v 58.8399 98.6248 52.0000
v 61.3188 103.4544 52.0000
v 61.3423 97.4899 52.0000
v 61.3188 103.4544 52.0000
v 63.9266 102.2638 52.0000
v 58.8399 98.6248 52.0000
v 56.3092 99.7123 52.0000
v 58.6814 104.5951 52.0000
v 58.8399 98.6248 52.0000
v 58.6814 104.5951 52.0000
v 61.3188 103.4544 52.0000
v 56.3092 99.7123 52.0000
v 53.7513 100.7517 52.0000
v 56.0158 105.6854 52.0000
v 56.3092 99.7123 52.0000
v 56.0158 105.6854 52.0000
v 58.6814 104.5951 52.0000
v 53.7513 100.7517 52.0000
v 51.1676 101.7426 52.0000
v 53.3232 106.7248 52.0000
v 53.7513 100.7517 52.0000
v 53.3232 106.7248 52.0000
v 56.0158 105.6854 52.0000
v 51.1676 101.7426 52.0000
v 48.5591 102.6844 52.0000
v 50.6048 107.7127 52.0000
v 51.1676 101.7426 52.0000
v 50.6048 107.7127 52.0000
v 53.3232 106.7248 52.0000
v 48.5591 102.6844 52.0000
v 45.9273 103.5767 52.0000
v 47.8621 108.6487 52.0000
v 48.5591 102.6844 52.0000
v 47.8621 108.6487 52.0000
v 50.6048 107.7127 52.0000
v 45.9273 103.5767 52.0000
v 43.2733 104.4191 52.0000
v 45.0963 109.5324 52.0000
v 45.9273 103.5767 52.0000
v 45.0963 109.5324 52.0000
v 47.8621 108.6487 52.0000
v 43.2733 104.4191 52.0000
v 40.5985 105.2112 52.0000
v 42.3088 110.3633 52.0000
v 43.2733 104.4191 52.0000
v 42.3088 110.3633 52.0000
v 45.0963 109.5324 52.0000
v 40.5985 105.2112 52.0000
v 37.9041 105.9525 52.0000
v 39.5009 111.1409 52.0000
v 40.5985 105.2112 52.0000
v 39.5009 111.1409 52.0000
v 42.3088 110.3633 52.0000
v 37.9041 105.9525 52.0000
v 35.1914 106.6429 52.0000
v 36.6740 111.8651 52.0000
v 37.9041 105.9525 52.0000
v 36.6740 111.8651 52.0000
v 39.5009 111.1409 52.0000
v 35.1914 106.6429 52.0000
v 32.4618 107.2818 52.0000
v 33.8293 112.5353 52.0000
v 35.1914 106.6429 52.0000
v 33.8293 112.5353 52.0000
v 36.6740 111.8651 52.0000
v 32.4618 107.2818 52.0000
v 29.7165 107.8690 52.0000
v 30.9684 113.1512 52.0000
v 32.4618 107.2818 52.0000
v 30.9684 113.1512 52.0000
v 33.8293 112.5353 52.0000
v 29.7165 107.8690 52.0000
v 26.9569 108.4042 52.0000
v 28.0926 113.7126 52.0000
v 29.7165 107.8690 52.0000
v 28.0926 113.7126 52.0000
v 30.9684 113.1512 52.0000
v 26.9569 108.4042 52.0000
v 24.1843 108.8872 52.0000
v 25.2032 114.2193 52.0000
v 26.9569 108.4042 52.0000
v 25.2032 114.2193 52.0000
v 28.0926 113.7126 52.0000
v 24.1843 108.8872 52.0000
v 21.4001 109.3177 52.0000
v 22.3016 114.6708 52.0000
v 24.1843 108.8872 52.0000
v 22.3016 114.6708 52.0000
v 25.2032 114.2193 52.0000
v 21.4001 109.3177 52.0000
v 18.6055 109.6955 52.0000
v 19.3894 115.0672 52.0000
v 21.4001 109.3177 52.0000
v 19.3894 115.0672 52.0000
v 22.3016 114.6708 52.0000
v 18.6055 109.6955 52.0000
v 15.8020 110.0204 52.0000
v 16.4677 115.4080 52.0000
v 18.6055 109.6955 52.0000
v 16.4677 115.4080 52.0000
v 19.3894 115.0672 52.0000
v 15.8020 110.0204 52.0000
v 12.9909 110.2923 52.0000
v 13.5382 115.6932 52.0000
v 15.8020 110.0204 52.0000
v 13.5382 115.6932 52.0000
v 16.4677 115.4080 52.0000
v 12.9909 110.2923 52.0000
v 10.1735 110.5111 52.0000
v 10.6021 115.9227 52.0000
v 12.9909 110.2923 52.0000
v 10.6021 115.9227 52.0000
v 13.5382 115.6932 52.0000
v 10.1735 110.5111 52.0000
v 7.3512 110.6766 52.0000
v 7.6609 116.0963 52.0000
v 10.1735 110.5111 52.0000
v 7.6609 116.0963 52.0000
v 10.6021 115.9227 52.0000
v 7.3512 110.6766 52.0000
v 4.5253 110.7888 52.0000
v 4.7160 116.2140 52.0000
v 7.3512 110.6766 52.0000
v 4.7160 116.2140 52.0000
v 7.6609 116.0963 52.0000
v 4.5253 110.7888 52.0000
v 1.6973 110.8475 52.0000
v 1.7688 116.2756 52.0000
v 4.5253 110.7888 52.0000
v 1.7688 116.2756 52.0000
v 4.7160 116.2140 52.0000
v 1.6973 110.8475 52.0000
v -1.1315 110.8529 52.0000
v -1.1792 116.2812 52.0000
v 1.6973 110.8475 52.0000
v -1.1792 116.2812 52.0000
v 1.7688 116.2756 52.0000
v -1.1315 110.8529 52.0000
v -3.9598 110.8048 52.0000
v -4.1267 116.2308 52.0000
v -1.1315 110.8529 52.0000
v -4.1267 116.2308 52.0000
v -1.1792 116.2812 52.0000
v -3.9598 110.8048 52.0000
v -6.7862 110.7033 52.0000
v -7.0721 116.1243 52.0000
v -3.9598 110.8048 52.0000
v -7.0721 116.1243 52.0000
v -4.1267 116.2308 52.0000
v -6.7862 110.7033 52.0000
v -9.6094 110.5485 52.0000
v -10.0142 115.9619 52.0000
v -6.7862 110.7033 52.0000
v -10.0142 115.9619 52.0000
v -7.0721 116.1243 52.0000
v -9.6094 110.5485 52.0000
v -12.4278 110.3403 52.0000
v -12.9514 115.7436 52.0000
v -9.6094 110.5485 52.0000
v -12.9514 115.7436 52.0000
v -10.0142 115.9619 52.0000
v -12.4278 110.3403 52.0000
v -15.2403 110.0790 52.0000
v -15.8824 115.4695 52.0000
v -12.4278 110.3403 52.0000
v -15.8824 115.4695 52.0000
v -12.9514 115.7436 52.0000
v -15.2403 110.0790 52.0000
v -18.0455 109.7647 52.0000
v -18.8057 115.1398 52.0000
v -15.2403 110.0790 52.0000
v -18.8057 115.1398 52.0000
v -15.8824 115.4695 52.0000
v -18.0455 109.7647 52.0000
v -20.8420 109.3974 52.0000
v -21.7200 114.7545 52.0000
v -18.0455 109.7647 52.0000
v -21.7200 114.7545 52.0000
v -18.8057 115.1398 52.0000
v -20.8420 109.3974 52.0000
v -23.6284 108.9775 52.0000
v -24.6238 114.3140 52.0000
v -20.8420 109.3974 52.0000
v -24.6238 114.3140 52.0000
v -21.7200 114.7545 52.0000
v -23.6284 108.9775 52.0000
v -26.4034 108.5050 52.0000
v -27.5157 113.8184 52.0000
v -23.6284 108.9775 52.0000
v -27.5157 113.8184 52.0000
v -24.6238 114.3140 52.0000
v -26.4034 108.5050 52.0000
v -29.1657 107.9802 52.0000
v -30.3944 113.2679 52.0000
v -26.4034 108.5050 52.0000
v -30.3944 113.2679 52.0000
v -27.5157 113.8184 52.0000
v -29.1657 107.9802 52.0000
v -31.9139 107.4034 52.0000
v -33.2584 112.6628 52.0000
v -29.1657 107.9802 52.0000
v -33.2584 112.6628 52.0000
v -30.3944 113.2679 52.0000
v -31.9139 107.4034 52.0000
v -34.6468 106.7748 52.0000
v -36.1064 112.0034 52.0000
v -31.9139 107.4034 52.0000
v -36.1064 112.0034 52.0000
v -33.2584 112.6628 52.0000
v -34.6468 106.7748 52.0000
v -37.3630 106.0947 52.0000
v -38.9370 111.2901 52.0000
v -34.6468 106.7748 52.0000
v -38.9370 111.2901 52.0000
v -36.1064 112.0034 52.0000
v -37.3630 106.0947 52.0000
v -40.0611 105.3635 52.0000
v -41.7488 110.5231 52.0000
v -37.3630 106.0947 52.0000
v -41.7488 110.5231 52.0000
v -38.9370 111.2901 52.0000
v -40.0611 105.3635 52.0000
v -42.7400 104.5815 52.0000
v -44.5405 109.7028 52.0000
v -40.0611 105.3635 52.0000
v -44.5405 109.7028 52.0000
v -41.7488 110.5231 52.0000
v -42.7400 104.5815 52.0000
v -45.3982 103.7492 52.0000
v -47.3108 108.8297 52.0000
v -42.7400 104.5815 52.0000
v -47.3108 108.8297 52.0000
v -44.5405 109.7028 52.0000
v -45.3982 103.7492 52.0000
v -48.0346 102.8668 52.0000
v -50.0582 107.9041 52.0000
v -45.3982 103.7492 52.0000
v -50.0582 107.9041 52.0000
v -47.3108 108.8297 52.0000
v -48.0346 102.8668 52.0000
v -50.6478 101.9349 52.0000
v -52.7815 106.9265 52.0000
v -48.0346 102.8668 52.0000
v -52.7815 106.9265 52.0000
v -50.0582 107.9041 52.0000
v -50.6478 101.9349 52.0000
v -53.2366 100.9538 52.0000
v -55.4794 105.8974 52.0000
v -50.6478 101.9349 52.0000
v -55.4794 105.8974 52.0000
v -52.7815 106.9265 52.0000
v -53.2366 100.9538 52.0000
v -55.7998 99.9240 52.0000
v -58.1505 104.8172 52.0000
v -53.2366 100.9538 52.0000
v -58.1505 104.8172 52.0000
v -55.4794 105.8974 52.0000
v -55.7998 99.9240 52.0000
v -58.3360 98.8462 52.0000
v -60.7936 103.6866 52.0000
v -55.7998 99.9240 52.0000
v -60.7936 103.6866 52.0000
v -58.1505 104.8172 52.0000
v -58.3360 98.8462 52.0000
v -60.8442 97.7206 52.0000
v -63.4074 102.5059 52.0000
v -58.3360 98.8462 52.0000
v -63.4074 102.5059 52.0000
v -60.7936 103.6866 52.0000
v -60.8442 97.7206 52.0000
v -63.3230 96.5480 52.0000
v -65.9907 101.2759 52.0000
v -60.8442 97.7206 52.0000
v -65.9907 101.2759 52.0000
v -63.4074 102.5059 52.0000
v -63.3230 96.5480 52.0000
v -65.7713 95.3288 52.0000
v -68.5421 99.9970 52.0000
v -63.3230 96.5480 52.0000
v -68.5421 99.9970 52.0000
v -65.9907 101.2759 52.0000
v -65.7713 95.3288 52.0000
v -68.1879 94.0637 52.0000
v -71.0606 98.6700 52.0000
v -65.7713 95.3288 52.0000
v -71.0606 98.6700 52.0000
v -68.5421 99.9970 52.0000
v -68.1879 94.0637 52.0000
v -70.5716 92.7533 52.0000
v -73.5447 97.2953 52.0000
v -68.1879 94.0637 52.0000
v -73.5447 97.2953 52.0000
v -71.0606 98.6700 52.0000
v -70.5716 92.7533 52.0000
v -72.9214 91.3982 52.0000
v -75.9934 95.8738 52.0000
v -70.5716 92.7533 52.0000
v -75.9934 95.8738 52.0000
v -73.5447 97.2953 52.0000
v -72.9214 91.3982 52.0000
v -75.2359 89.9990 52.0000
v -78.4055 94.4061 52.0000
v -72.9214 91.3982 52.0000
v -78.4055 94.4061 52.0000
v -75.9934 95.8738 52.0000
v -75.2359 89.9990 52.0000
v -77.5143 88.5564 52.0000
v -80.7798 92.8929 52.0000
v -75.2359 89.9990 52.0000
v -80.7798 92.8929 52.0000
v -78.4055 94.4061 52.0000
v -77.5143 88.5564 52.0000
v -79.7552 87.0712 52.0000
v -83.1152 91.3350 52.0000
v -77.5143 88.5564 52.0000
v -83.1152 91.3350 52.0000
v -80.7798 92.8929 52.0000
v -79.7552 87.0712 52.0000
v -81.9578 85.5440 52.0000
v -85.4105 89.7330 52.0000
v -79.7552 87.0712 52.0000
v -85.4105 89.7330 52.0000
v -83.1152 91.3350 52.0000
v -81.9578 85.5440 52.0000
v -84.1208 83.9755 52.0000
v -87.6647 88.0877 52.0000
v -81.9578 85.5440 52.0000
v -87.6647 88.0877 52.0000
v -85.4105 89.7330 52.0000
v -84.1208 83.9755 52.0000
v -86.2433 82.3666 52.0000
v -89.8766 86.4000 52.0000
v -84.1208 83.9755 52.0000
v -89.8766 86.4000 52.0000
v -87.6647 88.0877 52.0000
v -86.2433 82.3666 52.0000
v -88.3242 80.7180 52.0000
v -92.0452 84.6707 52.0000
v -86.2433 82.3666 52.0000
v -92.0452 84.6707 52.0000
v -89.8766 86.4000 52.0000
v -88.3242 80.7180 52.0000
v -90.3626 79.0305 52.0000
v -94.1694 82.9006 52.0000
v -88.3242 80.7180 52.0000
v -94.1694 82.9006 52.0000
v -92.0452 84.6707 52.0000
v -90.3626 79.0305 52.0000
v -92.3574 77.3049 52.0000
v -96.2482 81.0905 52.0000
v -90.3626 79.0305 52.0000
v -96.2482 81.0905 52.0000
v -94.1694 82.9006 52.0000
v -92.3574 77.3049 52.0000
v -94.3076 75.5421 52.0000
v -98.2807 79.2413 52.0000
v -92.3574 77.3049 52.0000
v -98.2807 79.2413 52.0000
v -96.2482 81.0905 52.0000
v -94.3076 75.5421 52.0000
v -96.2125 73.7428 52.0000
v -100.2658 77.3539 52.0000
v -94.3076 75.5421 52.0000
v -100.2658 77.3539 52.0000
v -98.2807 79.2413 52.0000
v -96.2125 73.7428 52.0000
v -98.0710 71.9080 52.0000
v -102.2025 75.4293 52.0000
v -96.2125 73.7428 52.0000
v -102.2025 75.4293 52.0000
v -100.2658 77.3539 52.0000
v -98.0710 71.9080 52.0000
v -99.8822 70.0386 52.0000
v -104.0901 73.4683 52.0000
v -98.0710 71.9080 52.0000
v -104.0901 73.4683 52.0000
v -102.2025 75.4293 52.0000
v -99.8822 70.0386 52.0000
v -101.6452 68.1353 52.0000
v -105.9274 71.4719 52.0000
v -99.8822 70.0386 52.0000
v -105.9274 71.4719 52.0000
v -104.0901 73.4683 52.0000
v -101.6452 68.1353 52.0000
v -103.3593 66.1993 52.0000
v -107.7137 69.4410 52.0000
v -101.6452 68.1353 52.0000
v -107.7137 69.4410 52.0000
v -105.9274 71.4719 52.0000
v -103.3593 66.1993 52.0000
v -105.0236 64.2313 52.0000
v -109.4481 67.3767 52.0000
v -103.3593 66.1993 52.0000
v -109.4481 67.3767 52.0000
v -107.7137 69.4410 52.0000
v -105.0236 64.2313 52.0000
v -106.6372 62.2324 52.0000
v -111.1297 65.2799 52.0000
v -105.0236 64.2313 52.0000
v -111.1297 65.2799 52.0000
v -109.4481 67.3767 52.0000
v -106.6372 62.2324 52.0000
v -108.1995 60.2035 52.0000
v -112.7578 63.1516 52.0000
v -106.6372 62.2324 52.0000
v -112.7578 63.1516 52.0000
v -111.1297 65.2799 52.0000
v -108.1995 60.2035 52.0000
v -109.7096 58.1456 52.0000
v -114.3315 60.9929 52.0000
v -108.1995 60.2035 52.0000
v -114.3315 60.9929 52.0000
v -112.7578 63.1516 52.0000
v -109.7096 58.1456 52.0000
v -111.1668 56.0597 52.0000
v -115.8501 58.8049 52.0000
v -109.7096 58.1456 52.0000
v -115.8501 58.8049 52.0000
v -114.3315 60.9929 52.0000
v -111.1668 56.0597 52.0000
v -112.5705 53.9467 52.0000
v -117.3129 56.5884 52.0000
v -111.1668 56.0597 52.0000
v -117.3129 56.5884 52.0000
v -115.8501 58.8049 52.0000
v -112.5705 53.9467 52.0000
v -113.9199 51.8077 52.0000
v -118.7191 54.3447 52.0000
v -112.5705 53.9467 52.0000
v -118.7191 54.3447 52.0000
v -117.3129 56.5884 52.0000
v -113.9199 51.8077 52.0000
v -115.2144 49.6438 52.0000
v -120.0682 52.0748 52.0000
v -113.9199 51.8077 52.0000
v -120.0682 52.0748 52.0000
v -118.7191 54.3447 52.0000
v -115.2144 49.6438 52.0000
v -116.4533 47.4560 52.0000
v -121.3593 49.7798 52.0000
v -115.2144 49.6438 52.0000
v -121.3593 49.7798 52.0000
v -120.0682 52.0748 52.0000
v -116.4533 47.4560 52.0000
v -117.6362 45.2452 52.0000
v -122.5920 47.4609 52.0000
v -116.4533 47.4560 52.0000
v -122.5920 47.4609 52.0000
v -121.3593 49.7798 52.0000
v -117.6362 45.2452 52.0000
v -118.7623 43.0127 52.0000
v -123.7656 45.1190 52.0000
v -117.6362 45.2452 52.0000
v -123.7656 45.1190 52.0000
v -122.5920 47.4609 52.0000
v -118.7623 43.0127 52.0000
v -119.8312 40.7594 52.0000
v -124.8796 42.7554 52.0000
v -118.7623 43.0127 52.0000
v -124.8796 42.7554 52.0000
v -123.7656 45.1190 52.0000
v -119.8312 40.7594 52.0000
v -120.8424 38.4865 52.0000
v -125.9333 40.3712 52.0000
v -119.8312 40.7594 52.0000
v -125.9333 40.3712 52.0000
v -124.8796 42.7554 52.0000
v -120.8424 38.4865 52.0000
v -121.7953 36.1951 52.0000
v -126.9264 37.9675 52.0000
v -120.8424 38.4865 52.0000
v -126.9264 37.9675 52.0000
v -125.9333 40.3712 52.0000
v -121.7953 36.1951 52.0000
v -122.6895 33.8862 52.0000
v -127.8583 35.5456 52.0000
v -121.7953 36.1951 52.0000
v -127.8583 35.5456 52.0000
v -126.9264 37.9675 52.0000
v -122.6895 33.8862 52.0000
v -123.5246 31.5610 52.0000
v -128.7285 33.1065 52.0000
v -122.6895 33.8862 52.0000
v -128.7285 33.1065 52.0000
v -127.8583 35.5456 52.0000
v -123.5246 31.5610 52.0000
v -124.3002 29.2205 52.0000
v -129.5368 30.6514 52.0000
v -123.5246 31.5610 52.0000
v -129.5368 30.6514 52.0000
v -128.7285 33.1065 52.0000
v -124.3002 29.2205 52.0000
v -125.0158 26.8660 52.0000
v -130.2826 28.1816 52.0000
v -124.3002 29.2205 52.0000
v -130.2826 28.1816 52.0000
v -129.5368 30.6514 52.0000
v -125.0158 26.8660 52.0000
v -125.6712 24.4985 52.0000
v -130.9656 25.6982 52.0000
v -125.0158 26.8660 52.0000
v -130.9656 25.6982 52.0000
v -130.2826 28.1816 52.0000
v -125.6712 24.4985 52.0000
v -126.2661 22.1192 52.0000
v -131.5855 23.2024 52.0000
v -125.6712 24.4985 52.0000
v -131.5855 23.2024 52.0000
v -130.9656 25.6982 52.0000
v -126.2661 22.1192 52.0000
v -126.8000 19.7293 52.0000
v -132.1420 20.6954 52.0000
v -126.2661 22.1192 52.0000
v -132.1420 20.6954 52.0000
v -131.5855 23.2024 52.0000
v -126.8000 19.7293 52.0000
v -127.2729 17.3299 52.0000
v -132.6347 18.1785 52.0000
v -126.8000 19.7293 52.0000
v -132.6347 18.1785 52.0000
v -132.1420 20.6954 52.0000
v -127.2729 17.3299 52.0000
v -127.6844 14.9221 52.0000
v -133.0636 15.6528 52.0000
v -127.2729 17.3299 52.0000
v -133.0636 15.6528 52.0000
v -132.6347 18.1785 52.0000
v -127.6844 14.9221 52.0000
v -128.0344 12.5071 52.0000
v -133.4283 13.1195 52.0000
v -127.6844 14.9221 52.0000
v -133.4283 13.1195 52.0000
v -133.0636 15.6528 52.0000
v -128.0344 12.5071 52.0000
v -128.3227 10.0860 52.0000
v -133.7288 10.5800 52.0000
v -128.0344 12.5071 52.0000
v -133.7288 10.5800 52.0000
v -133.4283 13.1195 52.0000
v -128.3227 10.0860 52.0000
v -128.5491 7.6602 52.0000
v -133.9647 8.0353 52.0000
v -128.3227 10.0860 52.0000
v -133.9647 8.0353 52.0000
v -133.7288 10.5800 52.0000
v -128.5491 7.6602 52.0000
v -128.7136 5.2306 52.0000
v -134.1362 5.4867 52.0000
v -128.5491 7.6602 52.0000
v -134.1362 5.4867 52.0000
v -133.9647 8.0353 52.0000
v -128.7136 5.2306 52.0000
v -128.8161 2.7985 52.0000
v -134.2429 2.9355 52.0000
v -128.7136 5.2306 52.0000
v -134.2429 2.9355 52.0000
v -134.1362 5.4867 52.0000
v -128.8161 2.7985 52.0000
v -128.8564 0.3651 52.0000
v -134.2850 0.3829 52.0000
v -128.8161 2.7985 52.0000
v -134.2850 0.3829 52.0000
v -134.2429 2.9355 52.0000
v -128.8564 0.3651 52.0000
v -128.8347 -2.0686 52.0000
v -134.2623 -2.1699 52.0000
v -128.8564 0.3651 52.0000
v -134.2623 -2.1699 52.0000
v -134.2850 0.3829 52.0000
v -128.8347 -2.0686 52.0000
v -128.7509 -4.5012 52.0000
v -134.1750 -4.7216 52.0000
v -128.8347 -2.0686 52.0000
v -134.1750 -4.7216 52.0000
v -134.2623 -2.1699 52.0000
v -128.7509 -4.5012 52.0000
v -128.6050 -6.9316 52.0000
v -134.0229 -7.2711 52.0000
v -128.7509 -4.5012 52.0000
v -134.0229 -7.2711 52.0000
v -134.1750 -4.7216 52.0000
v -128.6050 -6.9316 52.0000
v -128.3971 -9.3587 52.0000
v -133.8063 -9.8170 52.0000
v -128.6050 -6.9316 52.0000
v -133.8063 -9.8170 52.0000
v -134.0229 -7.2711 52.0000
v -128.3971 -9.3587 52.0000
v -128.1274 -11.7813 52.0000
v -133.5252 -12.3583 52.0000
v -128.3971 -9.3587 52.0000
v -133.5252 -12.3583 52.0000
v -133.8063 -9.8170 52.0000
v -128.1274 -11.7813 52.0000
v -127.7959 -14.1983 52.0000
v -133.1798 -14.8935 52.0000
v -128.1274 -11.7813 52.0000
v -133.1798 -14.8935 52.0000
v -133.5252 -12.3583 52.0000
v -127.7959 -14.1983 52.0000
v -127.4028 -16.6083 52.0000
v -132.7701 -17.4216 52.0000
v -127.7959 -14.1983 52.0000
v -132.7701 -17.4216 52.0000
v -133.1798 -14.8935 52.0000
v -127.4028 -16.6083 52.0000
v -126.9483 -19.0104 52.0000
v -132.2965 -19.9413 52.0000
v -127.4028 -16.6083 52.0000
v -132.2965 -19.9413 52.0000
v -132.7701 -17.4216 52.0000
v -126.9483 -19.0104 52.0000
v -126.4327 -21.4033 52.0000
v -131.7591 -22.4514 52.0000
v -126.9483 -19.0104 52.0000
v -131.7591 -22.4514 52.0000
v -132.2965 -19.9413 52.0000
v -126.4327 -21.4033 52.0000
v -125.8561 -23.7859 52.0000
v -131.1582 -24.9507 52.0000
v -126.4327 -21.4033 52.0000
v -131.1582 -24.9507 52.0000
v -131.7591 -22.4514 52.0000
v -125.8561 -23.7859 52.0000
v -125.2188 -26.1571 52.0000
v -130.4941 -27.4379 52.0000
v -125.8561 -23.7859 52.0000
v -130.4941 -27.4379 52.0000
v -131.1582 -24.9507 52.0000
v -125.2188 -26.1571 52.0000
v -124.5212 -28.5156 52.0000
v -129.7671 -29.9120 52.0000
v -125.2188 -26.1571 52.0000
v -129.7671 -29.9120 52.0000
v -130.4941 -27.4379 52.0000
v -124.5212 -28.5156 52.0000
v -123.7636 -30.8604 52.0000
v -128.9775 -32.3716 52.0000
v -124.5212 -28.5156 52.0000
v -128.9775 -32.3716 52.0000
v -129.7671 -29.9120 52.0000
v -123.7636 -30.8604 52.0000
v -122.9463 -33.1903 52.0000
v -128.1258 -34.8156 52.0000
v -123.7636 -30.8604 52.0000
v -128.1258 -34.8156 52.0000
v -128.9775 -32.3716 52.0000
v -122.9463 -33.1903 52.0000
v -122.0698 -35.5042 52.0000
v -127.2124 -37.2428 52.0000
v -122.9463 -33.1903 52.0000
v -127.2124 -37.2428 52.0000
v -128.1258 -34.8156 52.0000
v -122.0698 -35.5042 52.0000
v -121.1344 -37.8010 52.0000
v -126.2376 -39.6521 52.0000
v -122.0698 -35.5042 52.0000
v -126.2376 -39.6521 52.0000
v -127.2124 -37.2428 52.0000
v -121.1344 -37.8010 52.0000
v -120.1407 -40.0796 52.0000
v -125.2020 -42.0423 52.0000
v -121.1344 -37.8010 52.0000
v -125.2020 -42.0423 52.0000
v -126.2376 -39.6521 52.0000
v -120.1407 -40.0796 52.0000
v -119.0890 -42.3389 52.0000
v -124.1061 -44.4122 52.0000
v -120.1407 -40.0796 52.0000
v -124.1061 -44.4122 52.0000
v -125.2020 -42.0423 52.0000
v -119.0890 -42.3389 52.0000
v -117.9800 -44.5777 52.0000
v -122.9503 -46.7607 52.0000
v -119.0890 -42.3389 52.0000
v -122.9503 -46.7607 52.0000
v -124.1061 -44.4122 52.0000
v -117.9800 -44.5777 52.0000
v -116.8141 -46.7951 52.0000
v -121.7353 -49.0866 52.0000
v -117.9800 -44.5777 52.0000
v -121.7353 -49.0866 52.0000
v -122.9503 -46.7607 52.0000
v -116.8141 -46.7951 52.0000
v -115.5919 -48.9899 52.0000
v -120.4616 -51.3889 52.0000
v -116.8141 -46.7951 52.0000
v -120.4616 -51.3889 52.0000
v -121.7353 -49.0866 52.0000
v -115.5919 -48.9899 52.0000
v -114.3140 -51.1611 52.0000
v -119.1299 -53.6665 52.0000
v -115.5919 -48.9899 52.0000
v -119.1299 -53.6665 52.0000
v -120.4616 -51.3889 52.0000
v -114.3140 -51.1611 52.0000
v -112.9810 -53.3077 52.0000
v -117.7407 -55.9181 52.0000
v -114.3140 -51.1611 52.0000
v -117.7407 -55.9181 52.0000
v -119.1299 -53.6665 52.0000
v -112.9810 -53.3077 52.0000
v -111.5936 -55.4286 52.0000
v -116.2948 -58.1429 52.0000
v -112.9810 -53.3077 52.0000
v -116.2948 -58.1429 52.0000
v -117.7407 -55.9181 52.0000
v 132.2456 20.1928 52.0000
v 131.7019 22.7019 52.0000
v 137.0260 23.7617 52.0000
v 132.2456 20.1928 52.0000
v 137.0260 23.7617 52.0000
v 137.5917 21.1355 52.0000
v 131.7019 22.7019 52.0000
v 131.0946 25.2000 52.0000
v 136.3942 26.3764 52.0000
v 131.7019 22.7019 52.0000
v 136.3942 26.3764 52.0000
v 137.0260 23.7617 52.0000
v 131.0946 25.2000 52.0000
v 130.4242 27.6860 52.0000
v 135.6967 28.9784 52.0000
v 131.0946 25.2000 52.0000
v 135.6967 28.9784 52.0000
v 136.3942 26.3764 52.0000
v 130.4242 27.6860 52.0000
v 129.6909 30.1586 52.0000
v 134.9338 31.5665 52.0000
v 130.4242 27.6860 52.0000
v 134.9338 31.5665 52.0000
v 135.6967 28.9784 52.0000
v 129.6909 30.1586 52.0000
v 128.8952 32.6167 52.0000
v 134.1058 34.1393 52.0000
v 129.6909 30.1586 52.0000
v 134.1058 34.1393 52.0000
v 134.9338 31.5665 52.0000
v 128.8952 32.6167 52.0000
v 128.0373 35.0591 52.0000
v 133.2132 36.6957 52.0000
v 128.8952 32.6167 52.0000
v 133.2132 36.6957 52.0000
v 134.1058 34.1393 52.0000
v 128.0373 35.0591 52.0000
v 127.1177 37.4846 52.0000
v 132.2565 39.2345 52.0000
v 128.0373 35.0591 52.0000
v 132.2565 39.2345 52.0000
v 133.2132 36.6957 52.0000
v 127.1177 37.4846 52.0000
v 126.1368 39.8920 52.0000
v 131.2360 41.7543 52.0000
v 127.1177 37.4846 52.0000
v 131.2360 41.7543 52.0000
v 132.2565 39.2345 52.0000
v 126.1368 39.8920 52.0000
v 125.0951 42.2802 52.0000
v 130.1522 44.2539 52.0000
v 126.1368 39.8920 52.0000
v 130.1522 44.2539 52.0000
v 131.2360 41.7543 52.0000
v 125.0951 42.2802 52.0000
v 123.9932 44.6480 52.0000
v 129.0057 46.7323 52.0000
v 125.0951 42.2802 52.0000
v 129.0057 46.7323 52.0000
v 130.1522 44.2539 52.0000
v 123.9932 44.6480 52.0000
v 122.8315 46.9943 52.0000
v 127.7970 49.1881 52.0000
v 123.9932 44.6480 52.0000
v 127.7970 49.1881 52.0000
v 129.0057 46.7323 52.0000
v 122.8315 46.9943 52.0000
v 121.6106 49.3179 52.0000
v 126.5268 51.6202 52.0000
v 122.8315 46.9943 52.0000
v 126.5268 51.6202 52.0000
v 127.7970 49.1881 52.0000
v 121.6106 49.3179 52.0000
v 120.3311 51.6178 52.0000
v 125.1955 54.0275 52.0000
v 121.6106 49.3179 52.0000
v 125.1955 54.0275 52.0000
v 126.5268 51.6202 52.0000
v 120.3311 51.6178 52.0000
v 118.9936 53.8928 52.0000
v 123.8039 56.4087 52.0000
v 120.3311 51.6178 52.0000
v 123.8039 56.4087 52.0000
v 125.1955 54.0275 52.0000
v 118.9936 53.8928 52.0000
v 117.5987 56.1418 52.0000
v 122.3527 58.7627 52.0000
v 118.9936 53.8928 52.0000
v 122.3527 58.7627 52.0000
v 123.8039 56.4087 52.0000
v 117.5987 56.1418 52.0000
v 116.1472 58.3638 52.0000
v 120.8425 61.0884 52.0000
v 117.5987 56.1418 52.0000
v 120.8425 61.0884 52.0000
v 122.3527 58.7627 52.0000
v 116.1472 58.3638 52.0000
v 114.6396 60.5576 52.0000
v 119.2740 63.3847 52.0000
v 116.1472 58.3638 52.0000
v 119.2740 63.3847 52.0000
v 120.8425 61.0884 52.0000
v 114.6396 60.5576 52.0000
v 113.0769 62.7223 52.0000
v 117.6481 65.6504 52.0000
v 114.6396 60.5576 52.0000
v 117.6481 65.6504 52.0000
v 119.2740 63.3847 52.0000
v 113.0769 62.7223 52.0000
v 111.4596 64.8567 52.0000
v 115.9654 67.8844 52.0000
v 113.0769 62.7223 52.0000
v 115.9654 67.8844 52.0000
v 117.6481 65.6504 52.0000
v 111.4596 64.8567 52.0000
v 109.7886 66.9599 52.0000
v 114.2269 70.0858 52.0000
v 111.4596 64.8567 52.0000
v 114.2269 70.0858 52.0000
v 115.9654 67.8844 52.0000
v 109.7886 66.9599 52.0000
v 108.0647 69.0308 52.0000
v 112.4333 72.2534 52.0000
v 109.7886 66.9599 52.0000
v 112.4333 72.2534 52.0000
v 114.2269 70.0858 52.0000
v 108.0647 69.0308 52.0000
v 106.2888 71.0684 52.0000
v 110.5855 74.3861 52.0000
v 108.0647 69.0308 52.0000
v 110.5855 74.3861 52.0000
v 112.4333 72.2534 52.0000
v 106.2888 71.0684 52.0000
v 104.4616 73.0718 52.0000
v 108.6845 76.4830 52.0000
v 106.2888 71.0684 52.0000
v 108.6845 76.4830 52.0000
v 110.5855 74.3861 52.0000
v 104.4616 73.0718 52.0000
v 102.5840 75.0400 52.0000
v 106.7310 78.5431 52.0000
v 104.4616 73.0718 52.0000
v 106.7310 78.5431 52.0000
v 108.6845 76.4830 52.0000
v 102.5840 75.0400 52.0000
v 100.6570 76.9720 52.0000
v 104.7261 80.5652 52.0000
v 102.5840 75.0400 52.0000
v 104.7261 80.5652 52.0000
v 106.7310 78.5431 52.0000
v 100.6570 76.9720 52.0000
v 98.6815 78.8668 52.0000
v 102.6708 82.5486 52.0000
v 100.6570 76.9720 52.0000
v 102.6708 82.5486 52.0000
v 104.7261 80.5652 52.0000
v 98.6815 78.8668 52.0000
v 96.6585 80.7237 52.0000
v 100.5659 84.4922 52.0000
v 98.6815 78.8668 52.0000
v 100.5659 84.4922 52.0000
v 102.6708 82.5486 52.0000
v 96.6585 80.7237 52.0000
v 94.5888 82.5417 52.0000
v 98.4126 86.3950 52.0000
v 96.6585 80.7237 52.0000
v 98.4126 86.3950 52.0000
v 100.5659 84.4922 52.0000
v 94.5888 82.5417 52.0000
v 92.4736 84.3199 52.0000
v 96.2119 88.2562 52.0000
v 94.5888 82.5417 52.0000
v 96.2119 88.2562 52.0000
v 98.4126 86.3950 52.0000
v 92.4736 84.3199 52.0000
v 90.3138 86.0575 52.0000
v 93.9648 90.0749 52.0000
v 92.4736 84.3199 52.0000
v 93.9648 90.0749 52.0000
v 96.2119 88.2562 52.0000
v 90.3138 86.0575 52.0000
v 88.1105 87.7536 52.0000
v 91.6724 91.8502 52.0000
v 90.3138 86.0575 52.0000
v 91.6724 91.8502 52.0000
v 93.9648 90.0749 52.0000
v 88.1105 87.7536 52.0000
v 85.8647 89.4074 52.0000
v 89.3358 93.5812 52.0000
v 88.1105 87.7536 52.0000
v 89.3358 93.5812 52.0000
v 91.6724 91.8502 52.0000
v 85.8647 89.4074 52.0000
v 83.5775 91.0181 52.0000
v 86.9562 95.2671 52.0000
v 85.8647 89.4074 52.0000
v 86.9562 95.2671 52.0000
v 89.3358 93.5812 52.0000
v 83.5775 91.0181 52.0000
v 81.2501 92.5849 52.0000
v 84.5346 96.9071 52.0000
v 83.5775 91.0181 52.0000
v 84.5346 96.9071 52.0000
v 86.9562 95.2671 52.0000
v 81.2501 92.5849 52.0000
v 78.8835 94.1071 52.0000
v 82.0724 98.5003 52.0000
v 81.2501 92.5849 52.0000
v 82.0724 98.5003 52.0000
v 84.5346 96.9071 52.0000
v 78.8835 94.1071 52.0000
v 76.4788 95.5840 52.0000
v 79.5705 100.0461 52.0000
v 78.8835 94.1071 52.0000
v 79.5705 100.0461 52.0000
v 82.0724 98.5003 52.0000
v 76.4788 95.5840 52.0000
v 74.0373 97.0148 52.0000
v 77.0303 101.5437 52.0000
v 76.4788 95.5840 52.0000
v 77.0303 101.5437 52.0000
v 79.5705 100.0461 52.0000
v 74.0373 97.0148 52.0000
v 71.5602 98.3988 52.0000
v 74.4530 102.9924 52.0000
v 74.0373 97.0148 52.0000
v 74.4530 102.9924 52.0000
v 77.0303 101.5437 52.0000
v 71.5602 98.3988 52.0000
v 69.0485 99.7354 52.0000
v 71.8398 104.3914 52.0000
v 71.5602 98.3988 52.0000
v 71.8398 104.3914 52.0000
v 74.4530 102.9924 52.0000
v 69.0485 99.7354 52.0000
v 66.5036 101.0240 52.0000
v 69.1920 105.7401 52.0000
v 69.0485 99.7354 52.0000
v 69.1920 105.7401 52.0000
v 71.8398 104.3914 52.0000
v 66.5036 101.0240 52.0000
v 63.9266 102.2638 52.0000
v 66.5108 107.0378 52.0000
v 66.5036 101.0240 52.0000
v 66.5108 107.0378 52.0000
v 69.1920 105.7401 52.0000
v 63.9266 102.2638 52.0000
v 61.3188 103.4544 52.0000
v 63.7976 108.2840 52.0000
v 63.9266 102.2638 52.0000
v 63.7976 108.2840 52.0000
v 66.5108 107.0378 52.0000
v 61.3188 103.4544 52.0000
v 58.6814 104.5951 52.0000
v 61.0537 109.4779 52.0000
v 61.3188 103.4544 52.0000
v 61.0537 109.4779 52.0000
v 63.7976 108.2840 52.0000
v 58.6814 104.5951 52.0000
v 56.0158 105.6854 52.0000
v 58.2803 110.6191 52.0000
v 58.6814 104.5951 52.0000
v 58.2803 110.6191 52.0000
v 61.0537 109.4779 52.0000
v 56.0158 105.6854 52.0000
v 53.3232 106.7248 52.0000
v 55.4788 111.7070 52.0000
v 56.0158 105.6854 52.0000
v 55.4788 111.7070 52.0000
v 58.2803 110.6191 52.0000
v 53.3232 106.7248 52.0000
v 50.6048 107.7127 52.0000
v 52.6506 112.7411 52.0000
v 53.3232 106.7248 52.0000
v 52.6506 112.7411 52.0000
v 55.4788 111.7070 52.0000
v 50.6048 107.7127 52.0000
v 47.8621 108.6487 52.0000
v 49.7970 113.7208 52.0000
v 50.6048 107.7127 52.0000
v 49.7970 113.7208 52.0000
v 52.6506 112.7411 52.0000
v 47.8621 108.6487 52.0000
v 45.0963 109.5324 52.0000
v 46.9194 114.6457 52.0000
v 47.8621 108.6487 52.0000
v 46.9194 114.6457 52.0000
v 49.7970 113.7208 52.0000
v 45.0963 109.5324 52.0000
v 42.3088 110.3633 52.0000
v 44.0192 115.5154 52.0000
v 45.0963 109.5324 52.0000
v 44.0192 115.5154 52.0000
v 46.9194 114.6457 52.0000
v 42.3088 110.3633 52.0000
v 39.5009 111.1409 52.0000
v 41.0978 116.3293 52.0000
v 42.3088 110.3633 52.0000
v 41.0978 116.3293 52.0000
v 44.0192 115.5154 52.0000
v 39.5009 111.1409 52.0000
v 36.6740 111.8651 52.0000
v 38.1565 117.0873 52.0000
v 39.5009 111.1409 52.0000
v 38.1565 117.0873 52.0000
v 41.0978 116.3293 52.0000
v 36.6740 111.8651 52.0000
v 33.8293 112.5353 52.0000
v 35.1969 117.7887 52.0000
v 36.6740 111.8651 52.0000
v 35.1969 117.7887 52.0000
v 38.1565 117.0873 52.0000
v 33.8293 112.5353 52.0000
v 30.9684 113.1512 52.0000
v 32.2203 118.4335 52.0000
v 33.8293 112.5353 52.0000
v 32.2203 118.4335 52.0000
v 35.1969 117.7887 52.0000
v 30.9684 113.1512 52.0000
v 28.0926 113.7126 52.0000
v 29.2282 119.0211 52.0000
v 30.9684 113.1512 52.0000
v 29.2282 119.0211 52.0000
v 32.2203 118.4335 52.0000
v 28.0926 113.7126 52.0000
v 25.2032 114.2193 52.0000
v 26.2220 119.5514 52.0000
v 28.0926 113.7126 52.0000
v 26.2220 119.5514 52.0000
v 29.2282 119.0211 52.0000
v 25.2032 114.2193 52.0000
v 22.3016 114.6708 52.0000
v 23.2032 120.0240 52.0000
v 25.2032 114.2193 52.0000
v 23.2032 120.0240 52.0000
v 26.2220 119.5514 52.0000
v 22.3016 114.6708 52.0000
v 19.3894 115.0672 52.0000
v 20.1732 120.4388 52.0000
v 22.3016 114.6708 52.0000
v 20.1732 120.4388 52.0000
v 23.2032 120.0240 52.0000
v 19.3894 115.0672 52.0000
v 16.4677 115.4080 52.0000
v 17.1334 120.7956 52.0000
v 19.3894 115.0672 52.0000
v 17.1334 120.7956 52.0000
v 20.1732 120.4388 52.0000
v 16.4677 115.4080 52.0000
v 13.5382 115.6932 52.0000
v 14.0854 121.0942 52.0000
v 16.4677 115.4080 52.0000
v 14.0854 121.0942 52.0000
v 17.1334 120.7956 52.0000
v 13.5382 115.6932 52.0000
v 10.6021 115.9227 52.0000
v 11.0307 121.3343 52.0000
v 13.5382 115.6932 52.0000
v 11.0307 121.3343 52.0000
v 14.0854 121.0942 52.0000
v 10.6021 115.9227 52.0000
v 7.6609 116.0963 52.0000
v 7.9706 121.5161 52.0000
v 10.6021 115.9227 52.0000
v 7.9706 121.5161 52.0000
v 11.0307 121.3343 52.0000
v 7.6609 116.0963 52.0000
v 4.7160 116.2140 52.0000
v 4.9066 121.6392 52.0000
v 7.6609 116.0963 52.0000
v 4.9066 121.6392 52.0000
v 7.9706 121.5161 52.0000
v 4.7160 116.2140 52.0000
v 1.7688 116.2756 52.0000
v 1.8403 121.7037 52.0000
v 4.7160 116.2140 52.0000
v 1.8403 121.7037 52.0000
v 4.9066 121.6392 52.0000
v 1.7688 116.2756 52.0000
v -1.1792 116.2812 52.0000
v -1.2269 121.7096 52.0000
v 1.7688 116.2756 52.0000
v -1.2269 121.7096 52.0000
v 1.8403 121.7037 52.0000
v -1.1792 116.2812 52.0000
v -4.1267 116.2308 52.0000
v -4.2935 121.6568 52.0000
v -1.1792 116.2812 52.0000
v -4.2935 121.6568 52.0000
v -1.2269 121.7096 52.0000
v -4.1267 116.2308 52.0000
v -7.0721 116.1243 52.0000
v -7.3580 121.5454 52.0000
v -4.1267 116.2308 52.0000
v -7.3580 121.5454 52.0000
v -4.2935 121.6568 52.0000
v -7.0721 116.1243 52.0000
v -10.0142 115.9619 52.0000
v -10.4190 121.3754 52.0000
v -7.0721 116.1243 52.0000
v -10.4190 121.3754 52.0000
v -7.3580 121.5454 52.0000
v -10.0142 115.9619 52.0000
v -12.9514 115.7436 52.0000
v -13.4750 121.1469 52.0000
v -10.0142 115.9619 52.0000
v -13.4750 121.1469 52.0000
v -10.4190 121.3754 52.0000
v -12.9514 115.7436 52.0000
v -15.8824 115.4695 52.0000
v -16.5245 120.8600 52.0000
v -12.9514 115.7436 52.0000
v -16.5245 120.8600 52.0000
v -13.4750 121.1469 52.0000
v -15.8824 115.4695 52.0000
v -18.8057 115.1398 52.0000
v -19.5660 120.5148 52.0000
v -15.8824 115.4695 52.0000
v -19.5660 120.5148 52.0000
v -16.5245 120.8600 52.0000
v -18.8057 115.1398 52.0000
v -21.7200 114.7545 52.0000
v -22.5980 120.1116 52.0000
v -18.8057 115.1398 52.0000
v -22.5980 120.1116 52.0000
v -19.5660 120.5148 52.0000
v -21.7200 114.7545 52.0000
v -24.6238 114.3140 52.0000
v -25.6192 119.6505 52.0000
v -21.7200 114.7545 52.0000
v -25.6192 119.6505 52.0000
v -22.5980 120.1116 52.0000
v -24.6238 114.3140 52.0000
v -27.5157 113.8184 52.0000
v -28.6281 119.1318 52.0000
v -24.6238 114.3140 52.0000
v -28.6281 119.1318 52.0000
v -25.6192 119.6505 52.0000
v -27.5157 113.8184 52.0000
v -30.3944 113.2679 52.0000
v -31.6231 118.5556 52.0000
v -27.5157 113.8184 52.0000
v -31.6231 118.5556 52.0000
v -28.6281 119.1318 52.0000
v -30.3944 113.2679 52.0000
v -33.2584 112.6628 52.0000
v -34.6029 117.9222 52.0000
v -30.3944 113.2679 52.0000
v -34.6029 117.9222 52.0000
v -31.6231 118.5556 52.0000
v -33.2584 112.6628 52.0000
v -36.1064 112.0034 52.0000
v -37.5660 117.2321 52.0000
v -33.2584 112.6628 52.0000
v -37.5660 117.2321 52.0000
v -34.6029 117.9222 52.0000
v -36.1064 112.0034 52.0000
v -38.9370 111.2901 52.0000
v -40.5111 116.4854 52.0000
v -36.1064 112.0034 52.0000
v -40.5111 116.4854 52.0000
v -37.5660 117.2321 52.0000
v -38.9370 111.2901 52.0000
v -41.7488 110.5231 52.0000
v -43.4365 115.6826 52.0000
v -38.9370 111.2901 52.0000
v -43.4365 115.6826 52.0000
v -40.5111 116.4854 52.0000
v -41.7488 110.5231 52.0000
v -44.5405 109.7028 52.0000
v -46.3411 114.8241 52.0000
v -41.7488 110.5231 52.0000
v -46.3411 114.8241 52.0000
v -43.4365 115.6826 52.0000
v -44.5405 109.7028 52.0000
v -47.3108 108.8297 52.0000
v -49.2233 113.9102 52.0000
v -44.5405 109.7028 52.0000
v -49.2233 113.9102 52.0000
v -46.3411 114.8241 52.0000
v -47.3108 108.8297 52.0000
v -50.0582 107.9041 52.0000
v -52.0818 112.9414 52.0000
v -47.3108 108.8297 52.0000
v -52.0818 112.9414 52.0000
v -49.2233 113.9102 52.0000
v -50.0582 107.9041 52.0000
v -52.7815 106.9265 52.0000
v -54.9152 111.9182 52.0000
v -50.0582 107.9041 52.0000
v -54.9152 111.9182 52.0000
v -52.0818 112.9414 52.0000
v -52.7815 106.9265 52.0000
v -55.4794 105.8974 52.0000
v -57.7222 110.8410 52.0000
v -52.7815 106.9265 52.0000
v -57.7222 110.8410 52.0000
v -54.9152 111.9182 52.0000
v -55.4794 105.8974 52.0000
v -58.1505 104.8172 52.0000
v -60.5013 109.7104 52.0000
v -55.4794 105.8974 52.0000
v -60.5013 109.7104 52.0000
v -57.7222 110.8410 52.0000
v -58.1505 104.8172 52.0000
v -60.7936 103.6866 52.0000
v -63.2513 108.5270 52.0000
v -58.1505 104.8172 52.0000
v -63.2513 108.5270 52.0000
v -60.5013 109.7104 52.0000
v -60.7936 103.6866 52.0000
v -63.4074 102.5059 52.0000
v -65.9707 107.2912 52.0000
v -60.7936 103.6866 52.0000
v -65.9707 107.2912 52.0000
v -63.2513 108.5270 52.0000
v -63.4074 102.5059 52.0000
v -65.9907 101.2759 52.0000
v -68.6584 106.0037 52.0000
v -63.4074 102.5059 52.0000
v -68.6584 106.0037 52.0000
v -65.9707 107.2912 52.0000
v -65.9907 101.2759 52.0000
v -68.5421 99.9970 52.0000
v -71.3130 104.6652 52.0000
v -65.9907 101.2759 52.0000
v -71.3130 104.6652 52.0000
v -68.6584 106.0037 52.0000
v -68.5421 99.9970 52.0000
v -71.0606 98.6700 52.0000
v -73.9332 103.2762 52.0000
v -68.5421 99.9970 52.0000
v -73.9332 103.2762 52.0000
v -71.3130 104.6652 52.0000
v -71.0606 98.6700 52.0000
v -73.5447 97.2953 52.0000
v -76.5178 101.8374 52.0000
v -71.0606 98.6700 52.0000
v -76.5178 101.8374 52.0000
v -73.9332 103.2762 52.0000
v -73.5447 97.2953 52.0000
v -75.9934 95.8738 52.0000
v -79.0655 100.3495 52.0000
v -73.5447 97.2953 52.0000
v -79.0655 100.3495 52.0000
v -76.5178 101.8374 52.0000
v -75.9934 95.8738 52.0000
v -78.4055 94.4061 52.0000
v -81.5751 98.8133 52.0000
v -75.9934 95.8738 52.0000
v -81.5751 98.8133 52.0000
v -79.0655 100.3495 52.0000
v -78.4055 94.4061 52.0000
v -80.7798 92.8929 52.0000
v -84.0454 97.2295 52.0000
v -78.4055 94.4061 52.0000
v -84.0454 97.2295 52.0000
v -81.5751 98.8133 52.0000
v -80.7798 92.8929 52.0000
v -83.1152 91.3350 52.0000
v -86.4752 95.5988 52.0000
v -80.7798 92.8929 52.0000
v -86.4752 95.5988 52.0000
v -84.0454 97.2295 52.0000
v -83.1152 91.3350 52.0000
v -85.4105 89.7330 52.0000
v -88.8633 93.9220 52.0000
v -83.1152 91.3350 52.0000
v -88.8633 93.9220 52.0000
v -86.4752 95.5988 52.0000
v -85.4105 89.7330 52.0000
v -87.6647 88.0877 52.0000
v -91.2086 92.1999 52.0000
v -85.4105 89.7330 52.0000
v -91.2086 92.1999 52.0000
v -88.8633 93.9220 52.0000
v -87.6647 88.0877 52.0000
v -89.8766 86.4000 52.0000
v -93.5099 90.4335 52.0000
v -87.6647 88.0877 52.0000
v -93.5099 90.4335 52.0000
v -91.2086 92.1999 52.0000
v -89.8766 86.4000 52.0000
v -92.0452 84.6707 52.0000
v -95.7662 88.6234 52.0000
v -89.8766 86.4000 52.0000
v -95.7662 88.6234 52.0000
v -93.5099 90.4335 52.0000
v -92.0452 84.6707 52.0000
v -94.1694 82.9006 52.0000
v -97.9762 86.7706 52.0000
v -92.0452 84.6707 52.0000
v -97.9762 86.7706 52.0000
v -95.7662 88.6234 52.0000
v -94.1694 82.9006 52.0000
v -96.2482 81.0905 52.0000
v -100.1391 84.8760 52.0000
v -94.1694 82.9006 52.0000
v -100.1391 84.8760 52.0000
v -97.9762 86.7706 52.0000
v -96.2482 81.0905 52.0000
v -98.2807 79.2413 52.0000
v -102.2537 82.9405 52.0000
v -96.2482 81.0905 52.0000
v -102.2537 82.9405 52.0000
v -100.1391 84.8760 52.0000
v -98.2807 79.2413 52.0000
v -100.2658 77.3539 52.0000
v -104.3191 80.9650 52.0000
v -98.2807 79.2413 52.0000
v -104.3191 80.9650 52.0000
v -102.2537 82.9405 52.0000
v -100.2658 77.3539 52.0000
v -102.2025 75.4293 52.0000
v -106.3341 78.9505 52.0000
v -100.2658 77.3539 52.0000
v -106.3341 78.9505 52.0000
v -104.3191 80.9650 52.0000
v -102.2025 75.4293 52.0000
v -104.0901 73.4683 52.0000
v -108.2980 76.8980 52.0000
v -102.2025 75.4293 52.0000
v -108.2980 76.8980 52.0000
v -106.3341 78.9505 52.0000
v -104.0901 73.4683 52.0000
v -105.9274 71.4719 52.0000
v -110.2096 74.8084 52.0000
v -104.0901 73.4683 52.0000
v -110.2096 74.8084 52.0000
v -108.2980 76.8980 52.0000
v -105.9274 71.4719 52.0000
v -107.7137 69.4410 52.0000
v -112.0681 72.6827 52.0000
v -105.9274 71.4719 52.0000
v -112.0681 72.6827 52.0000
v -110.2096 74.8084 52.0000
v -107.7137 69.4410 52.0000
v -109.4481 67.3767 52.0000
v -113.8726 70.5220 52.0000
v -107.7137 69.4410 52.0000
v -113.8726 70.5220 52.0000
v -112.0681 72.6827 52.0000
v -109.4481 67.3767 52.0000
v -111.1297 65.2799 52.0000
v -115.6222 68.3274 52.0000
v -109.4481 67.3767 52.0000
v -115.6222 68.3274 52.0000
v -113.8726 70.5220 52.0000
v -111.1297 65.2799 52.0000
v -112.7578 63.1516 52.0000
v -117.3161 66.0998 52.0000
v -111.1297 65.2799 52.0000
v -117.3161 66.0998 52.0000
v -115.6222 68.3274 52.0000
v -112.7578 63.1516 52.0000
v -114.3315 60.9929 52.0000
v -118.9534 63.8403 52.0000
v -112.7578 63.1516 52.0000
v -118.9534 63.8403 52.0000
v -117.3161 66.0998 52.0000
v -114.3315 60.9929 52.0000
v -115.8501 58.8049 52.0000
v -120.5334 61.5500 52.0000
v -114.3315 60.9929 52.0000
v -120.5334 61.5500 52.0000
v -118.9534 63.8403 52.0000
v -115.8501 58.8049 52.0000
v -117.3129 56.5884 52.0000
v -122.0553 59.2301 52.0000
v -115.8501 58.8049 52.0000
v -122.0553 59.2301 52.0000
v -120.5334 61.5500 52.0000
v -117.3129 56.5884 52.0000
v -118.7191 54.3447 52.0000
v -123.5184 56.8817 52.0000
v -117.3129 56.5884 52.0000
v -123.5184 56.8817 52.0000
v -122.0553 59.2301 52.0000
v -118.7191 54.3447 52.0000
v -120.0682 52.0748 52.0000
v -124.9220 54.5058 52.0000
v -118.7191 54.3447 52.0000
v -124.9220 54.5058 52.0000
v -123.5184 56.8817 52.0000
v -120.0682 52.0748 52.0000
v -121.3593 49.7798 52.0000
v -126.2654 52.1037 52.0000
v -120.0682 52.0748 52.0000
v -126.2654 52.1037 52.0000
v -124.9220 54.5058 52.0000
v -121.3593 49.7798 52.0000
v -122.5920 47.4609 52.0000
v -127.5479 49.6765 52.0000
v -121.3593 49.7798 52.0000
v -127.5479 49.6765 52.0000
v -126.2654 52.1037 52.0000
v -122.5920 47.4609 52.0000
v -123.7656 45.1190 52.0000
v -128.7689 47.2253 52.0000
v -122.5920 47.4609 52.0000
v -128.7689 47.2253 52.0000
v -127.5479 49.6765 52.0000
v -123.7656 45.1190 52.0000
v -124.8796 42.7554 52.0000
v -129.9279 44.7514 52.0000
v -123.7656 45.1190 52.0000
v -129.9279 44.7514 52.0000
v -128.7689 47.2253 52.0000
v -124.8796 42.7554 52.0000
v -125.9333 40.3712 52.0000
v -131.0242 42.2558 52.0000
v -124.8796 42.7554 52.0000
v -131.0242 42.2558 52.0000
v -129.9279 44.7514 52.0000
v -125.9333 40.3712 52.0000
v -126.9264 37.9675 52.0000
v -132.0575 39.7400 52.0000
v -125.9333 40.3712 52.0000
v -132.0575 39.7400 52.0000
v -131.0242 42.2558 52.0000
v -126.9264 37.9675 52.0000
v -127.8583 35.5456 52.0000
v -133.0270 37.2049 52.0000
v -126.9264 37.9675 52.0000
v -133.0270 37.2049 52.0000
v -132.0575 39.7400 52.0000
v -127.8583 35.5456 52.0000
v -128.7285 33.1065 52.0000
v -133.9325 34.6520 52.0000
v -127.8583 35.5456 52.0000
v -133.9325 34.6520 52.0000
v -133.0270 37.2049 52.0000
v -128.7285 33.1065 52.0000
v -129.5368 30.6514 52.0000
v -134.7734 32.0823 52.0000
v -128.7285 33.1065 52.0000
v -134.7734 32.0823 52.0000
v -133.9325 34.6520 52.0000
v -129.5368 30.6514 52.0000
v -130.2826 28.1816 52.0000
v -135.5493 29.4972 52.0000
v -129.5368 30.6514 52.0000
v -135.5493 29.4972 52.0000
v -134.7734 32.0823 52.0000
v -130.2826 28.1816 52.0000
v -130.9656 25.6982 52.0000
v -136.2599 26.8979 52.0000
v -130.2826 28.1816 52.0000
v -136.2599 26.8979 52.0000
v -135.5493 29.4972 52.0000
v -130.9656 25.6982 52.0000
v -131.5855 23.2024 52.0000
v -136.9049 24.2856 52.0000
v -130.9656 25.6982 52.0000
v -136.9049 24.2856 52.0000
v -136.2599 26.8979 52.0000
v -131.5855 23.2024 52.0000
v -132.1420 20.6954 52.0000
v -137.4839 21.6616 52.0000
v -131.5855 23.2024 52.0000
v -137.4839 21.6616 52.0000
v -136.9049 24.2856 52.0000
v -132.1420 20.6954 52.0000
v -132.6347 18.1785 52.0000
v -137.9966 19.0271 52.0000
v -132.1420 20.6954 52.0000
v -137.9966 19.0271 52.0000
v -137.4839 21.6616 52.0000
v -132.6347 18.1785 52.0000
v -133.0636 15.6528 52.0000
v -138.4428 16.3835 52.0000
v -132.6347 18.1785 52.0000
v -138.4428 16.3835 52.0000
v -137.9966 19.0271 52.0000
v -133.0636 15.6528 52.0000
v -133.4283 13.1195 52.0000
v -138.8222 13.7320 52.0000
v -133.0636 15.6528 52.0000
v -138.8222 13.7320 52.0000
v -138.4428 16.3835 52.0000
v -133.4283 13.1195 52.0000
v -133.7288 10.5800 52.0000
v -139.1348 11.0739 52.0000
v -133.4283 13.1195 52.0000
v -139.1348 11.0739 52.0000
v -138.8222 13.7320 52.0000
v -133.7288 10.5800 52.0000
v -133.9647 8.0353 52.0000
v -139.3803 8.4104 52.0000
v -133.7288 10.5800 52.0000
v -139.3803 8.4104 52.0000
v -139.1348 11.0739 52.0000
v -133.9647 8.0353 52.0000
v -134.1362 5.4867 52.0000
v -139.5587 5.7429 52.0000
v -133.9647 8.0353 52.0000
v -139.5587 5.7429 52.0000
v -139.3803 8.4104 52.0000
v -134.1362 5.4867 52.0000
v -134.2429 2.9355 52.0000
v -139.6698 3.0726 52.0000
v -134.1362 5.4867 52.0000
v -139.6698 3.0726 52.0000
v -139.5587 5.7429 52.0000
v -134.2429 2.9355 52.0000
v -134.2850 0.3829 52.0000
v -139.7135 0.4008 52.0000
v -134.2429 2.9355 52.0000
v -139.7135 0.4008 52.0000
v -139.6698 3.0726 52.0000
v -134.2850 0.3829 52.0000
v -134.2623 -2.1699 52.0000
v -139.6900 -2.2711 52.0000
v -134.2850 0.3829 52.0000
v -139.6900 -2.2711 52.0000
v -139.7135 0.4008 52.0000
v -134.2623 -2.1699 52.0000
v -134.1750 -4.7216 52.0000
v -139.5991 -4.9420 52.0000
v -134.2623 -2.1699 52.0000
v -139.5991 -4.9420 52.0000
v -139.6900 -2.2711 52.0000
v -134.1750 -4.7216 52.0000
v -134.0229 -7.2711 52.0000
v -139.4409 -7.6105 52.0000
v -134.1750 -4.7216 52.0000
v -139.4409 -7.6105 52.0000
v -139.5991 -4.9420 52.0000
v -134.0229 -7.2711 52.0000
v -133.8063 -9.8170 52.0000
v -139.2155 -10.2753 52.0000
v -134.0229 -7.2711 52.0000
v -139.2155 -10.2753 52.0000
v -139.4409 -7.6105 52.0000
v -133.8063 -9.8170 52.0000
v -133.5252 -12.3583 52.0000
v -138.9231 -12.9352 52.0000
v -133.8063 -9.8170 52.0000
v -138.9231 -12.9352 52.0000
v -139.2155 -10.2753 52.0000
v -133.5252 -12.3583 52.0000
v -133.1798 -14.8935 52.0000
v -138.5636 -15.5888 52.0000
v -133.5252 -12.3583 52.0000
v -138.5636 -15.5888 52.0000
v -138.9231 -12.9352 52.0000
v -133.1798 -14.8935 52.0000
v -132.7701 -17.4216 52.0000
v -138.1374 -18.2349 52.0000
v -133.1798 -14.8935 52.0000
v -138.1374 -18.2349 52.0000
v -138.5636 -15.5888 52.0000
v -132.7701 -17.4216 52.0000
v -132.2965 -19.9413 52.0000
v -137.6446 -20.8723 52.0000
v -132.7701 -17.4216 52.0000
v -137.6446 -20.8723 52.0000
v -138.1374 -18.2349 52.0000
v -132.2965 -19.9413 52.0000
v -131.7591 -22.4514 52.0000
v -137.0855 -23.4995 52.0000
v -132.2965 -19.9413 52.0000
v -137.0855 -23.4995 52.0000
v -137.6446 -20.8723 52.0000
v -131.7591 -22.4514 52.0000
v -131.1582 -24.9507 52.0000
v -136.4603 -26.1155 52.0000
v -131.7591 -22.4514 52.0000
v -136.4603 -26.1155 52.0000
v -137.0855 -23.4995 52.0000
v -131.1582 -24.9507 52.0000
v -130.4941 -27.4379 52.0000
v -135.7694 -28.7188 52.0000
v -131.1582 -24.9507 52.0000
v -135.7694 -28.7188 52.0000
v -136.4603 -26.1155 52.0000
v -130.4941 -27.4379 52.0000
v -129.7671 -29.9120 52.0000
v -135.0130 -31.3084 52.0000
v -130.4941 -27.4379 52.0000
v -135.0130 -31.3084 52.0000
v -135.7694 -28.7188 52.0000
v -129.7671 -29.9120 52.0000
v -128.9775 -32.3716 52.0000
v -134.1915 -33.8828 52.0000
v -129.7671 -29.9120 52.0000
v -134.1915 -33.8828 52.0000
v -135.0130 -31.3084 52.0000
v -128.9775 -32.3716 52.0000
v -128.1258 -34.8156 52.0000
v -133.3054 -36.4409 52.0000
v -128.9775 -32.3716 52.0000
v -133.3054 -36.4409 52.0000
v -134.1915 -33.8828 52.0000
v -128.1258 -34.8156 52.0000
v -127.2124 -37.2428 52.0000
v -132.3550 -38.9814 52.0000
v -128.1258 -34.8156 52.0000
v -132.3550 -38.9814 52.0000
v -133.3054 -36.4409 52.0000
v -127.2124 -37.2428 52.0000
v -126.2376 -39.6521 52.0000
v -131.3409 -41.5032 52.0000
v -127.2124 -37.2428 52.0000
v -131.3409 -41.5032 52.0000
v -132.3550 -38.9814 52.0000
v -126.2376 -39.6521 52.0000
v -125.2020 -42.0423 52.0000
v -130.2634 -44.0049 52.0000
v -126.2376 -39.6521 52.0000
v -130.2634 -44.0049 52.0000
v -131.3409 -41.5032 52.0000
v -125.2020 -42.0423 52.0000
v -124.1061 -44.4122 52.0000
v -129.1231 -46.4854 52.0000
v -125.2020 -42.0423 52.0000
v -129.1231 -46.4854 52.0000
v -130.2634 -44.0049 52.0000
v -124.1061 -44.4122 52.0000
v -122.9503 -46.7607 52.0000
v -127.9207 -48.9436 52.0000
v -124.1061 -44.4122 52.0000
v -127.9207 -48.9436 52.0000
v -129.1231 -46.4854 52.0000
v -122.9503 -46.7607 52.0000
v -121.7353 -49.0866 52.0000
v -126.6565 -51.3781 52.0000
v -122.9503 -46.7607 52.0000
v -126.6565 -51.3781 52.0000
v -127.9207 -48.9436 52.0000
v -121.7353 -49.0866 52.0000
v -120.4616 -51.3889 52.0000
v -125.3314 -53.7879 52.0000
v -121.7353 -49.0866 52.0000
v -125.3314 -53.7879 52.0000
v -126.6565 -51.3781 52.0000
v -120.4616 -51.3889 52.0000
v -119.1299 -53.6665 52.0000
v -123.9458 -56.1718 52.0000
v -120.4616 -51.3889 52.0000
v -123.9458 -56.1718 52.0000
v -125.3314 -53.7879 52.0000
v -119.1299 -53.6665 52.0000
v -117.7407 -55.9181 52.0000
v -122.5005 -58.5286 52.0000
v -119.1299 -53.6665 52.0000
v -122.5005 -58.5286 52.0000
v -123.9458 -56.1718 52.0000
v -117.7407 -55.9181 52.0000
v -116.2948 -58.1429 52.0000
v -120.9961 -60.8571 52.0000
v -117.7407 -55.9181 52.0000
v -120.9961 -60.8571 52.0000
v -122.5005 -58.5286 52.0000
v 137.5917 21.1355 52.0000
v 137.0260 23.7617 52.0000
v 142.3501 24.8215 52.0000
v 137.5917 21.1355 52.0000
v 142.3501 24.8215 52.0000
v 142.9378 22.0781 52.0000
v 137.0260 23.7617 52.0000
v 136.3942 26.3764 52.0000
v 141.6938 27.5528 52.0000
v 137.0260 23.7617 52.0000
v 141.6938 27.5528 52.0000
v 142.3501 24.8215 52.0000
v 136.3942 26.3764 52.0000
v 135.6967 28.9784 52.0000
v 140.9692 30.2709 52.0000
v 136.3942 26.3764 52.0000
v 140.9692 30.2709 52.0000
v 141.6938 27.5528 52.0000
v 135.6967 28.9784 52.0000
v 134.9338 31.5665 52.0000
v 140.1766 32.9744 52.0000
v 135.6967 28.9784 52.0000
v 140.1766 32.9744 52.0000
v 140.9692 30.2709 52.0000
v 134.9338 31.5665 52.0000
v 134.1058 34.1393 52.0000
v 139.3165 35.6620 52.0000
v 134.9338 31.5665 52.0000
v 139.3165 35.6620 52.0000
v 140.1766 32.9744 52.0000
v 134.1058 34.1393 52.0000
v 133.2132 36.6957 52.0000
v 138.3892 38.3324 52.0000
v 134.1058 34.1393 52.0000
v 138.3892 38.3324 52.0000
v 139.3165 35.6620 52.0000
v 133.2132 36.6957 52.0000
v 132.2565 39.2345 52.0000
v 137.3953 40.9844 52.0000
v 133.2132 36.6957 52.0000
v 137.3953 40.9844 52.0000
v 138.3892 38.3324 52.0000
v 132.2565 39.2345 52.0000
v 131.2360 41.7543 52.0000
v 136.3351 43.6165 52.0000
v 132.2565 39.2345 52.0000
v 136.3351 43.6165 52.0000
v 137.3953 40.9844 52.0000
v 131.2360 41.7543 52.0000
v 130.1522 44.2539 52.0000
v 135.2092 46.2277 52.0000
v 131.2360 41.7543 52.0000
v 135.2092 46.2277 52.0000
v 136.3351 43.6165 52.0000
v 130.1522 44.2539 52.0000
v 129.0057 46.7323 52.0000
v 134.0182 48.8166 52.0000
v 130.1522 44.2539 52.0000
v 134.0182 48.8166 52.0000
v 135.2092 46.2277 52.0000
v 129.0057 46.7323 52.0000
v 127.7970 49.1881 52.0000
v 132.7625 51.3820 52.0000
v 129.0057 46.7323 52.0000
v 132.7625 51.3820 52.0000
v 134.0182 48.8166 52.0000
v 127.7970 49.1881 52.0000
v 126.5268 51.6202 52.0000
v 131.4429 53.9226 52.0000
v 127.7970 49.1881 52.0000
v 131.4429 53.9226 52.0000
v 132.7625 51.3820 52.0000
v 126.5268 51.6202 52.0000
v 125.1955 54.0275 52.0000
v 130.0600 56.4372 52.0000
v 126.5268 51.6202 52.0000
v 130.0600 56.4372 52.0000
v 131.4429 53.9226 52.0000
v 125.1955 54.0275 52.0000
v 123.8039 56.4087 52.0000
v 128.6143 58.9246 52.0000
v 125.1955 54.0275 52.0000
v 128.6143 58.9246 52.0000
v 130.0600 56.4372 52.0000
v 123.8039 56.4087 52.0000
v 122.3527 58.7627 52.0000
v 127.1067 61.3836 52.0000
v 123.8039 56.4087 52.0000
v 127.1067 61.3836 52.0000
v 128.6143 58.9246 52.0000
v 122.3527 58.7627 52.0000
v 120.8425 61.0884 52.0000
v 125.5378 63.8130 52.0000
v 122.3527 58.7627 52.0000
v 125.5378 63.8130 52.0000
v 127.1067 61.3836 52.0000
v 120.8425 61.0884 52.0000
v 119.2740 63.3847 52.0000
v 123.9084 66.2117 52.0000
v 120.8425 61.0884 52.0000
v 123.9084 66.2117 52.0000
v 125.5378 63.8130 52.0000
v 119.2740 63.3847 52.0000
v 117.6481 65.6504 52.0000
v 122.2193 68.5784 52.0000
v 119.2740 63.3847 52.0000
v 122.2193 68.5784 52.0000
v 123.9084 66.2117 52.0000
v 117.6481 65.6504 52.0000
v 115.9654 67.8844 52.0000
v 120.4712 70.9121 52.0000
v 117.6481 65.6504 52.0000
v 120.4712 70.9121 52.0000
v 122.2193 68.5784 52.0000
v 115.9654 67.8844 52.0000
v 114.2269 70.0858 52.0000
v 118.6652 73.2117 52.0000
v 115.9654 67.8844 52.0000
v 118.6652 73.2117 52.0000
v 120.4712 70.9121 52.0000
v 114.2269 70.0858 52.0000
v 112.4333 72.2534 52.0000
v 116.8019 75.4759 52.0000
v 114.2269 70.0858 52.0000
v 116.8019 75.4759 52.0000
v 118.6652 73.2117 52.0000
v 112.4333 72.2534 52.0000
v 110.5855 74.3861 52.0000
v 114.8823 77.7038 52.0000
v 112.4333 72.2534 52.0000
v 114.8823 77.7038 52.0000
v 116.8019 75.4759 52.0000
v 110.5855 74.3861 52.0000
v 108.6845 76.4830 52.0000
v 112.9074 79.8942 52.0000
v 110.5855 74.3861 52.0000
v 112.9074 79.8942 52.0000
v 114.8823 77.7038 52.0000
v 108.6845 76.4830 52.0000
v 106.7310 78.5431 52.0000
v 110.8780 82.0461 52.0000
v 108.6845 76.4830 52.0000
v 110.8780 82.0461 52.0000
v 112.9074 79.8942 52.0000
v 106.7310 78.5431 52.0000
v 104.7261 80.5652 52.0000
v 108.7953 84.1585 52.0000
v 106.7310 78.5431 52.0000
v 108.7953 84.1585 52.0000
v 110.8780 82.0461 52.0000
v 104.7261 80.5652 52.0000
v 102.6708 82.5486 52.0000
v 106.6600 86.2303 52.0000
v 104.7261 80.5652 52.0000
v 106.6600 86.2303 52.0000
v 108.7953 84.1585 52.0000
v 102.6708 82.5486 52.0000
v 100.5659 84.4922 52.0000
v 104.4734 88.2606 52.0000
v 102.6708 82.5486 52.0000
v 104.4734 88.2606 52.0000
v 106.6600 86.2303 52.0000
v 100.5659 84.4922 52.0000
v 98.4126 86.3950 52.0000
v 102.2364 90.2483 52.0000
v 100.5659 84.4922 52.0000
v 102.2364 90.2483 52.0000
v 104.4734 88.2606 52.0000
v 98.4126 86.3950 52.0000
v 96.2119 88.2562 52.0000
v 99.9502 92.1925 52.0000
v 98.4126 86.3950 52.0000
v 99.9502 92.1925 52.0000
v 102.2364 90.2483 52.0000
v 96.2119 88.2562 52.0000
v 93.9648 90.0749 52.0000
v 97.6158 94.0923 52.0000
v 96.2119 88.2562 52.0000
v 97.6158 94.0923 52.0000
v 99.9502 92.1925 52.0000
v 93.9648 90.0749 52.0000
v 91.6724 91.8502 52.0000
v 95.2343 95.9468 52.0000
v 93.9648 90.0749 52.0000
v 95.2343 95.9468 52.0000
v 97.6158 94.0923 52.0000
v 91.6724 91.8502 52.0000
v 89.3358 93.5812 52.0000
v 92.8069 97.7550 52.0000
v 91.6724 91.8502 52.0000
v 92.8069 97.7550 52.0000
v 95.2343 95.9468 52.0000
v 89.3358 93.5812 52.0000
v 86.9562 95.2671 52.0000
v 90.3348 99.5161 52.0000
v 89.3358 93.5812 52.0000
v 90.3348 99.5161 52.0000
v 92.8069 97.7550 52.0000
v 86.9562 95.2671 52.0000
v 84.5346 96.9071 52.0000
v 87.8192 101.2292 52.0000
v 86.9562 95.2671 52.0000
v 87.8192 101.2292 52.0000
v 90.3348 99.5161 52.0000
v 84.5346 96.9071 52.0000
v 82.0724 98.5003 52.0000
v 85.2613 102.8935 52.0000
v 84.5346 96.9071 52.0000
v 85.2613 102.8935 52.0000
v 87.8192 101.2292 52.0000
v 82.0724 98.5003 52.0000
v 79.5705 100.0461 52.0000
v 82.6622 104.5083 52.0000
v 82.0724 98.5003 52.0000
v 82.6622 104.5083 52.0000
v 85.2613 102.8935 52.0000
v 79.5705 100.0461 52.0000
v 77.0303 101.5437 52.0000
v 80.0233 106.0727 52.0000
v 79.5705 100.0461 52.0000
v 80.0233 106.0727 52.0000
v 82.6622 104.5083 52.0000
v 77.0303 101.5437 52.0000
v 74.4530 102.9924 52.0000
v 77.3459 107.5859 52.0000
v 77.0303 101.5437 52.0000
v 77.3459 107.5859 52.0000
v 80.0233 106.0727 52.0000
v 74.4530 102.9924 52.0000
v 71.8398 104.3914 52.0000
v 74.6312 109.0473 52.0000
v 74.4530 102.9924 52.0000
v 74.6312 109.0473 52.0000
v 77.3459 107.5859 52.0000
v 71.8398 104.3914 52.0000
v 69.1920 105.7401 52.0000
v 71.8805 110.4562 52.0000
v 71.8398 104.3914 52.0000
v 71.8805 110.4562 52.0000
v 74.6312 109.0473 52.0000
v 69.1920 105.7401 52.0000
v 66.5108 107.0378 52.0000
v 69.0951 111.8118 52.0000
v 69.1920 105.7401 52.0000
v 69.0951 111.8118 52.0000
v 71.8805 110.4562 52.0000
v 66.5108 107.0378 52.0000
v 63.7976 108.2840 52.0000
v 66.2765 113.1135 52.0000
v 66.5108 107.0378 52.0000
v 66.2765 113.1135 52.0000
v 69.0951 111.8118 52.0000
v 63.7976 108.2840 52.0000
v 61.0537 109.4779 52.0000
v 63.4259 114.3608 52.0000
v 63.7976 108.2840 52.0000
v 63.4259 114.3608 52.0000
v 66.2765 113.1135 52.0000
v 61.0537 109.4779 52.0000
v 58.2803 110.6191 52.0000
v 60.5447 115.5529 52.0000
v 61.0537 109.4779 52.0000
v 60.5447 115.5529 52.0000
v 63.4259 114.3608 52.0000
v 58.2803 110.6191 52.0000
v 55.4788 111.7070 52.0000
v 57.6344 116.6893 52.0000
v 58.2803 110.6191 52.0000
v 57.6344 116.6893 52.0000
v 60.5447 115.5529 52.0000
v 55.4788 111.7070 52.0000
v 52.6506 112.7411 52.0000
v 54.6963 117.7694 52.0000
v 55.4788 111.7070 52.0000
v 54.6963 117.7694 52.0000
v 57.6344 116.6893 52.0000
v 52.6506 112.7411 52.0000
v 49.7970 113.7208 52.0000
v 51.7318 118.7929 52.0000
v 52.6506 112.7411 52.0000
v 51.7318 118.7929 52.0000
v 54.6963 117.7694 52.0000
v 49.7970 113.7208 52.0000
v 46.9194 114.6457 52.0000
v 48.7424 119.7590 52.0000
v 49.7970 113.7208 52.0000
v 48.7424 119.7590 52.0000
v 51.7318 118.7929 52.0000
v 46.9194 114.6457 52.0000
v 44.0192 115.5154 52.0000
v 45.7295 120.6675 52.0000
v 46.9194 114.6457 52.0000
v 45.7295 120.6675 52.0000
v 48.7424 119.7590 52.0000
v 44.0192 115.5154 52.0000
v 41.0978 116.3293 52.0000
v 42.6946 121.5177 52.0000
v 44.0192 115.5154 52.0000
v 42.6946 121.5177 52.0000
v 45.7295 120.6675 52.0000
v 41.0978 116.3293 52.0000
v 38.1565 117.0873 52.0000
v 39.6391 122.3095 52.0000
v 41.0978 116.3293 52.0000
v 39.6391 122.3095 52.0000
v 42.6946 121.5177 52.0000
v 38.1565 117.0873 52.0000
v 35.1969 117.7887 52.0000
v 36.5645 123.0422 52.0000
v 38.1565 117.0873 52.0000
v 36.5645 123.0422 52.0000
v 39.6391 122.3095 52.0000
v 35.1969 117.7887 52.0000
v 32.2203 118.4335 52.0000
v 33.4722 123.7157 52.0000
v 35.1969 117.7887 52.0000
v 33.4722 123.7157 52.0000
v 36.5645 123.0422 52.0000
v 32.2203 118.4335 52.0000
v 29.2282 119.0211 52.0000
v 30.3639 124.3296 52.0000
v 32.2203 118.4335 52.0000
v 30.3639 124.3296 52.0000
v 33.4722 123.7157 52.0000
v 29.2282 119.0211 52.0000
v 26.2220 119.5514 52.0000
v 27.2409 124.8835 52.0000
v 29.2282 119.0211 52.0000
v 27.2409 124.8835 52.0000
v 30.3639 124.3296 52.0000
v 26.2220 119.5514 52.0000
v 23.2032 120.0240 52.0000
v 24.1047 125.3772 52.0000
v 26.2220 119.5514 52.0000
v 24.1047 125.3772 52.0000
v 27.2409 124.8835 52.0000
v 23.2032 120.0240 52.0000
v 20.1732 120.4388 52.0000
v 20.9570 125.8105 52.0000
v 23.2032 120.0240 52.0000
v 20.9570 125.8105 52.0000
v 24.1047 125.3772 52.0000
v 20.1732 120.4388 52.0000
v 17.1334 120.7956 52.0000
v 17.7992 126.1832 52.0000
v 20.1732 120.4388 52.0000
v 17.7992 126.1832 52.0000
v 20.9570 125.8105 52.0000
v 17.1334 120.7956 52.0000
v 14.0854 121.0942 52.0000
v 14.6327 126.4951 52.0000
v 17.1334 120.7956 52.0000
v 14.6327 126.4951 52.0000
v 17.7992 126.1832 52.0000
v 14.0854 121.0942 52.0000
v 11.0307 121.3343 52.0000
v 11.4592 126.7460 52.0000
v 14.0854 121.0942 52.0000
v 11.4592 126.7460 52.0000
v 14.6327 126.4951 52.0000
v 11.0307 121.3343 52.0000
v 7.9706 121.5161 52.0000
v 8.2802 126.9358 52.0000
v 11.0307 121.3343 52.0000
v 8.2802 126.9358 52.0000
v 11.4592 126.7460 52.0000
v 7.9706 121.5161 52.0000
v 4.9066 121.6392 52.0000
v 5.0973 127.0644 52.0000
v 7.9706 121.5161 52.0000
v 5.0973 127.0644 52.0000
v 8.2802 126.9358 52.0000
v 4.9066 121.6392 52.0000
v 1.8403 121.7037 52.0000
v 1.9118 127.1318 52.0000
v 4.9066 121.6392 52.0000
v 1.9118 127.1318 52.0000
v 5.0973 127.0644 52.0000
v 1.8403 121.7037 52.0000
v -1.2269 121.7096 52.0000
v -1.2746 127.1380 52.0000
v 1.8403 121.7037 52.0000
v -1.2746 127.1380 52.0000
v 1.9118 127.1318 52.0000
v -1.2269 121.7096 52.0000
v -4.2935 121.6568 52.0000
v -4.4603 127.0828 52.0000
v -1.2269 121.7096 52.0000
v -4.4603 127.0828 52.0000
v -1.2746 127.1380 52.0000
v -4.2935 121.6568 52.0000
v -7.3580 121.5454 52.0000
v -7.6439 126.9664 52.0000
v -4.2935 121.6568 52.0000
v -7.6439 126.9664 52.0000
v -4.4603 127.0828 52.0000
v -7.3580 121.5454 52.0000
v -10.4190 121.3754 52.0000
v -10.8238 126.7888 52.0000
v -7.3580 121.5454 52.0000
v -10.8238 126.7888 52.0000
v -7.6439 126.9664 52.0000
v -10.4190 121.3754 52.0000
v -13.4750 121.1469 52.0000
v -13.9985 126.5501 52.0000
v -10.4190 121.3754 52.0000
v -13.9985 126.5501 52.0000
v -10.8238 126.7888 52.0000
v -13.4750 121.1469 52.0000
v -16.5245 120.8600 52.0000
v -17.1665 126.2505 52.0000
v -13.4750 121.1469 52.0000
v -17.1665 126.2505 52.0000
v -13.9985 126.5501 52.0000
v -16.5245 120.8600 52.0000
v -19.5660 120.5148 52.0000
v -20.3262 125.8899 52.0000
v -16.5245 120.8600 52.0000
v -20.3262 125.8899 52.0000
v -17.1665 126.2505 52.0000
v -19.5660 120.5148 52.0000
v -22.5980 120.1116 52.0000
v -23.4761 125.4687 52.0000
v -19.5660 120.5148 52.0000
v -23.4761 125.4687 52.0000
v -20.3262 125.8899 52.0000
v -22.5980 120.1116 52.0000
v -25.6192 119.6505 52.0000
v -26.6147 124.9871 52.0000
v -22.5980 120.1116 52.0000
v -26.6147 124.9871 52.0000
v -23.4761 125.4687 52.0000
v -25.6192 119.6505 52.0000
v -28.6281 119.1318 52.0000
v -29.7404 124.4451 52.0000
v -25.6192 119.6505 52.0000
v -29.7404 124.4451 52.0000
v -26.6147 124.9871 52.0000
v -28.6281 119.1318 52.0000
v -31.6231 118.5556 52.0000
v -32.8518 123.8433 52.0000
v -28.6281 119.1318 52.0000
v -32.8518 123.8433 52.0000
v -29.7404 124.4451 52.0000
v -31.6231 118.5556 52.0000
v -34.6029 117.9222 52.0000
v -35.9474 123.1817 52.0000
v -31.6231 118.5556 52.0000
v -35.9474 123.1817 52.0000
v -32.8518 123.8433 52.0000
v -34.6029 117.9222 52.0000
v -37.5660 117.2321 52.0000
v -39.0257 122.4607 52.0000
v -34.6029 117.9222 52.0000
v -39.0257 122.4607 52.0000
v -35.9474 123.1817 52.0000
v -37.5660 117.2321 52.0000
v -40.5111 116.4854 52.0000
v -42.0851 121.6808 52.0000
v -37.5660 117.2321 52.0000
v -42.0851 121.6808 52.0000
v -39.0257 122.4607 52.0000
v -40.5111 116.4854 52.0000
v -43.4365 115.6826 52.0000
v -45.1243 120.8422 52.0000
v -40.5111 116.4854 52.0000
v -45.1243 120.8422 52.0000
v -42.0851 121.6808 52.0000
v -43.4365 115.6826 52.0000
v -46.3411 114.8241 52.0000
v -48.1417 119.9453 52.0000
v -43.4365 115.6826 52.0000
v -48.1417 119.9453 52.0000
v -45.1243 120.8422 52.0000
v -46.3411 114.8241 52.0000
v -49.2233 113.9102 52.0000
v -51.1359 118.9907 52.0000
v -46.3411 114.8241 52.0000
v -51.1359 118.9907 52.0000
v -48.1417 119.9453 52.0000
v -49.2233 113.9102 52.0000
v -52.0818 112.9414 52.0000
v -54.1055 117.9787 52.0000
v -49.2233 113.9102 52.0000
v -54.1055 117.9787 52.0000
v -51.1359 118.9907 52.0000
v -52.0818 112.9414 52.0000
v -54.9152 111.9182 52.0000
v -57.0490 116.9098 52.0000
v -52.0818 112.9414 52.0000
v -57.0490 116.9098 52.0000
v -54.1055 117.9787 52.0000
v -54.9152 111.9182 52.0000
v -57.7222 110.8410 52.0000
v -59.9650 115.7846 52.0000
v -54.9152 111.9182 52.0000
v -59.9650 115.7846 52.0000
v -57.0490 116.9098 52.0000
v -57.7222 110.8410 52.0000
v -60.5013 109.7104 52.0000
v -62.8521 114.6036 52.0000
v -57.7222 110.8410 52.0000
v -62.8521 114.6036 52.0000
v -59.9650 115.7846 52.0000
v -60.5013 109.7104 52.0000
v -63.2513 108.5270 52.0000
v -65.7089 113.3674 52.0000
v -60.5013 109.7104 52.0000
v -65.7089 113.3674 52.0000
v -62.8521 114.6036 52.0000
v -63.2513 108.5270 52.0000
v -65.9707 107.2912 52.0000
v -68.5340 112.0765 52.0000
v -63.2513 108.5270 52.0000
v -68.5340 112.0765 52.0000
v -65.7089 113.3674 52.0000
v -65.9707 107.2912 52.0000
v -68.6584 106.0037 52.0000
v -71.3261 110.7316 52.0000
v -65.9707 107.2912 52.0000
v -71.3261 110.7316 52.0000
v -68.5340 112.0765 52.0000
v -68.6584 106.0037 52.0000
v -71.3130 104.6652 52.0000
v -74.0838 109.3333 52.0000
v -68.6584 106.0037 52.0000
v -74.0838 109.3333 52.0000
v -71.3261 110.7316 52.0000
v -71.3130 104.6652 52.0000
v -73.9332 103.2762 52.0000
v -76.8059 107.8824 52.0000
v -71.3130 104.6652 52.0000
v -76.8059 107.8824 52.0000
v -74.0838 109.3333 52.0000
v -73.9332 103.2762 52.0000
v -76.5178 101.8374 52.0000
v -79.4909 106.3794 52.0000
v -73.9332 103.2762 52.0000
v -79.4909 106.3794 52.0000
v -76.8059 107.8824 52.0000
v -76.5178 101.8374 52.0000
v -79.0655 100.3495 52.0000
v -82.1376 104.8252 52.0000
v -76.5178 101.8374 52.0000
v -82.1376 104.8252 52.0000
v -79.4909 106.3794 52.0000
v -79.0655 100.3495 52.0000
v -81.5751 98.8133 52.0000
v -84.7447 103.2205 52.0000
v -79.0655 100.3495 52.0000
v -84.7447 103.2205 52.0000
v -82.1376 104.8252 52.0000
v -81.5751 98.8133 52.0000
v -84.0454 97.2295 52.0000
v -87.3110 101.5660 52.0000
v -81.5751 98.8133 52.0000
v -87.3110 101.5660 52.0000
v -84.7447 103.2205 52.0000
v -84.0454 97.2295 52.0000
v -86.4752 95.5988 52.0000
v -89.8352 99.8626 52.0000
v -84.0454 97.2295 52.0000
v -89.8352 99.8626 52.0000
v -87.3110 101.5660 52.0000
v -86.4752 95.5988 52.0000
v -88.8633 93.9220 52.0000
v -92.3161 98.1110 52.0000
v -86.4752 95.5988 52.0000
v -92.3161 98.1110 52.0000
v -89.8352 99.8626 52.0000
v -88.8633 93.9220 52.0000
v -91.2086 92.1999 52.0000
v -94.7525 96.3121 52.0000
v -88.8633 93.9220 52.0000
v -94.7525 96.3121 52.0000
v -92.3161 98.1110 52.0000
v -91.2086 92.1999 52.0000
v -93.5099 90.4335 52.0000
v -97.1432 94.4669 52.0000
v -91.2086 92.1999 52.0000
v -97.1432 94.4669 52.0000
v -94.7525 96.3121 52.0000
v -93.5099 90.4335 52.0000
v -95.7662 88.6234 52.0000
v -99.4871 92.5761 52.0000
v -93.5099 90.4335 52.0000
v -99.4871 92.5761 52.0000
v -97.1432 94.4669 52.0000
v -95.7662 88.6234 52.0000
v -97.9762 86.7706 52.0000
v -101.7831 90.6407 52.0000
v -95.7662 88.6234 52.0000
v -101.7831 90.6407 52.0000
v -99.4871 92.5761 52.0000
v -97.9762 86.7706 52.0000
v -100.1391 84.8760 52.0000
v -104.0300 88.6616 52.0000
v -97.9762 86.7706 52.0000
v -104.0300 88.6616 52.0000
v -101.7831 90.6407 52.0000
v -100.1391 84.8760 52.0000
v -102.2537 82.9405 52.0000
v -106.2268 86.6397 52.0000
v -100.1391 84.8760 52.0000
v -106.2268 86.6397 52.0000
v -104.0300 88.6616 52.0000
v -102.2537 82.9405 52.0000
v -104.3191 80.9650 52.0000
v -108.3724 84.5762 52.0000
v -102.2537 82.9405 52.0000
v -108.3724 84.5762 52.0000
v -106.2268 86.6397 52.0000
v -104.3191 80.9650 52.0000
v -106.3341 78.9505 52.0000
v -110.4657 82.4718 52.0000
v -104.3191 80.9650 52.0000
v -110.4657 82.4718 52.0000
v -108.3724 84.5762 52.0000
v -106.3341 78.9505 52.0000
v -108.2980 76.8980 52.0000
v -112.5058 80.3277 52.0000
v -106.3341 78.9505 52.0000
v -112.5058 80.3277 52.0000
v -110.4657 82.4718 52.0000
v -108.2980 76.8980 52.0000
v -110.2096 74.8084 52.0000
v -114.4917 78.1449 52.0000
v -108.2980 76.8980 52.0000
v -114.4917 78.1449 52.0000
v -112.5058 80.3277 52.0000
v -110.2096 74.8084 52.0000
v -112.0681 72.6827 52.0000
v -116.4225 75.9244 52.0000
v -110.2096 74.8084 52.0000
v -116.4225 75.9244 52.0000
v -114.4917 78.1449 52.0000
v -112.0681 72.6827 52.0000
v -113.8726 70.5220 52.0000
v -118.2971 73.6674 52.0000
v -112.0681 72.6827 52.0000
v -118.2971 73.6674 52.0000
v -116.4225 75.9244 52.0000
v -113.8726 70.5220 52.0000
v -115.6222 68.3274 52.0000
v -120.1146 71.3748 52.0000
v -113.8726 70.5220 52.0000
v -120.1146 71.3748 52.0000
v -118.2971 73.6674 52.0000
v -115.6222 68.3274 52.0000
v -117.3161 66.0998 52.0000
v -121.8743 69.0479 52.0000
v -115.6222 68.3274 52.0000
v -121.8743 69.0479 52.0000
v -120.1146 71.3748 52.0000
v -117.3161 66.0998 52.0000
v -118.9534 63.8403 52.0000
v -123.5753 66.6876 52.0000
v -117.3161 66.0998 52.0000
v -123.5753 66.6876 52.0000
v -121.8743 69.0479 52.0000
v -118.9534 63.8403 52.0000
v -120.5334 61.5500 52.0000
v -125.2167 64.2952 52.0000
v -118.9534 63.8403 52.0000
v -125.2167 64.2952 52.0000
v -123.5753 66.6876 52.0000
v -120.5334 61.5500 52.0000
v -122.0553 59.2301 52.0000
v -126.7978 61.8719 52.0000
v -120.5334 61.5500 52.0000
v -126.7978 61.8719 52.0000
v -125.2167 64.2952 52.0000
v -122.0553 59.2301 52.0000
v -123.5184 56.8817 52.0000
v -128.3177 59.4187 52.0000
v -122.0553 59.2301 52.0000
v -128.3177 59.4187 52.0000
v -126.7978 61.8719 52.0000
v -123.5184 56.8817 52.0000
v -124.9220 54.5058 52.0000
v -129.7758 56.9369 52.0000
v -123.5184 56.8817 52.0000
v -129.7758 56.9369 52.0000
v -128.3177 59.4187 52.0000
v -124.9220 54.5058 52.0000
v -126.2654 52.1037 52.0000
v -131.1714 54.4276 52.0000
v -124.9220 54.5058 52.0000
v -131.1714 54.4276 52.0000
v -129.7758 56.9369 52.0000
v -126.2654 52.1037 52.0000
v -127.5479 49.6765 52.0000
v -132.5037 51.8921 52.0000
v -126.2654 52.1037 52.0000
v -132.5037 51.8921 52.0000
v -131.1714 54.4276 52.0000
v -127.5479 49.6765 52.0000
v -128.7689 47.2253 52.0000
v -133.7722 49.3316 52.0000
v -127.5479 49.6765 52.0000
v -133.7722 49.3316 52.0000
v -132.5037 51.8921 52.0000
v -128.7689 47.2253 52.0000
v -129.9279 44.7514 52.0000
v -134.9762 46.7473 52.0000
v -128.7689 47.2253 52.0000
v -134.9762 46.7473 52.0000
v -133.7722 49.3316 52.0000
v -129.9279 44.7514 52.0000
v -131.0242 42.2558 52.0000
v -136.1152 44.1405 52.0000
v -129.9279 44.7514 52.0000
v -136.1152 44.1405 52.0000
v -134.9762 46.7473 52.0000
v -131.0242 42.2558 52.0000
v -132.0575 39.7400 52.0000
v -137.1885 41.5124 52.0000
v -131.0242 42.2558 52.0000
v -137.1885 41.5124 52.0000
v -136.1152 44.1405 52.0000
v -132.0575 39.7400 52.0000
v -133.0270 37.2049 52.0000
v -138.1958 38.8643 52.0000
v -132.0575 39.7400 52.0000
v -138.1958 38.8643 52.0000
v -137.1885 41.5124 52.0000
v -133.0270 37.2049 52.0000
v -133.9325 34.6520 52.0000
v -139.1364 36.1975 52.0000
v -133.0270 37.2049 52.0000
v -139.1364 36.1975 52.0000
v -138.1958 38.8643 52.0000
v -133.9325 34.6520 52.0000
v -134.7734 32.0823 52.0000
v -140.0100 33.5132 52.0000
v -133.9325 34.6520 52.0000
v -140.0100 33.5132 52.0000
v -139.1364 36.1975 52.0000
v -134.7734 32.0823 52.0000
v -135.5493 29.4972 52.0000
v -140.8161 30.8128 52.0000
v -134.7734 32.0823 52.0000
v -140.8161 30.8128 52.0000
v -140.0100 33.5132 52.0000
v -135.5493 29.4972 52.0000
v -136.2599 26.8979 52.0000
v -141.5543 28.0975 52.0000
v -135.5493 29.4972 52.0000
v -141.5543 28.0975 52.0000
v -140.8161 30.8128 52.0000
v -136.2599 26.8979 52.0000
v -136.9049 24.2856 52.0000
v -142.2243 25.3687 52.0000
v -136.2599 26.8979 52.0000
v -142.2243 25.3687 52.0000
v -141.5543 28.0975 52.0000
v -136.9049 24.2856 52.0000
v -137.4839 21.6616 52.0000
v -142.8258 22.6277 52.0000
v -136.9049 24.2856 52.0000
v -142.8258 22.6277 52.0000
v -142.2243 25.3687 52.0000
v -137.4839 21.6616 52.0000
v -137.9966 19.0271 52.0000
v -143.3584 19.8757 52.0000
v -137.4839 21.6616 52.0000
v -143.3584 19.8757 52.0000
v -142.8258 22.6277 52.0000
v -137.9966 19.0271 52.0000
v -138.4428 16.3835 52.0000
v -143.8219 17.1142 52.0000
v -137.9966 19.0271 52.0000
v -143.8219 17.1142 52.0000
v -143.3584 19.8757 52.0000
v -138.4428 16.3835 52.0000
v -138.8222 13.7320 52.0000
v -144.2162 14.3444 52.0000
v -138.4428 16.3835 52.0000
v -144.2162 14.3444 52.0000
v -143.8219 17.1142 52.0000
v -138.8222 13.7320 52.0000
v -139.1348 11.0739 52.0000
v -144.5409 11.5678 52.0000
v -138.8222 13.7320 52.0000
v -144.5409 11.5678 52.0000
v -144.2162 14.3444 52.0000
v -139.1348 11.0739 52.0000
v -139.3803 8.4104 52.0000
v -144.7959 8.7855 52.0000
v -139.1348 11.0739 52.0000
v -144.7959 8.7855 52.0000
v -144.5409 11.5678 52.0000
v -139.3803 8.4104 52.0000
v -139.5587 5.7429 52.0000
v -144.9812 5.9990 52.0000
v -139.3803 8.4104 52.0000
v -144.9812 5.9990 52.0000
v -144.7959 8.7855 52.0000
v -139.5587 5.7429 52.0000
v -139.6698 3.0726 52.0000
v -145.0966 3.2096 52.0000
v -139.5587 5.7429 52.0000
v -145.0966 3.2096 52.0000
v -144.9812 5.9990 52.0000
v -139.6698 3.0726 52.0000
v -139.7135 0.4008 52.0000
v -145.1421 0.4187 52.0000
v -139.6698 3.0726 52.0000
v -145.1421 0.4187 52.0000
v -145.0966 3.2096 52.0000
v -139.7135 0.4008 52.0000
v -139.6900 -2.2711 52.0000
v -145.1176 -2.3724 52.0000
v -139.7135 0.4008 52.0000
v -145.1176 -2.3724 52.0000
v -145.1421 0.4187 52.0000
v -139.6900 -2.2711 52.0000
v -139.5991 -4.9420 52.0000
v -145.0232 -5.1624 52.0000
v -139.6900 -2.2711 52.0000
v -145.0232 -5.1624 52.0000
v -145.1176 -2.3724 52.0000
v -139.5991 -4.9420 52.0000
v -139.4409 -7.6105 52.0000
v -144.8588 -7.9499 52.0000
v -139.5991 -4.9420 52.0000
v -144.8588 -7.9499 52.0000
v -145.0232 -5.1624 52.0000
v -139.4409 -7.6105 52.0000
v -139.2155 -10.2753 52.0000
v -144.6247 -10.7336 52.0000
v -139.4409 -7.6105 52.0000
v -144.6247 -10.7336 52.0000
v -144.8588 -7.9499 52.0000
v -139.2155 -10.2753 52.0000
v -138.9231 -12.9352 52.0000
v -144.3209 -13.5121 52.0000
v -139.2155 -10.2753 52.0000
v -144.3209 -13.5121 52.0000
v -144.6247 -10.7336 52.0000
v -138.9231 -12.9352 52.0000
v -138.5636 -15.5888 52.0000
v -143.9475 -16.2841 52.0000
v -138.9231 -12.9352 52.0000
v -143.9475 -16.2841 52.0000
v -144.3209 -13.5121 52.0000
v -138.5636 -15.5888 52.0000
v -138.1374 -18.2349 52.0000
v -143.5047 -19.0482 52.0000
v -138.5636 -15.5888 52.0000
v -143.5047 -19.0482 52.0000
v -143.9475 -16.2841 52.0000
v -138.1374 -18.2349 52.0000
v -137.6446 -20.8723 52.0000
v -142.9928 -21.8032 52.0000
v -138.1374 -18.2349 52.0000
v -142.9928 -21.8032 52.0000
v -143.5047 -19.0482 52.0000
v -137.6446 -20.8723 52.0000
v -137.0855 -23.4995 52.0000
v -142.4120 -24.5476 52.0000
v -137.6446 -20.8723 52.0000
v -142.4120 -24.5476 52.0000
v -142.9928 -21.8032 52.0000
v -137.0855 -23.4995 52.0000
v -136.4603 -26.1155 52.0000
v -141.7625 -27.2803 52.0000
v -137.0855 -23.4995 52.0000
v -141.7625 -27.2803 52.0000
v -142.4120 -24.5476 52.0000
v -136.4603 -26.1155 52.0000
v -135.7694 -28.7188 52.0000
v -141.0447 -29.9997 52.0000
v -136.4603 -26.1155 52.0000
v -141.0447 -29.9997 52.0000
v -141.7625 -27.2803 52.0000
v -135.7694 -28.7188 52.0000
v -135.0130 -31.3084 52.0000
v -140.2589 -32.7047 52.0000
v -135.7694 -28.7188 52.0000
v -140.2589 -32.7047 52.0000
v -141.0447 -29.9997 52.0000
v -135.0130 -31.3084 52.0000
v -134.1915 -33.8828 52.0000
v -139.4055 -35.3940 52.0000
v -135.0130 -31.3084 52.0000
v -139.4055 -35.3940 52.0000
v -140.2589 -32.7047 52.0000
v -134.1915 -33.8828 52.0000
v -133.3054 -36.4409 52.0000
v -138.4850 -38.0662 52.0000
v -134.1915 -33.8828 52.0000
v -138.4850 -38.0662 52.0000
v -139.4055 -35.3940 52.0000
v -133.3054 -36.4409 52.0000
v -132.3550 -38.9814 52.0000
v -137.4977 -40.7200 52.0000
v -133.3054 -36.4409 52.0000
v -137.4977 -40.7200 52.0000
v -138.4850 -38.0662 52.0000
v -132.3550 -38.9814 52.0000
v -131.3409 -41.5032 52.0000
v -136.4441 -43.3542 52.0000
v -132.3550 -38.9814 52.0000
v -136.4441 -43.3542 52.0000
v -137.4977 -40.7200 52.0000
v -131.3409 -41.5032 52.0000
v -130.2634 -44.0049 52.0000
v -135.3247 -45.9676 52.0000
v -131.3409 -41.5032 52.0000
v -135.3247 -45.9676 52.0000
v -136.4441 -43.3542 52.0000
v -130.2634 -44.0049 52.0000
v -129.1231 -46.4854 52.0000
v -134.1402 -48.5587 52.0000
v -130.2634 -44.0049 52.0000
v -134.1402 -48.5587 52.0000
v -135.3247 -45.9676 52.0000
v -129.1231 -46.4854 52.0000
v -127.9207 -48.9436 52.0000
v -132.8910 -51.1265 52.0000
v -129.1231 -46.4854 52.0000
v -132.8910 -51.1265 52.0000
v -134.1402 -48.5587 52.0000
v -127.9207 -48.9436 52.0000
v -126.6565 -51.3781 52.0000
v -131.5777 -53.6696 52.0000
v -127.9207 -48.9436 52.0000
v -131.5777 -53.6696 52.0000
v -132.8910 -51.1265 52.0000
v -126.6565 -51.3781 52.0000
v -125.3314 -53.7879 52.0000
v -130.2011 -56.1869 52.0000
v -126.6565 -51.3781 52.0000
v -130.2011 -56.1869 52.0000
v -131.5777 -53.6696 52.0000
v -125.3314 -53.7879 52.0000
v -123.9458 -56.1718 52.0000
v -128.7617 -58.6771 52.0000
v -125.3314 -53.7879 52.0000
v -128.7617 -58.6771 52.0000
v -130.2011 -56.1869 52.0000
v -123.9458 -56.1718 52.0000
v -122.5005 -58.5286 52.0000
v -127.2602 -61.1390 52.0000
v -123.9458 -56.1718 52.0000
v -127.2602 -61.1390 52.0000
v -128.7617 -58.6771 52.0000
v -122.5005 -58.5286 52.0000
v -120.9961 -60.8571 52.0000
v -125.6974 -63.5714 52.0000
v -122.5005 -58.5286 52.0000
v -125.6974 -63.5714 52.0000
v -127.2602 -61.1390 52.0000
v 142.9378 22.0781 52.0000
v 142.3501 24.8215 52.0000
v 147.6742 25.8812 52.0000
v 142.9378 22.0781 52.0000
v 147.6742 25.8812 52.0000
v 148.2839 23.0208 52.0000
v 142.3501 24.8215 52.0000
v 141.6938 27.5528 52.0000
v 146.9933 28.7292 52.0000
v 142.3501 24.8215 52.0000
v 146.9933 28.7292 52.0000
v 147.6742 25.8812 52.0000
v 141.6938 27.5528 52.0000
v 140.9692 30.2709 52.0000
v 146.2416 31.5634 52.0000
v 141.6938 27.5528 52.0000
v 146.2416 31.5634 52.0000
v 146.9933 28.7292 52.0000
v 140.9692 30.2709 52.0000
v 140.1766 32.9744 52.0000
v 145.4194 34.3823 52.0000
v 140.9692 30.2709 52.0000
v 145.4194 34.3823 52.0000
v 146.2416 31.5634 52.0000
v 140.1766 32.9744 52.0000
v 139.3165 35.6620 52.0000
v 144.5271 37.1846 52.0000
v 140.1766 32.9744 52.0000
v 144.5271 37.1846 52.0000
v 145.4194 34.3823 52.0000
v 139.3165 35.6620 52.0000
v 138.3892 38.3324 52.0000
v 143.5652 39.9691 52.0000
v 139.3165 35.6620 52.0000
v 143.5652 39.9691 52.0000
v 144.5271 37.1846 52.0000
v 138.3892 38.3324 52.0000
v 137.3953 40.9844 52.0000
v 142.5341 42.7342 52.0000
v 138.3892 38.3324 52.0000
v 142.5341 42.7342 52.0000
v 143.5652 39.9691 52.0000
v 137.3953 40.9844 52.0000
v 136.3351 43.6165 52.0000
v 141.4342 45.4788 52.0000
v 137.3953 40.9844 52.0000
v 141.4342 45.4788 52.0000
v 142.5341 42.7342 52.0000
v 136.3351 43.6165 52.0000
v 135.2092 46.2277 52.0000
v 140.2663 48.2015 52.0000
v 136.3351 43.6165 52.0000
v 140.2663 48.2015 52.0000
v 141.4342 45.4788 52.0000
v 135.2092 46.2277 52.0000
v 134.0182 48.8166 52.0000
v 139.0307 50.9009 52.0000
v 135.2092 46.2277 52.0000
v 139.0307 50.9009 52.0000
v 140.2663 48.2015 52.0000
v 134.0182 48.8166 52.0000
v 132.7625 51.3820 52.0000
v 137.7281 53.5758 52.0000
v 134.0182 48.8166 52.0000
v 137.7281 53.5758 52.0000
v 139.0307 50.9009 52.0000
v 132.7625 51.3820 52.0000
v 131.4429 53.9226 52.0000
v 136.3591 56.2249 52.0000
v 132.7625 51.3820 52.0000
v 136.3591 56.2249 52.0000
v 137.7281 53.5758 52.0000
v 131.4429 53.9226 52.0000
v 130.0600 56.4372 52.0000
v 134.9244 58.8468 52.0000
v 131.4429 53.9226 52.0000
v 134.9244 58.8468 52.0000
v 136.3591 56.2249 52.0000
v 130.0600 56.4372 52.0000
v 128.6143 58.9246 52.0000
v 133.4247 61.4405 52.0000
v 130.0600 56.4372 52.0000
v 133.4247 61.4405 52.0000
v 134.9244 58.8468 52.0000
v 128.6143 58.9246 52.0000
v 127.1067 61.3836 52.0000
v 131.8607 64.0045 52.0000
v 128.6143 58.9246 52.0000
v 131.8607 64.0045 52.0000
v 133.4247 61.4405 52.0000
v 127.1067 61.3836 52.0000
v 125.5378 63.8130 52.0000
v 130.2331 66.5376 52.0000
v 127.1067 61.3836 52.0000
v 130.2331 66.5376 52.0000
v 131.8607 64.0045 52.0000
v 125.5378 63.8130 52.0000
v 123.9084 66.2117 52.0000
v 128.5427 69.0387 52.0000
v 125.5378 63.8130 52.0000
v 128.5427 69.0387 52.0000
v 130.2331 66.5376 52.0000
v 123.9084 66.2117 52.0000
v 122.2193 68.5784 52.0000
v 126.7905 71.5065 52.0000
v 123.9084 66.2117 52.0000
v 126.7905 71.5065 52.0000
v 128.5427 69.0387 52.0000
v 122.2193 68.5784 52.0000
v 120.4712 70.9121 52.0000
v 124.9771 73.9399 52.0000
v 122.2193 68.5784 52.0000
v 124.9771 73.9399 52.0000
v 126.7905 71.5065 52.0000
v 120.4712 70.9121 52.0000
v 118.6652 73.2117 52.0000
v 123.1034 76.3376 52.0000
v 120.4712 70.9121 52.0000
v 123.1034 76.3376 52.0000
v 124.9771 73.9399 52.0000
v 118.6652 73.2117 52.0000
v 116.8019 75.4759 52.0000
v 121.1705 78.6985 52.0000
v 118.6652 73.2117 52.0000
v 121.1705 78.6985 52.0000
v 123.1034 76.3376 52.0000
v 116.8019 75.4759 52.0000
v 114.8823 77.7038 52.0000
v 119.1791 81.0215 52.0000
v 116.8019 75.4759 52.0000
v 119.1791 81.0215 52.0000
v 121.1705 78.6985 52.0000
v 114.8823 77.7038 52.0000
v 112.9074 79.8942 52.0000
v 117.1303 83.3054 52.0000
v 114.8823 77.7038 52.0000
v 117.1303 83.3054 52.0000
v 119.1791 81.0215 52.0000
v 112.9074 79.8942 52.0000
v 110.8780 82.0461 52.0000
v 115.0251 85.5492 52.0000
v 112.9074 79.8942 52.0000
v 115.0251 85.5492 52.0000
v 117.1303 83.3054 52.0000
v 110.8780 82.0461 52.0000
v 108.7953 84.1585 52.0000
v 112.8644 87.7518 52.0000
v 110.8780 82.0461 52.0000
v 112.8644 87.7518 52.0000
v 115.0251 85.5492 52.0000
v 108.7953 84.1585 52.0000
v 106.6600 86.2303 52.0000
v 110.6493 89.9121 52.0000
v 108.7953 84.1585 52.0000
v 110.6493 89.9121 52.0000
v 112.8644 87.7518 52.0000
v 106.6600 86.2303 52.0000
v 104.4734 88.2606 52.0000
v 108.3809 92.0290 52.0000
v 106.6600 86.2303 52.0000
v 108.3809 92.0290 52.0000
v 110.6493 89.9121 52.0000
v 104.4734 88.2606 52.0000
v 102.2364 90.2483 52.0000
v 106.0602 94.1016 52.0000
v 104.4734 88.2606 52.0000
v 106.0602 94.1016 52.0000
v 108.3809 92.0290 52.0000
v 102.2364 90.2483 52.0000
v 99.9502 92.1925 52.0000
v 103.6885 96.1288 52.0000
v 102.2364 90.2483 52.0000
v 103.6885 96.1288 52.0000
v 106.0602 94.1016 52.0000
v 99.9502 92.1925 52.0000
v 97.6158 94.0923 52.0000
v 101.2668 98.1098 52.0000
v 99.9502 92.1925 52.0000
v 101.2668 98.1098 52.0000
v 103.6885 96.1288 52.0000
v 97.6158 94.0923 52.0000
v 95.2343 95.9468 52.0000
v 98.7962 100.0434 52.0000
v 97.6158 94.0923 52.0000
v 98.7962 100.0434 52.0000
v 101.2668 98.1098 52.0000
v 95.2343 95.9468 52.0000
v 92.8069 97.7550 52.0000
v 96.2781 101.9288 52.0000
v 95.2343 95.9468 52.0000
v 96.2781 101.9288 52.0000
v 98.7962 100.0434 52.0000
v 92.8069 97.7550 52.0000
v 90.3348 99.5161 52.0000
v 93.7135 103.7651 52.0000
v 92.8069 97.7550 52.0000
v 93.7135 103.7651 52.0000
v 96.2781 101.9288 52.0000
v 90.3348 99.5161 52.0000
v 87.8192 101.2292 52.0000
v 91.1038 105.5513 52.0000
v 90.3348 99.5161 52.0000
v 91.1038 105.5513 52.0000
v 93.7135 103.7651 52.0000
v 87.8192 101.2292 52.0000
v 85.2613 102.8935 52.0000
v 88.4502 107.2867 52.0000
v 87.8192 101.2292 52.0000
v 88.4502 107.2867 52.0000
v 91.1038 105.5513 52.0000
v 85.2613 102.8935 52.0000
v 82.6622 104.5083 52.0000
v 85.7539 108.9704 52.0000
v 85.2613 102.8935 52.0000
v 85.7539 108.9704 52.0000
v 88.4502 107.2867 52.0000
v 82.6622 104.5083 52.0000
v 80.0233 106.0727 52.0000
v 83.0163 110.6016 52.0000
v 82.6622 104.5083 52.0000
v 83.0163 110.6016 52.0000
v 85.7539 108.9704 52.0000
v 80.0233 106.0727 52.0000
v 77.3459 107.5859 52.0000
v 80.2387 112.1795 52.0000
v 80.0233 106.0727 52.0000
v 80.2387 112.1795 52.0000
v 83.0163 110.6016 52.0000
v 77.3459 107.5859 52.0000
v 74.6312 109.0473 52.0000
v 77.4225 113.7033 52.0000
v 77.3459 107.5859 52.0000
v 77.4225 113.7033 52.0000
v 80.2387 112.1795 52.0000
v 74.6312 109.0473 52.0000
v 71.8805 110.4562 52.0000
v 74.5689 115.1723 52.0000
v 74.6312 109.0473 52.0000
v 74.5689 115.1723 52.0000
v 77.4225 113.7033 52.0000
v 71.8805 110.4562 52.0000
v 69.0951 111.8118 52.0000
v 71.6794 116.5858 52.0000
v 71.8805 110.4562 52.0000
v 71.6794 116.5858 52.0000
v 74.5689 115.1723 52.0000
v 69.0951 111.8118 52.0000
v 66.2765 113.1135 52.0000
v 68.7553 117.9431 52.0000
v 69.0951 111.8118 52.0000
v 68.7553 117.9431 52.0000
v 71.6794 116.5858 52.0000
v 66.2765 113.1135 52.0000
v 63.4259 114.3608 52.0000
v 65.7981 119.2436 52.0000
v 66.2765 113.1135 52.0000
v 65.7981 119.2436 52.0000
v 68.7553 117.9431 52.0000
v 63.4259 114.3608 52.0000
v 60.5447 115.5529 52.0000
v 62.8092 120.4866 52.0000
v 63.4259 114.3608 52.0000
v 62.8092 120.4866 52.0000
v 65.7981 119.2436 52.0000
v 60.5447 115.5529 52.0000
v 57.6344 116.6893 52.0000
v 59.7900 121.6715 52.0000
v 60.5447 115.5529 52.0000
v 59.7900 121.6715 52.0000
v 62.8092 120.4866 52.0000
v 57.6344 116.6893 52.0000
v 54.6963 117.7694 52.0000
v 56.7420 122.7978 52.0000
v 57.6344 116.6893 52.0000
v 56.7420 122.7978 52.0000
v 59.7900 121.6715 52.0000
v 54.6963 117.7694 52.0000
v 51.7318 118.7929 52.0000
v 53.6667 123.8649 52.0000
v 54.6963 117.7694 52.0000
v 53.6667 123.8649 52.0000
v 56.7420 122.7978 52.0000
v 51.7318 118.7929 52.0000
v 48.7424 119.7590 52.0000
v 50.5655 124.8723 52.0000
v 51.7318 118.7929 52.0000
v 50.5655 124.8723 52.0000
v 53.6667 123.8649 52.0000
v 48.7424 119.7590 52.0000
v 45.7295 120.6675 52.0000
v 47.4399 125.8195 52.0000
v 48.7424 119.7590 52.0000
v 47.4399 125.8195 52.0000
v 50.5655 124.8723 52.0000
v 45.7295 120.6675 52.0000
v 42.6946 121.5177 52.0000
v 44.2914 126.7061 52.0000
v 45.7295 120.6675 52.0000
v 44.2914 126.7061 52.0000
v 47.4399 125.8195 52.0000
v 42.6946 121.5177 52.0000
v 39.6391 122.3095 52.0000
v 41.1217 127.5317 52.0000
v 42.6946 121.5177 52.0000
v 41.1217 127.5317 52.0000
v 44.2914 126.7061 52.0000
v 39.6391 122.3095 52.0000
v 36.5645 123.0422 52.0000
v 37.9321 128.2957 52.0000
v 39.6391 122.3095 52.0000
v 37.9321 128.2957 52.0000
v 41.1217 127.5317 52.0000
v 36.5645 123.0422 52.0000
v 33.4722 123.7157 52.0000
v 34.7242 128.9979 52.0000
v 36.5645 123.0422 52.0000
v 34.7242 128.9979 52.0000
v 37.9321 128.2957 52.0000
v 33.4722 123.7157 52.0000
v 30.3639 124.3296 52.0000
v 31.4995 129.6380 52.0000
v 33.4722 123.7157 52.0000
v 31.4995 129.6380 52.0000
v 34.7242 128.9979 52.0000
v 30.3639 124.3296 52.0000
v 27.2409 124.8835 52.0000
v 28.2597 130.2156 52.0000
v 30.3639 124.3296 52.0000
v 28.2597 130.2156 52.0000
v 31.4995 129.6380 52.0000
v 27.2409 124.8835 52.0000
v 24.1047 125.3772 52.0000
v 25.0063 130.7304 52.0000
v 27.2409 124.8835 52.0000
v 25.0063 130.7304 52.0000
v 28.2597 130.2156 52.0000
v 24.1047 125.3772 52.0000
v 20.9570 125.8105 52.0000
v 21.7408 131.1822 52.0000
v 24.1047 125.3772 52.0000
v 21.7408 131.1822 52.0000
v 25.0063 130.7304 52.0000
v 20.9570 125.8105 52.0000
v 17.7992 126.1832 52.0000
v 18.4649 131.5708 52.0000
v 20.9570 125.8105 52.0000
v 18.4649 131.5708 52.0000
v 21.7408 131.1822 52.0000
v 17.7992 126.1832 52.0000
v 14.6327 126.4951 52.0000
v 15.1800 131.8960 52.0000
v 17.7992 126.1832 52.0000
v 15.1800 131.8960 52.0000
v 18.4649 131.5708 52.0000
v 14.6327 126.4951 52.0000
v 11.4592 126.7460 52.0000
v 11.8878 132.1576 52.0000
v 14.6327 126.4951 52.0000
v 11.8878 132.1576 52.0000
v 15.1800 131.8960 52.0000
v 11.4592 126.7460 52.0000
v 8.2802 126.9358 52.0000
v 8.5899 132.3555 52.0000
v 11.4592 126.7460 52.0000
v 8.5899 132.3555 52.0000
v 11.8878 132.1576 52.0000
v 8.2802 126.9358 52.0000
v 5.0973 127.0644 52.0000
v 5.2879 132.4897 52.0000
v 8.2802 126.9358 52.0000
v 5.2879 132.4897 52.0000
v 8.5899 132.3555 52.0000
v 5.0973 127.0644 52.0000
v 1.9118 127.1318 52.0000
v 1.9833 132.5599 52.0000
v 5.0973 127.0644 52.0000
v 1.9833 132.5599 52.0000
v 5.2879 132.4897 52.0000
v 1.9118 127.1318 52.0000
v -1.2746 127.1380 52.0000
v -1.3222 132.5663 52.0000
v 1.9118 127.1318 52.0000
v -1.3222 132.5663 52.0000
v 1.9833 132.5599 52.0000
v -1.2746 127.1380 52.0000
v -4.4603 127.0828 52.0000
v -4.6271 132.5088 52.0000
v -1.2746 127.1380 52.0000
v -4.6271 132.5088 52.0000
v -1.3222 132.5663 52.0000
v -4.4603 127.0828 52.0000
v -7.6439 126.9664 52.0000
v -7.9298 132.3875 52.0000
v -4.4603 127.0828 52.0000
v -7.9298 132.3875 52.0000
v -4.6271 132.5088 52.0000
v -7.6439 126.9664 52.0000
v -10.8238 126.7888 52.0000
v -11.2287 132.2023 52.0000
v -7.6439 126.9664 52.0000
v -11.2287 132.2023 52.0000
v -7.9298 132.3875 52.0000
v -10.8238 126.7888 52.0000
v -13.9985 126.5501 52.0000
v -14.5221 131.9534 52.0000
v -10.8238 126.7888 52.0000
v -14.5221 131.9534 52.0000
v -11.2287 132.2023 52.0000
v -13.9985 126.5501 52.0000
v -17.1665 126.2505 52.0000
v -17.8086 131.6409 52.0000
v -13.9985 126.5501 52.0000
v -17.8086 131.6409 52.0000
v -14.5221 131.9534 52.0000
v -17.1665 126.2505 52.0000
v -20.3262 125.8899 52.0000
v -21.0864 131.2650 52.0000
v -17.1665 126.2505 52.0000
v -21.0864 131.2650 52.0000
v -17.8086 131.6409 52.0000
v -20.3262 125.8899 52.0000
v -23.4761 125.4687 52.0000
v -24.3541 130.8258 52.0000
v -20.3262 125.8899 52.0000
v -24.3541 130.8258 52.0000
v -21.0864 131.2650 52.0000
v -23.4761 125.4687 52.0000
v -26.6147 124.9871 52.0000
v -27.6101 130.3236 52.0000
v -23.4761 125.4687 52.0000
v -27.6101 130.3236 52.0000
v -24.3541 130.8258 52.0000
v -26.6147 124.9871 52.0000
v -29.7404 124.4451 52.0000
v -30.8527 129.7585 52.0000
v -26.6147 124.9871 52.0000
v -30.8527 129.7585 52.0000
v -27.6101 130.3236 52.0000
v -29.7404 124.4451 52.0000
v -32.8518 123.8433 52.0000
v -34.0805 129.1309 52.0000
v -29.7404 124.4451 52.0000
v -34.0805 129.1309 52.0000
v -30.8527 129.7585 52.0000
v -32.8518 123.8433 52.0000
v -35.9474 123.1817 52.0000
v -37.2919 128.4411 52.0000
v -32.8518 123.8433 52.0000
v -37.2919 128.4411 52.0000
v -34.0805 129.1309 52.0000
v -35.9474 123.1817 52.0000
v -39.0257 122.4607 52.0000
v -40.4853 127.6894 52.0000
v -35.9474 123.1817 52.0000
v -40.4853 127.6894 52.0000
v -37.2919 128.4411 52.0000
v -39.0257 122.4607 52.0000
v -42.0851 121.6808 52.0000
v -43.6591 126.8761 52.0000
v -39.0257 122.4607 52.0000
v -43.6591 126.8761 52.0000
v -40.4853 127.6894 52.0000
v -42.0851 121.6808 52.0000
v -45.1243 120.8422 52.0000
v -46.8120 126.0017 52.0000
v -42.0851 121.6808 52.0000
v -46.8120 126.0017 52.0000
v -43.6591 126.8761 52.0000
v -45.1243 120.8422 52.0000
v -48.1417 119.9453 52.0000
v -49.9423 125.0666 52.0000
v -45.1243 120.8422 52.0000
v -49.9423 125.0666 52.0000
v -46.8120 126.0017 52.0000
v -48.1417 119.9453 52.0000
v -51.1359 118.9907 52.0000
v -53.0485 124.0712 52.0000
v -48.1417 119.9453 52.0000
v -53.0485 124.0712 52.0000
v -49.9423 125.0666 52.0000
v -51.1359 118.9907 52.0000
v -54.1055 117.9787 52.0000
v -56.1291 123.0160 52.0000
v -51.1359 118.9907 52.0000
v -56.1291 123.0160 52.0000
v -53.0485 124.0712 52.0000
v -54.1055 117.9787 52.0000
v -57.0490 116.9098 52.0000
v -59.1827 121.9015 52.0000
v -54.1055 117.9787 52.0000
v -59.1827 121.9015 52.0000
v -56.1291 123.0160 52.0000
v -57.0490 116.9098 52.0000
v -59.9650 115.7846 52.0000
v -62.2077 120.7282 52.0000
v -57.0490 116.9098 52.0000
v -62.2077 120.7282 52.0000
v -59.1827 121.9015 52.0000
v -59.9650 115.7846 52.0000
v -62.8521 114.6036 52.0000
v -65.2028 119.4968 52.0000
v -59.9650 115.7846 52.0000
v -65.2028 119.4968 52.0000
v -62.2077 120.7282 52.0000
v -62.8521 114.6036 52.0000
v -65.7089 113.3674 52.0000
v -68.1665 118.2078 52.0000
v -62.8521 114.6036 52.0000
v -68.1665 118.2078 52.0000
v -65.2028 119.4968 52.0000
v -65.7089 113.3674 52.0000
v -68.5340 112.0765 52.0000
v -71.0973 116.8618 52.0000
v -65.7089 113.3674 52.0000
v -71.0973 116.8618 52.0000
v -68.1665 118.2078 52.0000
v -68.5340 112.0765 52.0000
v -71.3261 110.7316 52.0000
v -73.9938 115.4595 52.0000
v -68.5340 112.0765 52.0000
v -73.9938 115.4595 52.0000
v -71.0973 116.8618 52.0000
v -71.3261 110.7316 52.0000
v -74.0838 109.3333 52.0000
v -76.8547 114.0015 52.0000
v -71.3261 110.7316 52.0000
v -76.8547 114.0015 52.0000
v -73.9938 115.4595 52.0000
v -74.0838 109.3333 52.0000
v -76.8059 107.8824 52.0000
v -79.6785 112.4886 52.0000
v -74.0838 109.3333 52.0000
v -79.6785 112.4886 52.0000
v -76.8547 114.0015 52.0000
v -76.8059 107.8824 52.0000
v -79.4909 106.3794 52.0000
v -82.4640 110.9215 52.0000
v -76.8059 107.8824 52.0000
v -82.4640 110.9215 52.0000
v -79.6785 112.4886 52.0000
v -79.4909 106.3794 52.0000
v -82.1376 104.8252 52.0000
v -85.2097 109.3009 52.0000
v -79.4909 106.3794 52.0000
v -85.2097 109.3009 52.0000
v -82.4640 110.9215 52.0000
v -82.1376 104.8252 52.0000
v -84.7447 103.2205 52.0000
v -87.9143 107.6276 52.0000
v -82.1376 104.8252 52.0000
v -87.9143 107.6276 52.0000
v -85.2097 109.3009 52.0000
v -84.7447 103.2205 52.0000
v -87.3110 101.5660 52.0000
v -90.5765 105.9025 52.0000
v -84.7447 103.2205 52.0000
v -90.5765 105.9025 52.0000
v -87.9143 107.6276 52.0000
v -87.3110 101.5660 52.0000
v -89.8352 99.8626 52.0000
v -93.1951 104.1264 52.0000
v -87.3110 101.5660 52.0000
v -93.1951 104.1264 52.0000
v -90.5765 105.9025 52.0000
v -89.8352 99.8626 52.0000
v -92.3161 98.1110 52.0000
v -95.7688 102.3000 52.0000
v -89.8352 99.8626 52.0000
v -95.7688 102.3000 52.0000
v -93.1951 104.1264 52.0000
v -92.3161 98.1110 52.0000
v -94.7525 96.3121 52.0000
v -98.2964 100.4243 52.0000
v -92.3161 98.1110 52.0000
v -98.2964 100.4243 52.0000
v -95.7688 102.3000 52.0000
v -94.7525 96.3121 52.0000
v -97.1432 94.4669 52.0000
v -100.7765 98.5003 52.0000
v -94.7525 96.3121 52.0000
v -100.7765 98.5003 52.0000
v -98.2964 100.4243 52.0000
v -97.1432 94.4669 52.0000
v -99.4871 92.5761 52.0000
v -103.2081 96.5288 52.0000
v -97.1432 94.4669 52.0000
v -103.2081 96.5288 52.0000
v -100.7765 98.5003 52.0000
v -99.4871 92.5761 52.0000
v -101.7831 90.6407 52.0000
v -105.5899 94.5107 52.0000
v -99.4871 92.5761 52.0000
v -105.5899 94.5107 52.0000
v -103.2081 96.5288 52.0000
v -101.7831 90.6407 52.0000
v -104.0300 88.6616 52.0000
v -107.9209 92.4471 52.0000
v -101.7831 90.6407 52.0000
v -107.9209 92.4471 52.0000
v -105.5899 94.5107 52.0000
v -104.0300 88.6616 52.0000
v -106.2268 86.6397 52.0000
v -110.1998 90.3390 52.0000
v -104.0300 88.6616 52.0000
v -110.1998 90.3390 52.0000
v -107.9209 92.4471 52.0000
v -106.2268 86.6397 52.0000
v -108.3724 84.5762 52.0000
v -112.4257 88.1873 52.0000
v -106.2268 86.6397 52.0000
v -112.4257 88.1873 52.0000
v -110.1998 90.3390 52.0000
v -108.3724 84.5762 52.0000
v -110.4657 82.4718 52.0000
v -114.5973 85.9931 52.0000
v -108.3724 84.5762 52.0000
v -114.5973 85.9931 52.0000
v -112.4257 88.1873 52.0000
v -110.4657 82.4718 52.0000
v -112.5058 80.3277 52.0000
v -116.7137 83.7574 52.0000
v -110.4657 82.4718 52.0000
v -116.7137 83.7574 52.0000
v -114.5973 85.9931 52.0000
v -112.5058 80.3277 52.0000
v -114.4917 78.1449 52.0000
v -118.7739 81.4814 52.0000
v -112.5058 80.3277 52.0000
v -118.7739 81.4814 52.0000
v -116.7137 83.7574 52.0000
v -114.4917 78.1449 52.0000
v -116.4225 75.9244 52.0000
v -120.7768 79.1662 52.0000
v -114.4917 78.1449 52.0000
v -120.7768 79.1662 52.0000
v -118.7739 81.4814 52.0000
v -116.4225 75.9244 52.0000
v -118.2971 73.6674 52.0000
v -122.7216 76.8127 52.0000
v -116.4225 75.9244 52.0000
v -122.7216 76.8127 52.0000
v -120.7768 79.1662 52.0000
v -118.2971 73.6674 52.0000
v -120.1146 71.3748 52.0000
v -124.6071 74.4223 52.0000
v -118.2971 73.6674 52.0000
v -124.6071 74.4223 52.0000
v -122.7216 76.8127 52.0000
v -120.1146 71.3748 52.0000
v -121.8743 69.0479 52.0000
v -126.4326 71.9960 52.0000
v -120.1146 71.3748 52.0000
v -126.4326 71.9960 52.0000
v -124.6071 74.4223 52.0000
v -121.8743 69.0479 52.0000
v -123.5753 66.6876 52.0000
v -128.1972 69.5350 52.0000
v -121.8743 69.0479 52.0000
v -128.1972 69.5350 52.0000
v -126.4326 71.9960 52.0000
v -123.5753 66.6876 52.0000
v -125.2167 64.2952 52.0000
v -129.9000 67.0404 52.0000
v -123.5753 66.6876 52.0000
v -129.9000 67.0404 52.0000
v -128.1972 69.5350 52.0000
v -125.2167 64.2952 52.0000
v -126.7978 61.8719 52.0000
v -131.5402 64.5136 52.0000
v -125.2167 64.2952 52.0000
v -131.5402 64.5136 52.0000
v -129.9000 67.0404 52.0000
v -126.7978 61.8719 52.0000
v -128.3177 59.4187 52.0000
v -133.1170 61.9557 52.0000
v -126.7978 61.8719 52.0000
v -133.1170 61.9557 52.0000
v -131.5402 64.5136 52.0000
v -128.3177 59.4187 52.0000
v -129.7758 56.9369 52.0000
v -134.6296 59.3679 52.0000
v -128.3177 59.4187 52.0000
v -134.6296 59.3679 52.0000
v -133.1170 61.9557 52.0000
v -129.7758 56.9369 52.0000
v -131.1714 54.4276 52.0000
v -136.0774 56.7515 52.0000
v -129.7758 56.9369 52.0000
v -136.0774 56.7515 52.0000
v -134.6296 59.3679 52.0000
v -131.1714 54.4276 52.0000
v -132.5037 51.8921 52.0000
v -137.4596 54.1077 52.0000
v -131.1714 54.4276 52.0000
v -137.4596 54.1077 52.0000
v -136.0774 56.7515 52.0000
v -132.5037 51.8921 52.0000
v -133.7722 49.3316 52.0000
v -138.7755 51.4379 52.0000
v -132.5037 51.8921 52.0000
v -138.7755 51.4379 52.0000
v -137.4596 54.1077 52.0000
v -133.7722 49.3316 52.0000
v -134.9762 46.7473 52.0000
v -140.0245 48.7433 52.0000
v -133.7722 49.3316 52.0000
v -140.0245 48.7433 52.0000
v -138.7755 51.4379 52.0000
v -134.9762 46.7473 52.0000
v -136.1152 44.1405 52.0000
v -141.2061 46.0251 52.0000
v -134.9762 46.7473 52.0000
v -141.2061 46.0251 52.0000
v -140.0245 48.7433 52.0000
v -136.1152 44.1405 52.0000
v -137.1885 41.5124 52.0000
v -142.3196 43.2848 52.0000
v -136.1152 44.1405 52.0000
v -142.3196 43.2848 52.0000
v -141.2061 46.0251 52.0000
v -137.1885 41.5124 52.0000
v -138.1958 38.8643 52.0000
v -143.3645 40.5237 52.0000
v -137.1885 41.5124 52.0000
v -143.3645 40.5237 52.0000
v -142.3196 43.2848 52.0000
v -138.1958 38.8643 52.0000
v -139.1364 36.1975 52.0000
v -144.3403 37.7430 52.0000
v -138.1958 38.8643 52.0000
v -144.3403 37.7430 52.0000
v -143.3645 40.5237 52.0000
v -139.1364 36.1975 52.0000
v -140.0100 33.5132 52.0000
v -145.2466 34.9441 52.0000
v -139.1364 36.1975 52.0000
v -145.2466 34.9441 52.0000
v -144.3403 37.7430 52.0000
v -140.0100 33.5132 52.0000
v -140.8161 30.8128 52.0000
v -146.0828 32.1284 52.0000
v -140.0100 33.5132 52.0000
v -146.0828 32.1284 52.0000
v -145.2466 34.9441 52.0000
v -140.8161 30.8128 52.0000
v -141.5543 28.0975 52.0000
v -146.8486 29.2972 52.0000
v -140.8161 30.8128 52.0000
v -146.8486 29.2972 52.0000
v -146.0828 32.1284 52.0000
v -141.5543 28.0975 52.0000
v -142.2243 25.3687 52.0000
v -147.5437 26.4519 52.0000
v -141.5543 28.0975 52.0000
v -147.5437 26.4519 52.0000
v -146.8486 29.2972 52.0000
v -142.2243 25.3687 52.0000
v -142.8258 22.6277 52.0000
v -148.1677 23.5938 52.0000
v -142.2243 25.3687 52.0000
v -148.1677 23.5938 52.0000
v -147.5437 26.4519 52.0000
v -142.8258 22.6277 52.0000
v -143.3584 19.8757 52.0000
v -148.7202 20.7244 52.0000
v -142.8258 22.6277 52.0000
v -148.7202 20.7244 52.0000
v -148.1677 23.5938 52.0000
v -143.3584 19.8757 52.0000
v -143.8219 17.1142 52.0000
v -149.2011 17.8449 52.0000
v -143.3584 19.8757 52.0000
v -149.2011 17.8449 52.0000
v -148.7202 20.7244 52.0000
v -143.8219 17.1142 52.0000
v -144.2162 14.3444 52.0000
v -149.6101 14.9569 52.0000
v -143.8219 17.1142 52.0000
v -149.6101 14.9569 52.0000
v -149.2011 17.8449 52.0000
v -144.2162 14.3444 52.0000
v -144.5409 11.5678 52.0000
v -149.9469 12.0617 52.0000
v -144.2162 14.3444 52.0000
v -149.9469 12.0617 52.0000
v -149.6101 14.9569 52.0000
v -144.5409 11.5678 52.0000
v -144.7959 8.7855 52.0000
v -150.2115 9.1606 52.0000
v -144.5409 11.5678 52.0000
v -150.2115 9.1606 52.0000
v -149.9469 12.0617 52.0000
v -144.7959 8.7855 52.0000
v -144.9812 5.9990 52.0000
v -150.4037 6.2551 52.0000
v -144.7959 8.7855 52.0000
v -150.4037 6.2551 52.0000
v -150.2115 9.1606 52.0000
v -144.9812 5.9990 52.0000
v -145.0966 3.2096 52.0000
v -150.5234 3.3467 52.0000
v -144.9812 5.9990 52.0000
v -150.5234 3.3467 52.0000
v -150.4037 6.2551 52.0000
v -145.0966 3.2096 52.0000
v -145.1421 0.4187 52.0000
v -150.5706 0.4366 52.0000
v -145.0966 3.2096 52.0000
v -150.5706 0.4366 52.0000
v -150.5234 3.3467 52.0000
v -145.1421 0.4187 52.0000
v -145.1176 -2.3724 52.0000
v -150.5452 -2.4737 52.0000
v -145.1421 0.4187 52.0000
v -150.5452 -2.4737 52.0000
v -150.5706 0.4366 52.0000
v -145.1176 -2.3724 52.0000
v -145.0232 -5.1624 52.0000
v -150.4473 -5.3829 52.0000
v -145.1176 -2.3724 52.0000
v -150.4473 -5.3829 52.0000
v -150.5452 -2.4737 52.0000
v -145.0232 -5.1624 52.0000
v -144.8588 -7.9499 52.0000
v -150.2768 -8.2894 52.0000
v -145.0232 -5.1624 52.0000
v -150.2768 -8.2894 52.0000
v -150.4473 -5.3829 52.0000
v -144.8588 -7.9499 52.0000
v -144.6247 -10.7336 52.0000
v -150.0339 -11.1919 52.0000
v -144.8588 -7.9499 52.0000
v -150.0339 -11.1919 52.0000
v -150.2768 -8.2894 52.0000
v -144.6247 -10.7336 52.0000
v -144.3209 -13.5121 52.0000
v -149.7187 -14.0890 52.0000
v -144.6247 -10.7336 52.0000
v -149.7187 -14.0890 52.0000
v -150.0339 -11.1919 52.0000
v -144.3209 -13.5121 52.0000
v -143.9475 -16.2841 52.0000
v -149.3314 -16.9794 52.0000
v -144.3209 -13.5121 52.0000
v -149.3314 -16.9794 52.0000
v -149.7187 -14.0890 52.0000
v -143.9475 -16.2841 52.0000
v -143.5047 -19.0482 52.0000
v -148.8720 -19.8615 52.0000
v -143.9475 -16.2841 52.0000
v -148.8720 -19.8615 52.0000
v -149.3314 -16.9794 52.0000
v -143.5047 -19.0482 52.0000
v -142.9928 -21.8032 52.0000
v -148.3410 -22.7341 52.0000
v -143.5047 -19.0482 52.0000
v -148.3410 -22.7341 52.0000
v -148.8720 -19.8615 52.0000
v -142.9928 -21.8032 52.0000
v -142.4120 -24.5476 52.0000
v -147.7384 -25.5957 52.0000
v -142.9928 -21.8032 52.0000
v -147.7384 -25.5957 52.0000
v -148.3410 -22.7341 52.0000
v -142.4120 -24.5476 52.0000
v -141.7625 -27.2803 52.0000
v -147.0646 -28.4450 52.0000
v -142.4120 -24.5476 52.0000
v -147.0646 -28.4450 52.0000
v -147.7384 -25.5957 52.0000
v -141.7625 -27.2803 52.0000
v -141.0447 -29.9997 52.0000
v -146.3200 -31.2806 52.0000
v -141.7625 -27.2803 52.0000
v -146.3200 -31.2806 52.0000
v -147.0646 -28.4450 52.0000
v -141.0447 -29.9997 52.0000
v -140.2589 -32.7047 52.0000
v -145.5048 -34.1011 52.0000
v -141.0447 -29.9997 52.0000
v -145.5048 -34.1011 52.0000
v -146.3200 -31.2806 52.0000
v -140.2589 -32.7047 52.0000
v -139.4055 -35.3940 52.0000
v -144.6195 -36.9052 52.0000
v -140.2589 -32.7047 52.0000
v -144.6195 -36.9052 52.0000
v -145.5048 -34.1011 52.0000
v -139.4055 -35.3940 52.0000
v -138.4850 -38.0662 52.0000
v -143.6645 -39.6915 52.0000
v -139.4055 -35.3940 52.0000
v -143.6645 -39.6915 52.0000
v -144.6195 -36.9052 52.0000
v -138.4850 -38.0662 52.0000
v -137.4977 -40.7200 52.0000
v -142.6403 -42.4586 52.0000
v -138.4850 -38.0662 52.0000
v -142.6403 -42.4586 52.0000
v -143.6645 -39.6915 52.0000
v -137.4977 -40.7200 52.0000
v -136.4441 -43.3542 52.0000
v -141.5473 -45.2053 52.0000
v -137.4977 -40.7200 52.0000
v -141.5473 -45.2053 52.0000
v -142.6403 -42.4586 52.0000
v -136.4441 -43.3542 52.0000
v -135.3247 -45.9676 52.0000
v -140.3861 -47.9302 52.0000
v -136.4441 -43.3542 52.0000
v -140.3861 -47.9302 52.0000
v -141.5473 -45.2053 52.0000
v -135.3247 -45.9676 52.0000
v -134.1402 -48.5587 52.0000
v -139.1573 -50.6320 52.0000
v -135.3247 -45.9676 52.0000
v -139.1573 -50.6320 52.0000
v -140.3861 -47.9302 52.0000
v -134.1402 -48.5587 52.0000
v -132.8910 -51.1265 52.0000
v -137.8613 -53.3094 52.0000
v -134.1402 -48.5587 52.0000
v -137.8613 -53.3094 52.0000
v -139.1573 -50.6320 52.0000
v -132.8910 -51.1265 52.0000
v -131.5777 -53.6696 52.0000
v -136.4990 -55.9612 52.0000
v -132.8910 -51.1265 52.0000
v -136.4990 -55.9612 52.0000
v -137.8613 -53.3094 52.0000
v -131.5777 -53.6696 52.0000
v -130.2011 -56.1869 52.0000
v -135.0708 -58.5859 52.0000
v -131.5777 -53.6696 52.0000
v -135.0708 -58.5859 52.0000
v -136.4990 -55.9612 52.0000
v -130.2011 -56.1869 52.0000
v -128.7617 -58.6771 52.0000
v -133.5776 -61.1824 52.0000
v -130.2011 -56.1869 52.0000
v -133.5776 -61.1824 52.0000
v -135.0708 -58.5859 52.0000
v -128.7617 -58.6771 52.0000
v -127.2602 -61.1390 52.0000
v -132.0199 -63.7494 52.0000
v -128.7617 -58.6771 52.0000
v -132.0199 -63.7494 52.0000
v -133.5776 -61.1824 52.0000
v -127.2602 -61.1390 52.0000
v -125.6974 -63.5714 52.0000
v -130.3987 -66.2857 52.0000
v -127.2602 -61.1390 52.0000
v -130.3987 -66.2857 52.0000
v -132.0199 -63.7494 52.0000
v 148.2839 23.0208 52.0000
v 147.6742 25.8812 52.0000
v 152.9983 26.9410 52.0000
v 148.2839 23.0208 52.0000
v 152.9983 26.9410 52.0000
v 153.6300 23.9634 52.0000
v 147.6742 25.8812 52.0000
v 146.9933 28.7292 52.0000
v 152.2929 29.9056 52.0000
v 147.6742 25.8812 52.0000
v 152.2929 29.9056 52.0000
v 152.9983 26.9410 52.0000
v 146.9933 28.7292 52.0000
v 146.2416 31.5634 52.0000
v 151.5141 32.8558 52.0000
v 146.9933 28.7292 52.0000
v 151.5141 32.8558 52.0000
v 152.2929 29.9056 52.0000
v 146.2416 31.5634 52.0000
v 145.4194 34.3823 52.0000
v 150.6622 35.7902 52.0000
v 146.2416 31.5634 52.0000
v 150.6622 35.7902 52.0000
v 151.5141 32.8558 52.0000
v 145.4194 34.3823 52.0000
v 144.5271 37.1846 52.0000
v 149.7378 38.7073 52.0000
v 145.4194 34.3823 52.0000
v 149.7378 38.7073 52.0000
v 150.6622 35.7902 52.0000
v 144.5271 37.1846 52.0000
v 143.5652 39.9691 52.0000
v 148.7412 41.6057 52.0000
v 144.5271 37.1846 52.0000
v 148.7412 41.6057 52.0000
v 149.7378 38.7073 52.0000
v 143.5652 39.9691 52.0000
v 142.5341 42.7342 52.0000
v 147.6729 44.4841 52.0000
v 143.5652 39.9691 52.0000
v 147.6729 44.4841 52.0000
v 148.7412 41.6057 52.0000
v 142.5341 42.7342 52.0000
v 141.4342 45.4788 52.0000
v 146.5334 47.3411 52.0000
v 142.5341 42.7342 52.0000
v 146.5334 47.3411 52.0000
v 147.6729 44.4841 52.0000
v 141.4342 45.4788 52.0000
v 140.2663 48.2015 52.0000
v 145.3233 50.1752 52.0000
v 141.4342 45.4788 52.0000
v 145.3233 50.1752 52.0000
v 146.5334 47.3411 52.0000
v 140.2663 48.2015 52.0000
v 139.0307 50.9009 52.0000
v 144.0432 52.9852 52.0000
v 140.2663 48.2015 52.0000
v 144.0432 52.9852 52.0000
v 145.3233 50.1752 52.0000
v 139.0307 50.9009 52.0000
v 137.7281 53.5758 52.0000
v 142.6936 55.7696 52.0000
v 139.0307 50.9009 52.0000
v 142.6936 55.7696 52.0000
v 144.0432 52.9852 52.0000
v 137.7281 53.5758 52.0000
v 136.3591 56.2249 52.0000
v 141.2753 58.5272 52.0000
v 137.7281 53.5758 52.0000
v 141.2753 58.5272 52.0000
v 142.6936 55.7696 52.0000
v 136.3591 56.2249 52.0000
v 134.9244 58.8468 52.0000
v 139.7889 61.2565 52.0000
v 136.3591 56.2249 52.0000
v 139.7889 61.2565 52.0000
v 141.2753 58.5272 52.0000
v 134.9244 58.8468 52.0000
v 133.4247 61.4405 52.0000
v 138.2351 63.9563 52.0000
v 134.9244 58.8468 52.0000
v 138.2351 63.9563 52.0000
v 139.7889 61.2565 52.0000
v 133.4247 61.4405 52.0000
v 131.8607 64.0045 52.0000
v 136.6147 66.6253 52.0000
v 133.4247 61.4405 52.0000
v 136.6147 66.6253 52.0000
v 138.2351 63.9563 52.0000
v 131.8607 64.0045 52.0000
v 130.2331 66.5376 52.0000
v 134.9284 69.2622 52.0000
v 131.8607 64.0045 52.0000
v 134.9284 69.2622 52.0000
v 136.6147 66.6253 52.0000
v 130.2331 66.5376 52.0000
v 128.5427 69.0387 52.0000
v 133.1771 71.8657 52.0000
v 130.2331 66.5376 52.0000
v 133.1771 71.8657 52.0000
v 134.9284 69.2622 52.0000
v 128.5427 69.0387 52.0000
v 126.7905 71.5065 52.0000
v 131.3616 74.4346 52.0000
v 128.5427 69.0387 52.0000
v 131.3616 74.4346 52.0000
v 133.1771 71.8657 52.0000
v 126.7905 71.5065 52.0000
v 124.9771 73.9399 52.0000
v 129.4829 76.9676 52.0000
v 126.7905 71.5065 52.0000
v 129.4829 76.9676 52.0000
v 131.3616 74.4346 52.0000
v 124.9771 73.9399 52.0000
v 123.1034 76.3376 52.0000
v 127.5417 79.4635 52.0000
v 124.9771 73.9399 52.0000
v 127.5417 79.4635 52.0000
v 129.4829 76.9676 52.0000
v 123.1034 76.3376 52.0000
v 121.1705 78.6985 52.0000
v 125.5390 81.9211 52.0000
v 123.1034 76.3376 52.0000
v 125.5390 81.9211 52.0000
v 127.5417 79.4635 52.0000
v 121.1705 78.6985 52.0000
v 119.1791 81.0215 52.0000
v 123.4759 84.3392 52.0000
v 121.1705 78.6985 52.0000
v 123.4759 84.3392 52.0000
v 125.5390 81.9211 52.0000
v 119.1791 81.0215 52.0000
v 117.1303 83.3054 52.0000
v 121.3532 86.7167 52.0000
v 119.1791 81.0215 52.0000
v 121.3532 86.7167 52.0000
v 123.4759 84.3392 52.0000
v 117.1303 83.3054 52.0000
v 115.0251 85.5492 52.0000
v 119.1721 89.0523 52.0000
v 117.1303 83.3054 52.0000
v 119.1721 89.0523 52.0000
v 121.3532 86.7167 52.0000
v 115.0251 85.5492 52.0000
v 112.8644 87.7518 52.0000
v 116.9335 91.3451 52.0000
v 115.0251 85.5492 52.0000
v 116.9335 91.3451 52.0000
v 119.1721 89.0523 52.0000
v 112.8644 87.7518 52.0000
v 110.6493 89.9121 52.0000
v 114.6385 93.5938 52.0000
v 112.8644 87.7518 52.0000
v 114.6385 93.5938 52.0000
v 116.9335 91.3451 52.0000
v 110.6493 89.9121 52.0000
v 108.3809 92.0290 52.0000
v 112.2884 95.7975 52.0000
v 110.6493 89.9121 52.0000
v 112.2884 95.7975 52.0000
v 114.6385 93.5938 52.0000
v 108.3809 92.0290 52.0000
v 106.0602 94.1016 52.0000
v 109.8840 97.9549 52.0000
v 108.3809 92.0290 52.0000
v 109.8840 97.9549 52.0000
v 112.2884 95.7975 52.0000
v 106.0602 94.1016 52.0000
v 103.6885 96.1288 52.0000
v 107.4268 100.0652 52.0000
v 106.0602 94.1016 52.0000
v 107.4268 100.0652 52.0000
v 109.8840 97.9549 52.0000
v 103.6885 96.1288 52.0000
v 101.2668 98.1098 52.0000
v 104.9177 102.1272 52.0000
v 103.6885 96.1288 52.0000
v 104.9177 102.1272 52.0000
v 107.4268 100.0652 52.0000
v 101.2668 98.1098 52.0000
v 98.7962 100.0434 52.0000
v 102.3581 104.1400 52.0000
v 101.2668 98.1098 52.0000
v 102.3581 104.1400 52.0000
v 104.9177 102.1272 52.0000
v 98.7962 100.0434 52.0000
v 96.2781 101.9288 52.0000
v 99.7492 106.1026 52.0000
v 98.7962 100.0434 52.0000
v 99.7492 106.1026 52.0000
v 102.3581 104.1400 52.0000
v 96.2781 101.9288 52.0000
v 93.7135 103.7651 52.0000
v 97.0922 108.0141 52.0000
v 96.2781 101.9288 52.0000
v 97.0922 108.0141 52.0000
v 99.7492 106.1026 52.0000
v 93.7135 103.7651 52.0000
v 91.1038 105.5513 52.0000
v 94.3884 109.8735 52.0000
v 93.7135 103.7651 52.0000
v 94.3884 109.8735 52.0000
v 97.0922 108.0141 52.0000
v 91.1038 105.5513 52.0000
v 88.4502 107.2867 52.0000
v 91.6391 111.6799 52.0000
v 91.1038 105.5513 52.0000
v 91.6391 111.6799 52.0000
v 94.3884 109.8735 52.0000
v 88.4502 107.2867 52.0000
v 85.7539 108.9704 52.0000
v 88.8456 113.4326 52.0000
v 88.4502 107.2867 52.0000
v 88.8456 113.4326 52.0000
v 91.6391 111.6799 52.0000
v 85.7539 108.9704 52.0000
v 83.0163 110.6016 52.0000
v 86.0093 115.1306 52.0000
v 85.7539 108.9704 52.0000
v 86.0093 115.1306 52.0000
v 88.8456 113.4326 52.0000
v 83.0163 110.6016 52.0000
v 80.2387 112.1795 52.0000
v 83.1316 116.7730 52.0000
v 83.0163 110.6016 52.0000
v 83.1316 116.7730 52.0000
v 86.0093 115.1306 52.0000
v 80.2387 112.1795 52.0000
v 77.4225 113.7033 52.0000
v 80.2138 118.3592 52.0000
v 80.2387 112.1795 52.0000
v 80.2138 118.3592 52.0000
v 83.1316 116.7730 52.0000
v 77.4225 113.7033 52.0000
v 74.5689 115.1723 52.0000
v 77.2573 119.8884 52.0000
v 77.4225 113.7033 52.0000
v 77.2573 119.8884 52.0000
v 80.2138 118.3592 52.0000
v 74.5689 115.1723 52.0000
v 71.6794 116.5858 52.0000
v 74.2636 121.3598 52.0000
v 74.5689 115.1723 52.0000
v 74.2636 121.3598 52.0000
v 77.2573 119.8884 52.0000
v 71.6794 116.5858 52.0000
v 68.7553 117.9431 52.0000
v 71.2342 122.7727 52.0000
v 71.6794 116.5858 52.0000
v 71.2342 122.7727 52.0000
v 74.2636 121.3598 52.0000
v 68.7553 117.9431 52.0000
v 65.7981 119.2436 52.0000
v 68.1703 124.1264 52.0000
v 68.7553 117.9431 52.0000
v 68.1703 124.1264 52.0000
v 71.2342 122.7727 52.0000
v 65.7981 119.2436 52.0000
v 62.8092 120.4866 52.0000
v 65.0737 125.4203 52.0000
v 65.7981 119.2436 52.0000
v 65.0737 125.4203 52.0000
v 68.1703 124.1264 52.0000
v 62.8092 120.4866 52.0000
v 59.7900 121.6715 52.0000
v 61.9456 126.6537 52.0000
v 62.8092 120.4866 52.0000
v 61.9456 126.6537 52.0000
v 65.0737 125.4203 52.0000
v 59.7900 121.6715 52.0000
v 56.7420 122.7978 52.0000
v 58.7878 127.8262 52.0000
v 59.7900 121.6715 52.0000
v 58.7878 127.8262 52.0000
v 61.9456 126.6537 52.0000
v 56.7420 122.7978 52.0000
v 53.6667 123.8649 52.0000
v 55.6015 128.9370 52.0000
v 56.7420 122.7978 52.0000
v 55.6015 128.9370 52.0000
v 58.7878 127.8262 52.0000
v 53.6667 123.8649 52.0000
v 50.5655 124.8723 52.0000
v 52.3885 129.9856 52.0000
v 53.6667 123.8649 52.0000
v 52.3885 129.9856 52.0000
v 55.6015 128.9370 52.0000
v 50.5655 124.8723 52.0000
v 47.4399 125.8195 52.0000
v 49.1502 130.9716 52.0000
v 50.5655 124.8723 52.0000
v 49.1502 130.9716 52.0000
v 52.3885 129.9856 52.0000
v 47.4399 125.8195 52.0000
v 44.2914 126.7061 52.0000
v 45.8883 131.8945 52.0000
v 47.4399 125.8195 52.0000
v 45.8883 131.8945 52.0000
v 49.1502 130.9716 52.0000
v 44.2914 126.7061 52.0000
v 41.1217 127.5317 52.0000
v 42.6042 132.7539 52.0000
v 44.2914 126.7061 52.0000
v 42.6042 132.7539 52.0000
v 45.8883 131.8945 52.0000
v 41.1217 127.5317 52.0000
v 37.9321 128.2957 52.0000
v 39.2996 133.5492 52.0000
v 41.1217 127.5317 52.0000
v 39.2996 133.5492 52.0000
v 42.6042 132.7539 52.0000
v 37.9321 128.2957 52.0000
v 34.7242 128.9979 52.0000
v 35.9761 134.2802 52.0000
v 37.9321 128.2957 52.0000
v 35.9761 134.2802 52.0000
v 39.2996 133.5492 52.0000
v 34.7242 128.9979 52.0000
v 31.4995 129.6380 52.0000
v 32.6352 134.9465 52.0000
v 34.7242 128.9979 52.0000
v 32.6352 134.9465 52.0000
v 35.9761 134.2802 52.0000
v 31.4995 129.6380 52.0000
v 28.2597 130.2156 52.0000
v 29.2786 135.5477 52.0000
v 31.4995 129.6380 52.0000
v 29.2786 135.5477 52.0000
v 32.6352 134.9465 52.0000
v 28.2597 130.2156 52.0000
v 25.0063 130.7304 52.0000
v 25.9079 136.0836 52.0000
v 28.2597 130.2156 52.0000
v 25.9079 136.0836 52.0000
v 29.2786 135.5477 52.0000
v 25.0063 130.7304 52.0000
v 21.7408 131.1822 52.0000
v 22.5247 136.5539 52.0000
v 25.0063 130.7304 52.0000
v 22.5247 136.5539 52.0000
v 25.9079 136.0836 52.0000
v 21.7408 131.1822 52.0000
v 18.4649 131.5708 52.0000
v 19.1306 136.9584 52.0000
v 21.7408 131.1822 52.0000
v 19.1306 136.9584 52.0000
v 22.5247 136.5539 52.0000
v 18.4649 131.5708 52.0000
v 15.1800 131.8960 52.0000
v 15.7273 137.2969 52.0000
v 18.4649 131.5708 52.0000
v 15.7273 137.2969 52.0000
v 19.1306 136.9584 52.0000
v 15.1800 131.8960 52.0000
v 11.8878 132.1576 52.0000
v 12.3164 137.5692 52.0000
v 15.1800 131.8960 52.0000
v 12.3164 137.5692 52.0000
v 15.7273 137.2969 52.0000
v 11.8878 132.1576 52.0000
v 8.5899 132.3555 52.0000
v 8.8996 137.7753 52.0000
v 11.8878 132.1576 52.0000
v 8.8996 137.7753 52.0000
v 12.3164 137.5692 52.0000
v 8.5899 132.3555 52.0000
v 5.2879 132.4897 52.0000
v 5.4785 137.9149 52.0000
v 8.5899 132.3555 52.0000
v 5.4785 137.9149 52.0000
v 8.8996 137.7753 52.0000
v 5.2879 132.4897 52.0000
v 1.9833 132.5599 52.0000
v 2.0548 137.9880 52.0000
v 5.2879 132.4897 52.0000
v 2.0548 137.9880 52.0000
v 5.4785 137.9149 52.0000
v 1.9833 132.5599 52.0000
v -1.3222 132.5663 52.0000
v -1.3699 137.9947 52.0000
v 1.9833 132.5599 52.0000
v -1.3699 137.9947 52.0000
v 2.0548 137.9880 52.0000
v -1.3222 132.5663 52.0000
v -4.6271 132.5088 52.0000
v -4.7940 137.9348 52.0000
v -1.3222 132.5663 52.0000
v -4.7940 137.9348 52.0000
v -1.3699 137.9947 52.0000
v -4.6271 132.5088 52.0000
v -7.9298 132.3875 52.0000
v -8.2157 137.8085 52.0000
v -4.6271 132.5088 52.0000
v -8.2157 137.8085 52.0000
v -4.7940 137.9348 52.0000
v -7.9298 132.3875 52.0000
v -11.2287 132.2023 52.0000
v -11.6335 137.6157 52.0000
v -7.9298 132.3875 52.0000
v -11.6335 137.6157 52.0000
v -8.2157 137.8085 52.0000
v -11.2287 132.2023 52.0000
v -14.5221 131.9534 52.0000
v -15.0457 137.3567 52.0000
v -11.2287 132.2023 52.0000
v -15.0457 137.3567 52.0000
v -11.6335 137.6157 52.0000
v -14.5221 131.9534 52.0000
v -17.8086 131.6409 52.0000
v -18.4506 137.0314 52.0000
v -14.5221 131.9534 52.0000
v -18.4506 137.0314 52.0000
v -15.0457 137.3567 52.0000
v -17.8086 131.6409 52.0000
v -21.0864 131.2650 52.0000
v -21.8467 136.6401 52.0000
v -17.8086 131.6409 52.0000
v -21.8467 136.6401 52.0000
v -18.4506 137.0314 52.0000
v -21.0864 131.2650 52.0000
v -24.3541 130.8258 52.0000
v -25.2322 136.1829 52.0000
v -21.0864 131.2650 52.0000
v -25.2322 136.1829 52.0000
v -21.8467 136.6401 52.0000
v -24.3541 130.8258 52.0000
v -27.6101 130.3236 52.0000
v -28.6055 135.6601 52.0000
v -24.3541 130.8258 52.0000
v -28.6055 135.6601 52.0000
v -25.2322 136.1829 52.0000
v -27.6101 130.3236 52.0000
v -30.8527 129.7585 52.0000
v -31.9651 135.0719 52.0000
v -27.6101 130.3236 52.0000
v -31.9651 135.0719 52.0000
v -28.6055 135.6601 52.0000
v -30.8527 129.7585 52.0000
v -34.0805 129.1309 52.0000
v -35.3092 134.4186 52.0000
v -30.8527 129.7585 52.0000
v -35.3092 134.4186 52.0000
v -31.9651 135.0719 52.0000
v -34.0805 129.1309 52.0000
v -37.2919 128.4411 52.0000
v -38.6364 133.7006 52.0000
v -34.0805 129.1309 52.0000
v -38.6364 133.7006 52.0000
v -35.3092 134.4186 52.0000
v -37.2919 128.4411 52.0000
v -40.4853 127.6894 52.0000
v -41.9449 132.9181 52.0000
v -37.2919 128.4411 52.0000
v -41.9449 132.9181 52.0000
v -38.6364 133.7006 52.0000
v -40.4853 127.6894 52.0000
v -43.6591 126.8761 52.0000
v -45.2332 132.0715 52.0000
v -40.4853 127.6894 52.0000
v -45.2332 132.0715 52.0000
v -41.9449 132.9181 52.0000
v -43.6591 126.8761 52.0000
v -46.8120 126.0017 52.0000
v -48.4997 131.1613 52.0000
v -43.6591 126.8761 52.0000
v -48.4997 131.1613 52.0000
v -45.2332 132.0715 52.0000
v -46.8120 126.0017 52.0000
v -49.9423 125.0666 52.0000
v -51.7428 130.1879 52.0000
v -46.8120 126.0017 52.0000
v -51.7428 130.1879 52.0000
v -48.4997 131.1613 52.0000
v -49.9423 125.0666 52.0000
v -53.0485 124.0712 52.0000
v -54.9610 129.1517 52.0000
v -49.9423 125.0666 52.0000
v -54.9610 129.1517 52.0000
v -51.7428 130.1879 52.0000
v -53.0485 124.0712 52.0000
v -56.1291 123.0160 52.0000
v -58.1527 128.0533 52.0000
v -53.0485 124.0712 52.0000
v -58.1527 128.0533 52.0000
v -54.9610 129.1517 52.0000
v -56.1291 123.0160 52.0000
v -59.1827 121.9015 52.0000
v -61.3164 126.8931 52.0000
v -56.1291 123.0160 52.0000
v -61.3164 126.8931 52.0000
v -58.1527 128.0533 52.0000
v -59.1827 121.9015 52.0000
v -62.2077 120.7282 52.0000
v -64.4505 125.6718 52.0000
v -59.1827 121.9015 52.0000
v -64.4505 125.6718 52.0000
v -61.3164 126.8931 52.0000
v -62.2077 120.7282 52.0000
v -65.2028 119.4968 52.0000
v -67.5536 124.3900 52.0000
v -62.2077 120.7282 52.0000
v -67.5536 124.3900 52.0000
v -64.4505 125.6718 52.0000
v -65.2028 119.4968 52.0000
v -68.1665 118.2078 52.0000
v -70.6241 123.0482 52.0000
v -65.2028 119.4968 52.0000
v -70.6241 123.0482 52.0000
v -67.5536 124.3900 52.0000
v -68.1665 118.2078 52.0000
v -71.0973 116.8618 52.0000
v -73.6606 121.6471 52.0000
v -68.1665 118.2078 52.0000
v -73.6606 121.6471 52.0000
v -70.6241 123.0482 52.0000
v -71.0973 116.8618 52.0000
v -73.9938 115.4595 52.0000
v -76.6615 120.1873 52.0000
v -71.0973 116.8618 52.0000
v -76.6615 120.1873 52.0000
v -73.6606 121.6471 52.0000
v -73.9938 115.4595 52.0000
v -76.8547 114.0015 52.0000
v -79.6256 118.6697 52.0000
v -73.9938 115.4595 52.0000
v -79.6256 118.6697 52.0000
v -76.6615 120.1873 52.0000
v -76.8547 114.0015 52.0000
v -79.6785 112.4886 52.0000
v -82.5512 117.0948 52.0000
v -76.8547 114.0015 52.0000
v -82.5512 117.0948 52.0000
v -79.6256 118.6697 52.0000
v -79.6785 112.4886 52.0000
v -82.4640 110.9215 52.0000
v -85.4371 115.4635 52.0000
v -79.6785 112.4886 52.0000
v -85.4371 115.4635 52.0000
v -82.5512 117.0948 52.0000
v -82.4640 110.9215 52.0000
v -85.2097 109.3009 52.0000
v -88.2817 113.7766 52.0000
v -82.4640 110.9215 52.0000
v -88.2817 113.7766 52.0000
v -85.4371 115.4635 52.0000
v -85.2097 109.3009 52.0000
v -87.9143 107.6276 52.0000
v -91.0839 112.0348 52.0000
v -85.2097 109.3009 52.0000
v -91.0839 112.0348 52.0000
v -88.2817 113.7766 52.0000
v -87.9143 107.6276 52.0000
v -90.5765 105.9025 52.0000
v -93.8421 110.2390 52.0000
v -87.9143 107.6276 52.0000
v -93.8421 110.2390 52.0000
v -91.0839 112.0348 52.0000
v -90.5765 105.9025 52.0000
v -93.1951 104.1264 52.0000
v -96.5551 108.3901 52.0000
v -90.5765 105.9025 52.0000
v -96.5551 108.3901 52.0000
v -93.8421 110.2390 52.0000
v -93.1951 104.1264 52.0000
v -95.7688 102.3000 52.0000
v -99.2216 106.4890 52.0000
v -93.1951 104.1264 52.0000
v -99.2216 106.4890 52.0000
v -96.5551 108.3901 52.0000
v -95.7688 102.3000 52.0000
v -98.2964 100.4243 52.0000
v -101.8403 104.5366 52.0000
v -95.7688 102.3000 52.0000
v -101.8403 104.5366 52.0000
v -99.2216 106.4890 52.0000
v -98.2964 100.4243 52.0000
v -100.7765 98.5003 52.0000
v -104.4098 102.5337 52.0000
v -98.2964 100.4243 52.0000
v -104.4098 102.5337 52.0000
v -101.8403 104.5366 52.0000
v -100.7765 98.5003 52.0000
v -103.2081 96.5288 52.0000
v -106.9291 100.4815 52.0000
v -100.7765 98.5003 52.0000
v -106.9291 100.4815 52.0000
v -104.4098 102.5337 52.0000
v -103.2081 96.5288 52.0000
v -105.5899 94.5107 52.0000
v -109.3968 98.3808 52.0000
v -103.2081 96.5288 52.0000
v -109.3968 98.3808 52.0000
v -106.9291 100.4815 52.0000
v -105.5899 94.5107 52.0000
v -107.9209 92.4471 52.0000
v -111.8118 96.2327 52.0000
v -105.5899 94.5107 52.0000
v -111.8118 96.2327 52.0000
v -109.3968 98.3808 52.0000
v -107.9209 92.4471 52.0000
v -110.1998 90.3390 52.0000
v -114.1729 94.0382 52.0000
v -107.9209 92.4471 52.0000
v -114.1729 94.0382 52.0000
v -111.8118 96.2327 52.0000
v -110.1998 90.3390 52.0000
v -112.4257 88.1873 52.0000
v -116.4790 91.7984 52.0000
v -110.1998 90.3390 52.0000
v -116.4790 91.7984 52.0000
v -114.1729 94.0382 52.0000
v -112.4257 88.1873 52.0000
v -114.5973 85.9931 52.0000
v -118.7289 89.5144 52.0000
v -112.4257 88.1873 52.0000
v -118.7289 89.5144 52.0000
v -116.4790 91.7984 52.0000
v -114.5973 85.9931 52.0000
v -116.7137 83.7574 52.0000
v -120.9216 87.1872 52.0000
v -114.5973 85.9931 52.0000
v -120.9216 87.1872 52.0000
v -118.7289 89.5144 52.0000
v -116.7137 83.7574 52.0000
v -118.7739 81.4814 52.0000
v -123.0561 84.8180 52.0000
v -116.7137 83.7574 52.0000
v -123.0561 84.8180 52.0000
v -120.9216 87.1872 52.0000
v -118.7739 81.4814 52.0000
v -120.7768 79.1662 52.0000
v -125.1312 82.4079 52.0000
v -118.7739 81.4814 52.0000
v -125.1312 82.4079 52.0000
v -123.0561 84.8180 52.0000
v -120.7768 79.1662 52.0000
v -122.7216 76.8127 52.0000
v -127.1460 79.9581 52.0000
v -120.7768 79.1662 52.0000
v -127.1460 79.9581 52.0000
v -125.1312 82.4079 52.0000
v -122.7216 76.8127 52.0000
v -124.6071 74.4223 52.0000
v -129.0996 77.4698 52.0000
v -122.7216 76.8127 52.0000
v -129.0996 77.4698 52.0000
v -127.1460 79.9581 52.0000
v -124.6071 74.4223 52.0000
v -126.4326 71.9960 52.0000
v -130.9909 74.9441 52.0000
v -124.6071 74.4223 52.0000
v -130.9909 74.9441 52.0000
v -129.0996 77.4698 52.0000
v -126.4326 71.9960 52.0000
v -128.1972 69.5350 52.0000
v -132.8191 72.3823 52.0000
v -126.4326 71.9960 52.0000
v -132.8191 72.3823 52.0000
v -130.9909 74.9441 52.0000
v -128.1972 69.5350 52.0000
v -129.9000 67.0404 52.0000
v -134.5833 69.7856 52.0000
v -128.1972 69.5350 52.0000
v -134.5833 69.7856 52.0000
v -132.8191 72.3823 52.0000
v -129.9000 67.0404 52.0000
v -131.5402 64.5136 52.0000
v -136.2826 67.1553 52.0000
v -129.9000 67.0404 52.0000
v -136.2826 67.1553 52.0000
v -134.5833 69.7856 52.0000
v -131.5402 64.5136 52.0000
v -133.1170 61.9557 52.0000
v -137.9163 64.4926 52.0000
v -131.5402 64.5136 52.0000
v -137.9163 64.4926 52.0000
v -136.2826 67.1553 52.0000
v -133.1170 61.9557 52.0000
v -134.6296 59.3679 52.0000
v -139.4835 61.7989 52.0000
v -133.1170 61.9557 52.0000
v -139.4835 61.7989 52.0000
v -137.9163 64.4926 52.0000
v -134.6296 59.3679 52.0000
v -136.0774 56.7515 52.0000
v -140.9834 59.0753 52.0000
v -134.6296 59.3679 52.0000
v -140.9834 59.0753 52.0000
v -139.4835 61.7989 52.0000
v -136.0774 56.7515 52.0000
v -137.4596 54.1077 52.0000
v -142.4154 56.3233 52.0000
v -136.0774 56.7515 52.0000
v -142.4154 56.3233 52.0000
v -140.9834 59.0753 52.0000
v -137.4596 54.1077 52.0000
v -138.7755 51.4379 52.0000
v -143.7788 53.5442 52.0000
v -137.4596 54.1077 52.0000
v -143.7788 53.5442 52.0000
v -142.4154 56.3233 52.0000
v -138.7755 51.4379 52.0000
v -140.0245 48.7433 52.0000
v -145.0729 50.7392 52.0000
v -138.7755 51.4379 52.0000
v -145.0729 50.7392 52.0000
v -143.7788 53.5442 52.0000
v -140.0245 48.7433 52.0000
v -141.2061 46.0251 52.0000
v -146.2970 47.9098 52.0000
v -140.0245 48.7433 52.0000
v -146.2970 47.9098 52.0000
v -145.0729 50.7392 52.0000
v -141.2061 46.0251 52.0000
v -142.3196 43.2848 52.0000
v -147.4507 45.0573 52.0000
v -141.2061 46.0251 52.0000
v -147.4507 45.0573 52.0000
v -146.2970 47.9098 52.0000
v -142.3196 43.2848 52.0000
v -143.3645 40.5237 52.0000
v -148.5332 42.1831 52.0000
v -142.3196 43.2848 52.0000
v -148.5332 42.1831 52.0000
v -147.4507 45.0573 52.0000
v -143.3645 40.5237 52.0000
v -144.3403 37.7430 52.0000
v -149.5442 39.2885 52.0000
v -143.3645 40.5237 52.0000
v -149.5442 39.2885 52.0000
v -148.5332 42.1831 52.0000
v -144.3403 37.7430 52.0000
v -145.2466 34.9441 52.0000
v -150.4832 36.3750 52.0000
v -144.3403 37.7430 52.0000
v -150.4832 36.3750 52.0000
v -149.5442 39.2885 52.0000
v -145.2466 34.9441 52.0000
v -146.0828 32.1284 52.0000
v -151.3495 33.4440 52.0000
v -145.2466 34.9441 52.0000
v -151.3495 33.4440 52.0000
v -150.4832 36.3750 52.0000
v -146.0828 32.1284 52.0000
v -146.8486 29.2972 52.0000
v -152.1430 30.4969 52.0000
v -146.0828 32.1284 52.0000
v -152.1430 30.4969 52.0000
v -151.3495 33.4440 52.0000
v -146.8486 29.2972 52.0000
v -147.5437 26.4519 52.0000
v -152.8631 27.5350 52.0000
v -146.8486 29.2972 52.0000
v -152.8631 27.5350 52.0000
v -152.1430 30.4969 52.0000
v -147.5437 26.4519 52.0000
v -148.1677 23.5938 52.0000
v -153.5096 24.5599 52.0000
v -147.5437 26.4519 52.0000
v -153.5096 24.5599 52.0000
v -152.8631 27.5350 52.0000
v -148.1677 23.5938 52.0000
v -148.7202 20.7244 52.0000
v -154.0821 21.5730 52.0000
v -148.1677 23.5938 52.0000
v -154.0821 21.5730 52.0000
v -153.5096 24.5599 52.0000
v -148.7202 20.7244 52.0000
v -149.2011 17.8449 52.0000
v -154.5803 18.5757 52.0000
v -148.7202 20.7244 52.0000
v -154.5803 18.5757 52.0000
v -154.0821 21.5730 52.0000
v -149.2011 17.8449 52.0000
v -149.6101 14.9569 52.0000
v -155.0040 15.5694 52.0000
v -149.2011 17.8449 52.0000
v -155.0040 15.5694 52.0000
v -154.5803 18.5757 52.0000
v -149.6101 14.9569 52.0000
v -149.9469 12.0617 52.0000
v -155.3530 12.5556 52.0000
v -149.6101 14.9569 52.0000
v -155.3530 12.5556 52.0000
v -155.0040 15.5694 52.0000
v -149.9469 12.0617 52.0000
v -150.2115 9.1606 52.0000
v -155.6271 9.5357 52.0000
v -149.9469 12.0617 52.0000
v -155.6271 9.5357 52.0000
v -155.3530 12.5556 52.0000
v -150.2115 9.1606 52.0000
v -150.4037 6.2551 52.0000
v -155.8263 6.5113 52.0000
v -150.2115 9.1606 52.0000
v -155.8263 6.5113 52.0000
v -155.6271 9.5357 52.0000
v -150.4037 6.2551 52.0000
v -150.5234 3.3467 52.0000
v -155.9503 3.4837 52.0000
v -150.4037 6.2551 52.0000
v -155.9503 3.4837 52.0000
v -155.8263 6.5113 52.0000
v -150.5234 3.3467 52.0000
v -150.5706 0.4366 52.0000
v -155.9992 0.4544 52.0000
v -150.5234 3.3467 52.0000
v -155.9992 0.4544 52.0000
v -155.9503 3.4837 52.0000
v -150.5706 0.4366 52.0000
v -150.5452 -2.4737 52.0000
v -155.9728 -2.5750 52.0000
v -150.5706 0.4366 52.0000
v -155.9728 -2.5750 52.0000
v -155.9992 0.4544 52.0000
v -150.5452 -2.4737 52.0000
v -150.4473 -5.3829 52.0000
v -155.8714 -5.6033 52.0000
v -150.5452 -2.4737 52.0000
v -155.8714 -5.6033 52.0000
v -155.9728 -2.5750 52.0000
v -150.4473 -5.3829 52.0000
v -150.2768 -8.2894 52.0000
v -155.6947 -8.6288 52.0000
v -150.4473 -5.3829 52.0000
v -155.6947 -8.6288 52.0000
v -155.8714 -5.6033 52.0000
v -150.2768 -8.2894 52.0000
v -150.0339 -11.1919 52.0000
v -155.4431 -11.6502 52.0000
v -150.2768 -8.2894 52.0000
v -155.4431 -11.6502 52.0000
v -155.6947 -8.6288 52.0000
v -150.0339 -11.1919 52.0000
v -149.7187 -14.0890 52.0000
v -155.1165 -14.6659 52.0000
v -150.0339 -11.1919 52.0000
v -155.1165 -14.6659 52.0000
v -155.4431 -11.6502 52.0000
v -149.7187 -14.0890 52.0000
v -149.3314 -16.9794 52.0000
v -154.7152 -17.6746 52.0000
v -149.7187 -14.0890 52.0000
v -154.7152 -17.6746 52.0000
v -155.1165 -14.6659 52.0000
v -149.3314 -16.9794 52.0000
v -148.8720 -19.8615 52.0000
v -154.2393 -20.6748 52.0000
v -149.3314 -16.9794 52.0000
v -154.2393 -20.6748 52.0000
v -154.7152 -17.6746 52.0000
v -148.8720 -19.8615 52.0000
v -148.3410 -22.7341 52.0000
v -153.6891 -23.6650 52.0000
v -148.8720 -19.8615 52.0000
v -153.6891 -23.6650 52.0000
v -154.2393 -20.6748 52.0000
v -148.3410 -22.7341 52.0000
v -147.7384 -25.5957 52.0000
v -153.0648 -26.6438 52.0000
v -148.3410 -22.7341 52.0000
v -153.0648 -26.6438 52.0000
v -153.6891 -23.6650 52.0000
v -147.7384 -25.5957 52.0000
v -147.0646 -28.4450 52.0000
v -152.3668 -29.6098 52.0000
v -147.7384 -25.5957 52.0000
v -152.3668 -29.6098 52.0000
v -153.0648 -26.6438 52.0000
v -147.0646 -28.4450 52.0000
v -146.3200 -31.2806 52.0000
v -151.5953 -32.5615 52.0000
v -147.0646 -28.4450 52.0000
v -151.5953 -32.5615 52.0000
v -152.3668 -29.6098 52.0000
v -146.3200 -31.2806 52.0000
v -145.5048 -34.1011 52.0000
v -150.7507 -35.4975 52.0000
v -146.3200 -31.2806 52.0000
v -150.7507 -35.4975 52.0000
v -151.5953 -32.5615 52.0000
v -145.5048 -34.1011 52.0000
v -144.6195 -36.9052 52.0000
v -149.8335 -38.4164 52.0000
v -145.5048 -34.1011 52.0000
v -149.8335 -38.4164 52.0000
v -150.7507 -35.4975 52.0000
v -144.6195 -36.9052 52.0000
v -143.6645 -39.6915 52.0000
v -148.8441 -41.3168 52.0000
v -144.6195 -36.9052 52.0000
v -148.8441 -41.3168 52.0000
v -149.8335 -38.4164 52.0000
v -143.6645 -39.6915 52.0000
v -142.6403 -42.4586 52.0000
v -147.7829 -44.1972 52.0000
v -143.6645 -39.6915 52.0000
v -147.7829 -44.1972 52.0000
v -148.8441 -41.3168 52.0000
v -142.6403 -42.4586 52.0000
v -141.5473 -45.2053 52.0000
v -146.6505 -47.0564 52.0000
v -142.6403 -42.4586 52.0000
v -146.6505 -47.0564 52.0000
v -147.7829 -44.1972 52.0000
v -141.5473 -45.2053 52.0000
v -140.3861 -47.9302 52.0000
v -145.4475 -49.8929 52.0000
v -141.5473 -45.2053 52.0000
v -145.4475 -49.8929 52.0000
v -146.6505 -47.0564 52.0000
v -140.3861 -47.9302 52.0000
v -139.1573 -50.6320 52.0000
v -144.1743 -52.7053 52.0000
v -140.3861 -47.9302 52.0000
v -144.1743 -52.7053 52.0000
v -145.4475 -49.8929 52.0000
v -139.1573 -50.6320 52.0000
v -137.8613 -53.3094 52.0000
v -142.8317 -55.4924 52.0000
v -139.1573 -50.6320 52.0000
v -142.8317 -55.4924 52.0000
v -144.1743 -52.7053 52.0000
v -137.8613 -53.3094 52.0000
v -136.4990 -55.9612 52.0000
v -141.4202 -58.2527 52.0000
v -137.8613 -53.3094 52.0000
v -141.4202 -58.2527 52.0000
v -142.8317 -55.4924 52.0000
v -136.4990 -55.9612 52.0000
v -135.0708 -58.5859 52.0000
v -139.9405 -60.9849 52.0000
v -136.4990 -55.9612 52.0000
v -139.9405 -60.9849 52.0000
v -141.4202 -58.2527 52.0000
v -135.0708 -58.5859 52.0000
v -133.5776 -61.1824 52.0000
v -138.3935 -63.6877 52.0000
v -135.0708 -58.5859 52.0000
v -138.3935 -63.6877 52.0000
v -139.9405 -60.9849 52.0000
v -133.5776 -61.1824 52.0000
v -132.0199 -63.7494 52.0000
v -136.7797 -66.3598 52.0000
v -133.5776 -61.1824 52.0000
v -136.7797 -66.3598 52.0000
v -138.3935 -63.6877 52.0000
v -132.0199 -63.7494 52.0000
v -130.3987 -66.2857 52.0000
v -135.1000 -69.0000 52.0000
v -132.0199 -63.7494 52.0000
v -135.1000 -69.0000 52.0000
v -136.7797 -66.3598 52.0000
f 1 2 3
f 4 5 6
f 7 8 9
f 10 11 12
f 13 14 15
f 16 17 18
f 19 20 21
f 22 23 24
f 25 26 27
f 28 29 30
f 31 32 33
f 34 35 36
f 37 38 39
f 40 41 42
f 43 44 45
f 46 47 48
f 49 50 51
f 52 53 54
f 55 56 57
f 58 59 60
f 61 62 63
f 64 65 66
f 67 68 69
f 70 71 72
f 73 74 75
f 76 77 78
f 79 80 81
f 82 83 84
f 85 86 87
f 88 89 90
f 91 92 93
f 94 95 96
f 97 98 99
f 100 101 102
f 103 104 105
f 106 107 108
f 109 110 111
f 112 113 114
f 115 116 117
f 118 119 120
f 121 122 123
f 124 125 126
f 127 128 129
f 130 131 132
f 133 134 135
f 136 137 138
f 139 140 141
f 142 143 144
f 145 146 147
f 148 149 150
f 151 152 153
f 154 155 156
f 157 158 159
f 160 161 162
f 163 164 165
f 166 167 168
f 169 170 171
f 172 173 174
f 175 176 177
f 178 179 180
f 181 182 183
f 184 185 186
f 187 188 189
f 190 191 192
f 193 194 195
f 196 197 198
f 199 200 201
f 202 203 204
f 205 206 207
f 208 209 210
f 211 212 213
f 214 215 216
f 217 218 219
f 220 221 222
f 223 224 225
f 226 227 228
f 229 230 231
f 232 233 234
f 235 236 237
f 238 239 240
f 241 242 243
f 244 245 246
f 247 248 249
f 250 251 252
f 253 254 255
f 256 257 258
f 259 260 261
f 262 263 264
f 265 266 267
f 268 269 270
f 271 272 273
f 274 275 276
f 277 278 279
f 280 281 282
f 283 284 285
f 286 287 288
f 289 290 291
f 292 293 294
f 295 296 297
f 298 299 300
f 301 302 303
f 304 305 306
f 307 308 309
f 310 311 312
f 313 314 315
f 316 317 318
f 319 320 321
f 322 323 324
f 325 326 327
f 328 329 330
f 331 332 333
f 334 335 336
f 337 338 339
f 340 341 342
f 343 344 345
f 346 347 348
f 349 350 351
f 352 353 354
f 355 356 357
f 358 359 360
f 361 362 363
f 364 365 366
f 367 368 369
f 370 371 372
f 373 374 375
f 376 377 378
f 379 380 381
f 382 383 384
f 385 386 387
f 388 389 390
f 391 392 393
f 394 395 396
f 397 398 399
f 400 401 402
f 403 404 405
f 406 407 408
f 409 410 411
f 412 413 414
f 415 416 417
f 418 419 420
f 421 422 423
f 424 425 426
f 427 428 429
f 430 431 432
f 433 434 435
f 436 437 438
f 439 440 441
f 442 443 444
f 445 446 447
f 448 449 450
f 451 452 453
f 454 455 456
f 457 458 459
f 460 461 462
f 463 464 465
f 466 467 468
f 469 470 471
f 472 473 474
f 475 476 477
f 478 479 480
f 481 482 483
f 484 485 486
f 487 488 489
f 490 491 492
f 493 494 495
f 496 497 498
f 499 500 501
f 502 503 504
f 505 506 507
f 508 509 510
f 511 512 513
f 514 515 516
f 517 518 519
f 520 521 522
f 523 524 525
f 526 527 528
f 529 530 531
f 532 533 534
f 535 536 537
f 538 539 540
f 541 542 543
f 544 545 546
f 547 548 549
f 550 551 552
f 553 554 555
f 556 557 558
f 559 560 561
f 562 563 564
f 565 566 567
f 568 569 570
f 571 572 573
f 574 575 576
f 577 578 579
f 580 581 582
f 583 584 585
f 586 587 588
f 589 590 591
f 592 593 594
f 595 596 597
f 598 599 600
f 601 602 603
f 604 605 606
f 607 608 609
f 610 611 612
f 613 614 615
f 616 617 618
f 619 620 621
f 622 623 624
f 625 626 627
f 628 629 630
f 631 632 633
f 634 635 636
f 637 638 639
f 640 641 642
f 643 644 645
f 646 647 648
f 649 650 651
f 652 653 654
f 655 656 657
f 658 659 660
f 661 662 663
f 664 665 666
f 667 668 669
f 670 671 672
f 673 674 675
f 676 677 678
f 679 680 681
f 682 683 684
f 685 686 687
f 688 689 690
f 691 692 693
f 694 695 696
f 697 698 699
f 700 701 702
f 703 704 705
f 706 707 708
f 709 710 711
f 712 713 714
f 715 716 717
f 718 719 720
f 721 722 723
f 724 725 726
f 727 728 729
f 730 731 732
f 733 734 735
f 736 737 738
f 739 740 741
f 742 743 744
f 745 746 747
f 748 749 750
f 751 752 753
f 754 755 756
f 757 758 759
f 760 761 762
f 763 764 765
f 766 767 768
f 769 770 771
f 772 773 774
f 775 776 777
f 778 779 780
f 781 782 783
f 784 785 786
f 787 788 789
f 790 791 792
f 793 794 795
f 796 797 798
f 799 800 801
f 802 803 804
f 805 806 807
f 808 809 810
f 811 812 813
f 814 815 816
f 817 818 819
f 820 821 822
f 823 824 825
f 826 827 828
f 829 830 831
f 832 833 834
f 835 836 837
f 838 839 840
f 841 842 843
f 844 845 846
f 847 848 849
f 850 851 852
f 853 854 855
f 856 857 858
f 859 860 861
f 862 863 864
f 865 866 867
f 868 869 870
f 871 872 873
f 874 875 876
f 877 878 879
f 880 881 882
f 883 884 885
f 886 887 888
f 889 890 891
f 892 893 894
f 895 896 897
f 898 899 900
f 901 902 903
f 904 905 906
f 907 908 909
f 910 911 912
f 913 914 915
f 916 917 918
f 919 920 921
f 922 923 924
f 925 926 927
f 928 929 930
f 931 932 933
f 934 935 936
f 937 938 939
f 940 941 942
f 943 944 945
f 946 947 948
f 949 950 951
f 952 953 954
f 955 956 957
f 958 959 960
f 961 962 963
f 964 965 966
f 967 968 969
f 970 971 972
f 973 974 975
f 976 977 978
f 979 980 981
f 982 983 984
f 985 986 987
f 988 989 990
f 991 992 993
f 994 995 996
f 997 998 999
f 1000 1001 1002
f 1003 1004 1005
f 1006 1007 1008
f 1009 1010 1011
f 1012 1013 1014
f 1015 1016 1017
f 1018 1019 1020
f 1021 1022 1023
f 1024 1025 1026
f 1027 1028 1029
f 1030 1031 1032
f 1033 1034 1035
f 1036 1037 1038
f 1039 1040 1041
f 1042 1043 1044
f 1045 1046 1047
f 1048 1049 1050
f 1051 1052 1053
f 1054 1055 1056
f 1057 1058 1059
f 1060 1061 1062
f 1063 1064 1065
f 1066 1067 1068
f 1069 1070 1071
f 1072 1073 1074
f 1075 1076 1077
f 1078 1079 1080
f 1081 1082 1083
f 1084 1085 1086
f 1087 1088 1089
f 1090 1091 1092
f 1093 1094 1095
f 1096 1097 1098
f 1099 1100 1101
f 1102 1103 1104
f 1105 1106 1107
f 1108 1109 1110
f 1111 1112 1113
f 1114 1115 1116
f 1117 1118 1119
f 1120 1121 1122
f 1123 1124 1125
f 1126 1127 1128
f 1129 1130 1131
f 1132 1133 1134
f 1135 1136 1137
f 1138 1139 1140
f 1141 1142 1143
f 1144 1145 1146
f 1147 1148 1149
f 1150 1151 1152
f 1153 1154 1155
f 1156 1157 1158
f 1159 1160 1161
f 1162 1163 1164
f 1165 1166 1167
f 1168 1169 1170
f 1171 1172 1173
f 1174 1175 1176
f 1177 1178 1179
f 1180 1181 1182
f 1183 1184 1185
f 1186 1187 1188
f 1189 1190 1191
f 1192 1193 1194
f 1195 1196 1197
f 1198 1199 1200
f 1201 1202 1203
f 1204 1205 1206
f 1207 1208 1209
f 1210 1211 1212
f 1213 1214 1215
f 1216 1217 1218
f 1219 1220 1221
f 1222 1223 1224
f 1225 1226 1227
f 1228 1229 1230
f 1231 1232 1233
f 1234 1235 1236
f 1237 1238 1239
f 1240 1241 1242
f 1243 1244 1245
f 1246 1247 1248
f 1249 1250 1251
f 1252 1253 1254
f 1255 1256 1257
f 1258 1259 1260
f 1261 1262 1263
f 1264 1265 1266
f 1267 1268 1269
f 1270 1271 1272
f 1273 1274 1275
f 1276 1277 1278
f 1279 1280 1281
f 1282 1283 1284
f 1285 1286 1287
f 1288 1289 1290
f 1291 1292 1293
f 1294 1295 1296
f 1297 1298 1299
f 1300 1301 1302
f 1303 1304 1305
f 1306 1307 1308
f 1309 1310 1311
f 1312 1313 1314
f 1315 1316 1317
f 1318 1319 1320
f 1321 1322 1323
f 1324 1325 1326
f 1327 1328 1329
f 1330 1331 1332
f 1333 1334 1335
f 1336 1337 1338
f 1339 1340 1341
f 1342 1343 1344
f 1345 1346 1347
f 1348 1349 1350
f 1351 1352 1353
f 1354 1355 1356
f 1357 1358 1359
f 1360 1361 1362
f 1363 1364 1365
f 1366 1367 1368
f 1369 1370 1371
f 1372 1373 1374
f 1375 1376 1377
f 1378 1379 1380
f 1381 1382 1383
f 1384 1385 1386
f 1387 1388 1389
f 1390 1391 1392
f 1393 1394 1395
f 1396 1397 1398
f 1399 1400 1401
f 1402 1403 1404
f 1405 1406 1407
f 1408 1409 1410
f 1411 1412 1413
f 1414 1415 1416
f 1417 1418 1419
f 1420 1421 1422
f 1423 1424 1425
f 1426 1427 1428
f 1429 1430 1431
f 1432 1433 1434
f 1435 1436 1437
f 1438 1439 1440
f 1441 1442 1443
f 1444 1445 1446
f 1447 1448 1449
f 1450 1451 1452
f 1453 1454 1455
f 1456 1457 1458
f 1459 1460 1461
f 1462 1463 1464
f 1465 1466 1467
f 1468 1469 1470
f 1471 1472 1473
f 1474 1475 1476
f 1477 1478 1479
f 1480 1481 1482
f 1483 1484 1485
f 1486 1487 1488
f 1489 1490 1491
f 1492 1493 1494
f 1495 1496 1497
f 1498 1499 1500
f 1501 1502 1503
f 1504 1505 1506
f 1507 1508 1509
f 1510 1511 1512
f 1513 1514 1515
f 1516 1517 1518
f 1519 1520 1521
f 1522 1523 1524
f 1525 1526 1527
f 1528 1529 1530
f 1531 1532 1533
f 1534 1535 1536
f 1537 1538 1539
f 1540 1541 1542
f 1543 1544 1545
f 1546 1547 1548
f 1549 1550 1551
f 1552 1553 1554
f 1555 1556 1557
f 1558 1559 1560
f 1561 1562 1563
f 1564 1565 1566
f 1567 1568 1569
f 1570 1571 1572
f 1573 1574 1575
f 1576 1577 1578
f 1579 1580 1581
f 1582 1583 1584
f 1585 1586 1587
f 1588 1589 1590
f 1591 1592 1593
f 1594 1595 1596
f 1597 1598 1599
f 1600 1601 1602
f 1603 1604 1605
f 1606 1607 1608
f 1609 1610 1611
f 1612 1613 1614
f 1615 1616 1617
f 1618 1619 1620
f 1621 1622 1623
f 1624 1625 1626
f 1627 1628 1629
f 1630 1631 1632
f 1633 1634 1635
f 1636 1637 1638
f 1639 1640 1641
f 1642 1643 1644
f 1645 1646 1647
f 1648 1649 1650
f 1651 1652 1653
f 1654 1655 1656
f 1657 1658 1659
f 1660 1661 1662
f 1663 1664 1665
f 1666 1667 1668
f 1669 1670 1671
f 1672 1673 1674
f 1675 1676 1677
f 1678 1679 1680
f 1681 1682 1683
f 1684 1685 1686
f 1687 1688 1689
f 1690 1691 1692
f 1693 1694 1695
f 1696 1697 1698
f 1699 1700 1701
f 1702 1703 1704
f 1705 1706 1707
f 1708 1709 1710
f 1711 1712 1713
f 1714 1715 1716
f 1717 1718 1719
f 1720 1721 1722
f 1723 1724 1725
f 1726 1727 1728
f 1729 1730 1731
f 1732 1733 1734
f 1735 1736 1737
f 1738 1739 1740
f 1741 1742 1743
f 1744 1745 1746
f 1747 1748 1749
f 1750 1751 1752
f 1753 1754 1755
f 1756 1757 1758
f 1759 1760 1761
f 1762 1763 1764
f 1765 1766 1767
f 1768 1769 1770
f 1771 1772 1773
f 1774 1775 1776
f 1777 1778 1779
f 1780 1781 1782
f 1783 1784 1785
f 1786 1787 1788
f 1789 1790 1791
f 1792 1793 1794
f 1795 1796 1797
f 1798 1799 1800
f 1801 1802 1803
f 1804 1805 1806
f 1807 1808 1809
f 1810 1811 1812
f 1813 1814 1815
f 1816 1817 1818
f 1819 1820 1821
f 1822 1823 1824
f 1825 1826 1827
f 1828 1829 1830
f 1831 1832 1833
f 1834 1835 1836
f 1837 1838 1839
f 1840 1841 1842
f 1843 1844 1845
f 1846 1847 1848
f 1849 1850 1851
f 1852 1853 1854
f 1855 1856 1857
f 1858 1859 1860
f 1861 1862 1863
f 1864 1865 1866
f 1867 1868 1869
f 1870 1871 1872
f 1873 1874 1875
f 1876 1877 1878
f 1879 1880 1881
f 1882 1883 1884
f 1885 1886 1887
f 1888 1889 1890
f 1891 1892 1893
f 1894 1895 1896
f 1897 1898 1899
f 1900 1901 1902
f 1903 1904 1905
f 1906 1907 1908
f 1909 1910 1911
f 1912 1913 1914
f 1915 1916 1917
f 1918 1919 1920
f 1921 1922 1923
f 1924 1925 1926
f 1927 1928 1929
f 1930 1931 1932
f 1933 1934 1935
f 1936 1937 1938
f 1939 1940 1941
f 1942 1943 1944
f 1945 1946 1947
f 1948 1949 1950
f 1951 1952 1953
f 1954 1955 1956
f 1957 1958 1959
f 1960 1961 1962
f 1963 1964 1965
f 1966 1967 1968
f 1969 1970 1971
f 1972 1973 1974
f 1975 1976 1977
f 1978 1979 1980
f 1981 1982 1983
f 1984 1985 1986
f 1987 1988 1989
f 1990 1991 1992
f 1993 1994 1995
f 1996 1997 1998
f 1999 2000 2001
f 2002 2003 2004
f 2005 2006 2007
f 2008 2009 2010
f 2011 2012 2013
f 2014 2015 2016
f 2017 2018 2019
f 2020 2021 2022
f 2023 2024 2025
f 2026 2027 2028
f 2029 2030 2031
f 2032 2033 2034
f 2035 2036 2037
f 2038 2039 2040
f 2041 2042 2043
f 2044 2045 2046
f 2047 2048 2049
f 2050 2051 2052
f 2053 2054 2055
f 2056 2057 2058
f 2059 2060 2061
f 2062 2063 2064
f 2065 2066 2067
f 2068 2069 2070
f 2071 2072 2073
f 2074 2075 2076
f 2077 2078 2079
f 2080 2081 2082
f 2083 2084 2085
f 2086 2087 2088
f 2089 2090 2091
f 2092 2093 2094
f 2095 2096 2097
f 2098 2099 2100
f 2101 2102 2103
f 2104 2105 2106
f 2107 2108 2109
f 2110 2111 2112
f 2113 2114 2115
f 2116 2117 2118
f 2119 2120 2121
f 2122 2123 2124
f 2125 2126 2127
f 2128 2129 2130
f 2131 2132 2133
f 2134 2135 2136
f 2137 2138 2139
f 2140 2141 2142
f 2143 2144 2145
f 2146 2147 2148
f 2149 2150 2151
f 2152 2153 2154
f 2155 2156 2157
f 2158 2159 2160
f 2161 2162 2163
f 2164 2165 2166
f 2167 2168 2169
f 2170 2171 2172
f 2173 2174 2175
f 2176 2177 2178
f 2179 2180 2181
f 2182 2183 2184
f 2185 2186 2187
f 2188 2189 2190
f 2191 2192 2193
f 2194 2195 2196
f 2197 2198 2199
f 2200 2201 2202
f 2203 2204 2205
f 2206 2207 2208
f 2209 2210 2211
f 2212 2213 2214
f 2215 2216 2217
f 2218 2219 2220
f 2221 2222 2223
f 2224 2225 2226
f 2227 2228 2229
f 2230 2231 2232
f 2233 2234 2235
f 2236 2237 2238
f 2239 2240 2241
f 2242 2243 2244
f 2245 2246 2247
f 2248 2249 2250
f 2251 2252 2253
f 2254 2255 2256
f 2257 2258 2259
f 2260 2261 2262
f 2263 2264 2265
f 2266 2267 2268
f 2269 2270 2271
f 2272 2273 2274
f 2275 2276 2277
f 2278 2279 2280
f 2281 2282 2283
f 2284 2285 2286
f 2287 2288 2289
f 2290 2291 2292
f 2293 2294 2295
f 2296 2297 2298
f 2299 2300 2301
f 2302 2303 2304
f 2305 2306 2307
f 2308 2309 2310
f 2311 2312 2313
f 2314 2315 2316
f 2317 2318 2319
f 2320 2321 2322
f 2323 2324 2325
f 2326 2327 2328
f 2329 2330 2331
f 2332 2333 2334
f 2335 2336 2337
f 2338 2339 2340
f 2341 2342 2343
f 2344 2345 2346
f 2347 2348 2349
f 2350 2351 2352
f 2353 2354 2355
f 2356 2357 2358
f 2359 2360 2361
f 2362 2363 2364
f 2365 2366 2367
f 2368 2369 2370
f 2371 2372 2373
f 2374 2375 2376
f 2377 2378 2379
f 2380 2381 2382
f 2383 2384 2385
f 2386 2387 2388
f 2389 2390 2391
f 2392 2393 2394
f 2395 2396 2397
f 2398 2399 2400
f 2401 2402 2403
f 2404 2405 2406
f 2407 2408 2409
f 2410 2411 2412
f 2413 2414 2415
f 2416 2417 2418
f 2419 2420 2421
f 2422 2423 2424
f 2425 2426 2427
f 2428 2429 2430
f 2431 2432 2433
f 2434 2435 2436
f 2437 2438 2439
f 2440 2441 2442
f 2443 2444 2445
f 2446 2447 2448
f 2449 2450 2451
f 2452 2453 2454
f 2455 2456 2457
f 2458 2459 2460
f 2461 2462 2463
f 2464 2465 2466
f 2467 2468 2469
f 2470 2471 2472
f 2473 2474 2475
f 2476 2477 2478
f 2479 2480 2481
f 2482 2483 2484
f 2485 2486 2487
f 2488 2489 2490
f 2491 2492 2493
f 2494 2495 2496
f 2497 2498 2499
f 2500 2501 2502
f 2503 2504 2505
f 2506 2507 2508
f 2509 2510 2511
f 2512 2513 2514
f 2515 2516 2517
f 2518 2519 2520
f 2521 2522 2523
f 2524 2525 2526
f 2527 2528 2529
f 2530 2531 2532
f 2533 2534 2535
f 2536 2537 2538
f 2539 2540 2541
f 2542 2543 2544
f 2545 2546 2547
f 2548 2549 2550
f 2551 2552 2553
f 2554 2555 2556
f 2557 2558 2559
f 2560 2561 2562
f 2563 2564 2565
f 2566 2567 2568
f 2569 2570 2571
f 2572 2573 2574
f 2575 2576 2577
f 2578 2579 2580
f 2581 2582 2583
f 2584 2585 2586
f 2587 2588 2589
f 2590 2591 2592
f 2593 2594 2595
f 2596 2597 2598
f 2599 2600 2601
f 2602 2603 2604
f 2605 2606 2607
f 2608 2609 2610
f 2611 2612 2613
f 2614 2615 2616
f 2617 2618 2619
f 2620 2621 2622
f 2623 2624 2625
f 2626 2627 2628
f 2629 2630 2631
f 2632 2633 2634
f 2635 2636 2637
f 2638 2639 2640
f 2641 2642 2643
f 2644 2645 2646
f 2647 2648 2649
f 2650 2651 2652
f 2653 2654 2655
f 2656 2657 2658
f 2659 2660 2661
f 2662 2663 2664
f 2665 2666 2667
f 2668 2669 2670
f 2671 2672 2673
f 2674 2675 2676
f 2677 2678 2679
f 2680 2681 2682
f 2683 2684 2685
f 2686 2687 2688
f 2689 2690 2691
f 2692 2693 2694
f 2695 2696 2697
f 2698 2699 2700
f 2701 2702 2703
f 2704 2705 2706
f 2707 2708 2709
f 2710 2711 2712
f 2713 2714 2715
f 2716 2717 2718
f 2719 2720 2721
f 2722 2723 2724
f 2725 2726 2727
f 2728 2729 2730
f 2731 2732 2733
f 2734 2735 2736
f 2737 2738 2739
f 2740 2741 2742
f 2743 2744 2745
f 2746 2747 2748
f 2749 2750 2751
f 2752 2753 2754
f 2755 2756 2757
f 2758 2759 2760
f 2761 2762 2763
f 2764 2765 2766
f 2767 2768 2769
f 2770 2771 2772
f 2773 2774 2775
f 2776 2777 2778
f 2779 2780 2781
f 2782 2783 2784
f 2785 2786 2787
f 2788 2789 2790
f 2791 2792 2793
f 2794 2795 2796
f 2797 2798 2799
f 2800 2801 2802
f 2803 2804 2805
f 2806 2807 2808
f 2809 2810 2811
f 2812 2813 2814
f 2815 2816 2817
f 2818 2819 2820
f 2821 2822 2823
f 2824 2825 2826
f 2827 2828 2829
f 2830 2831 2832
f 2833 2834 2835
f 2836 2837 2838
f 2839 2840 2841
f 2842 2843 2844
f 2845 2846 2847
f 2848 2849 2850
f 2851 2852 2853
f 2854 2855 2856
f 2857 2858 2859
f 2860 2861 2862
f 2863 2864 2865
f 2866 2867 2868
f 2869 2870 2871
f 2872 2873 2874
f 2875 2876 2877
f 2878 2879 2880
f 2881 2882 2883
f 2884 2885 2886
f 2887 2888 2889
f 2890 2891 2892
f 2893 2894 2895
f 2896 2897 2898
f 2899 2900 2901
f 2902 2903 2904
f 2905 2906 2907
f 2908 2909 2910
f 2911 2912 2913
f 2914 2915 2916
f 2917 2918 2919
f 2920 2921 2922
f 2923 2924 2925
f 2926 2927 2928
f 2929 2930 2931
f 2932 2933 2934
f 2935 2936 2937
f 2938 2939 2940
f 2941 2942 2943
f 2944 2945 2946
f 2947 2948 2949
f 2950 2951 2952
f 2953 2954 2955
f 2956 2957 2958
f 2959 2960 2961
f 2962 2963 2964
f 2965 2966 2967
f 2968 2969 2970
f 2971 2972 2973
f 2974 2975 2976
f 2977 2978 2979
f 2980 2981 2982
f 2983 2984 2985
f 2986 2987 2988
f 2989 2990 2991
f 2992 2993 2994
f 2995 2996 2997
f 2998 2999 3000
f 3001 3002 3003
f 3004 3005 3006
f 3007 3008 3009
f 3010 3011 3012
f 3013 3014 3015
f 3016 3017 3018
f 3019 3020 3021
f 3022 3023 3024
f 3025 3026 3027
f 3028 3029 3030
f 3031 3032 3033
f 3034 3035 3036
f 3037 3038 3039
f 3040 3041 3042
f 3043 3044 3045
f 3046 3047 3048
f 3049 3050 3051
f 3052 3053 3054
f 3055 3056 3057
f 3058 3059 3060
f 3061 3062 3063
f 3064 3065 3066
f 3067 3068 3069
f 3070 3071 3072
f 3073 3074 3075
f 3076 3077 3078
f 3079 3080 3081
f 3082 3083 3084
f 3085 3086 3087
f 3088 3089 3090
f 3091 3092 3093
f 3094 3095 3096
f 3097 3098 3099
f 3100 3101 3102
f 3103 3104 3105
f 3106 3107 3108
f 3109 3110 3111
f 3112 3113 3114
f 3115 3116 3117
f 3118 3119 3120
f 3121 3122 3123
f 3124 3125 3126
f 3127 3128 3129
f 3130 3131 3132
f 3133 3134 3135
f 3136 3137 3138
f 3139 3140 3141
f 3142 3143 3144
f 3145 3146 3147
f 3148 3149 3150
f 3151 3152 3153
f 3154 3155 3156
f 3157 3158 3159
f 3160 3161 3162
f 3163 3164 3165
f 3166 3167 3168
f 3169 3170 3171
f 3172 3173 3174
f 3175 3176 3177
f 3178 3179 3180
f 3181 3182 3183
f 3184 3185 3186
f 3187 3188 3189
f 3190 3191 3192
f 3193 3194 3195
f 3196 3197 3198
f 3199 3200 3201
f 3202 3203 3204
f 3205 3206 3207
f 3208 3209 3210
f 3211 3212 3213
f 3214 3215 3216
f 3217 3218 3219
f 3220 3221 3222
f 3223 3224 3225
f 3226 3227 3228
f 3229 3230 3231
f 3232 3233 3234
f 3235 3236 3237
f 3238 3239 3240
f 3241 3242 3243
f 3244 3245 3246
f 3247 3248 3249
f 3250 3251 3252
f 3253 3254 3255
f 3256 3257 3258
f 3259 3260 3261
f 3262 3263 3264
f 3265 3266 3267
f 3268 3269 3270
f 3271 3272 3273
f 3274 3275 3276
f 3277 3278 3279
f 3280 3281 3282
f 3283 3284 3285
f 3286 3287 3288
f 3289 3290 3291
f 3292 3293 3294
f 3295 3296 3297
f 3298 3299 3300
f 3301 3302 3303
f 3304 3305 3306
f 3307 3308 3309
f 3310 3311 3312
f 3313 3314 3315
f 3316 3317 3318
f 3319 3320 3321
f 3322 3323 3324
f 3325 3326 3327
f 3328 3329 3330
f 3331 3332 3333
f 3334 3335 3336
f 3337 3338 3339
f 3340 3341 3342
f 3343 3344 3345
f 3346 3347 3348
f 3349 3350 3351
f 3352 3353 3354
f 3355 3356 3357
f 3358 3359 3360
f 3361 3362 3363
f 3364 3365 3366
f 3367 3368 3369
f 3370 3371 3372
f 3373 3374 3375
f 3376 3377 3378
f 3379 3380 3381
f 3382 3383 3384
f 3385 3386 3387
f 3388 3389 3390
f 3391 3392 3393
f 3394 3395 3396
f 3397 3398 3399
f 3400 3401 3402
f 3403 3404 3405
f 3406 3407 3408
f 3409 3410 3411
f 3412 3413 3414
f 3415 3416 3417
f 3418 3419 3420
f 3421 3422 3423
f 3424 3425 3426
f 3427 3428 3429
f 3430 3431 3432
f 3433 3434 3435
f 3436 3437 3438
f 3439 3440 3441
f 3442 3443 3444
f 3445 3446 3447
f 3448 3449 3450
f 3451 3452 3453
f 3454 3455 3456
f 3457 3458 3459
f 3460 3461 3462
f 3463 3464 3465
f 3466 3467 3468
f 3469 3470 3471
f 3472 3473 3474
f 3475 3476 3477
f 3478 3479 3480
f 3481 3482 3483
f 3484 3485 3486
f 3487 3488 3489
f 3490 3491 3492
f 3493 3494 3495
f 3496 3497 3498
f 3499 3500 3501
f 3502 3503 3504
f 3505 3506 3507
f 3508 3509 3510
f 3511 3512 3513
f 3514 3515 3516
f 3517 3518 3519
f 3520 3521 3522
f 3523 3524 3525
f 3526 3527 3528
f 3529 3530 3531
f 3532 3533 3534
f 3535 3536 3537
f 3538 3539 3540
f 3541 3542 3543
f 3544 3545 3546
f 3547 3548 3549
f 3550 3551 3552
f 3553 3554 3555
f 3556 3557 3558
f 3559 3560 3561
f 3562 3563 3564
f 3565 3566 3567
f 3568 3569 3570
f 3571 3572 3573
f 3574 3575 3576
f 3577 3578 3579
f 3580 3581 3582
f 3583 3584 3585
f 3586 3587 3588
f 3589 3590 3591
f 3592 3593 3594
f 3595 3596 3597
f 3598 3599 3600
f 3601 3602 3603
f 3604 3605 3606
f 3607 3608 3609
f 3610 3611 3612
f 3613 3614 3615
f 3616 3617 3618
f 3619 3620 3621
f 3622 3623 3624
f 3625 3626 3627
f 3628 3629 3630
f 3631 3632 3633
f 3634 3635 3636
f 3637 3638 3639
f 3640 3641 3642
f 3643 3644 3645
f 3646 3647 3648
f 3649 3650 3651
f 3652 3653 3654
f 3655 3656 3657
f 3658 3659 3660
f 3661 3662 3663
f 3664 3665 3666
f 3667 3668 3669
f 3670 3671 3672
f 3673 3674 3675
f 3676 3677 3678
f 3679 3680 3681
f 3682 3683 3684
f 3685 3686 3687
f 3688 3689 3690
f 3691 3692 3693
f 3694 3695 3696
f 3697 3698 3699
f 3700 3701 3702
f 3703 3704 3705
f 3706 3707 3708
f 3709 3710 3711
f 3712 3713 3714
f 3715 3716 3717
f 3718 3719 3720
f 3721 3722 3723
f 3724 3725 3726
f 3727 3728 3729
f 3730 3731 3732
f 3733 3734 3735
f 3736 3737 3738
f 3739 3740 3741
f 3742 3743 3744
f 3745 3746 3747
f 3748 3749 3750
f 3751 3752 3753
f 3754 3755 3756
f 3757 3758 3759
f 3760 3761 3762
f 3763 3764 3765
f 3766 3767 3768
f 3769 3770 3771
f 3772 3773 3774
f 3775 3776 3777
f 3778 3779 3780
f 3781 3782 3783
f 3784 3785 3786
f 3787 3788 3789
f 3790 3791 3792
f 3793 3794 3795
f 3796 3797 3798
f 3799 3800 3801
f 3802 3803 3804
f 3805 3806 3807
f 3808 3809 3810
f 3811 3812 3813
f 3814 3815 3816
f 3817 3818 3819
f 3820 3821 3822
f 3823 3824 3825
f 3826 3827 3828
f 3829 3830 3831
f 3832 3833 3834
f 3835 3836 3837
f 3838 3839 3840
f 3841 3842 3843
f 3844 3845 3846
f 3847 3848 3849
f 3850 3851 3852
f 3853 3854 3855
f 3856 3857 3858
f 3859 3860 3861
f 3862 3863 3864
f 3865 3866 3867
f 3868 3869 3870
f 3871 3872 3873
f 3874 3875 3876
f 3877 3878 3879
f 3880 3881 3882
f 3883 3884 3885
f 3886 3887 3888
f 3889 3890 3891
f 3892 3893 3894
f 3895 3896 3897
f 3898 3899 3900
f 3901 3902 3903
f 3904 3905 3906
f 3907 3908 3909
f 3910 3911 3912
f 3913 3914 3915
f 3916 3917 3918
f 3919 3920 3921
f 3922 3923 3924
f 3925 3926 3927
f 3928 3929 3930
f 3931 3932 3933
f 3934 3935 3936
f 3937 3938 3939
f 3940 3941 3942
f 3943 3944 3945
f 3946 3947 3948
f 3949 3950 3951
f 3952 3953 3954
f 3955 3956 3957
f 3958 3959 3960
f 3961 3962 3963
f 3964 3965 3966
f 3967 3968 3969
f 3970 3971 3972
f 3973 3974 3975
f 3976 3977 3978
f 3979 3980 3981
f 3982 3983 3984
f 3985 3986 3987
f 3988 3989 3990
f 3991 3992 3993
f 3994 3995 3996
f 3997 3998 3999
f 4000 4001 4002
f 4003 4004 4005
f 4006 4007 4008
f 4009 4010 4011
f 4012 4013 4014
f 4015 4016 4017
f 4018 4019 4020
f 4021 4022 4023
f 4024 4025 4026
f 4027 4028 4029
f 4030 4031 4032
f 4033 4034 4035
f 4036 4037 4038
f 4039 4040 4041
f 4042 4043 4044
f 4045 4046 4047
f 4048 4049 4050
f 4051 4052 4053
f 4054 4055 4056
f 4057 4058 4059
f 4060 4061 4062
f 4063 4064 4065
f 4066 4067 4068
f 4069 4070 4071
f 4072 4073 4074
f 4075 4076 4077
f 4078 4079 4080
f 4081 4082 4083
f 4084 4085 4086
f 4087 4088 4089
f 4090 4091 4092
f 4093 4094 4095
f 4096 4097 4098
f 4099 4100 4101
f 4102 4103 4104
f 4105 4106 4107
f 4108 4109 4110
f 4111 4112 4113
f 4114 4115 4116
f 4117 4118 4119
f 4120 4121 4122
f 4123 4124 4125
f 4126 4127 4128
f 4129 4130 4131
f 4132 4133 4134
f 4135 4136 4137
f 4138 4139 4140
f 4141 4142 4143
f 4144 4145 4146
f 4147 4148 4149
f 4150 4151 4152
f 4153 4154 4155
f 4156 4157 4158
f 4159 4160 4161
f 4162 4163 4164
f 4165 4166 4167
f 4168 4169 4170
f 4171 4172 4173
f 4174 4175 4176
f 4177 4178 4179
f 4180 4181 4182
f 4183 4184 4185
f 4186 4187 4188
f 4189 4190 4191
f 4192 4193 4194
f 4195 4196 4197
f 4198 4199 4200
f 4201 4202 4203
f 4204 4205 4206
f 4207 4208 4209
f 4210 4211 4212
f 4213 4214 4215
f 4216 4217 4218
f 4219 4220 4221
f 4222 4223 4224
f 4225 4226 4227
f 4228 4229 4230
f 4231 4232 4233
f 4234 4235 4236
f 4237 4238 4239
f 4240 4241 4242
f 4243 4244 4245
f 4246 4247 4248
f 4249 4250 4251
f 4252 4253 4254
f 4255 4256 4257
f 4258 4259 4260
f 4261 4262 4263
f 4264 4265 4266
f 4267 4268 4269
f 4270 4271 4272
f 4273 4274 4275
f 4276 4277 4278
f 4279 4280 4281
f 4282 4283 4284
f 4285 4286 4287
f 4288 4289 4290
f 4291 4292 4293
f 4294 4295 4296
f 4297 4298 4299
f 4300 4301 4302
f 4303 4304 4305
f 4306 4307 4308
f 4309 4310 4311
f 4312 4313 4314
f 4315 4316 4317
f 4318 4319 4320
f 4321 4322 4323
f 4324 4325 4326
f 4327 4328 4329
f 4330 4331 4332
f 4333 4334 4335
f 4336 4337 4338
f 4339 4340 4341
f 4342 4343 4344
f 4345 4346 4347
f 4348 4349 4350
f 4351 4352 4353
f 4354 4355 4356
f 4357 4358 4359
f 4360 4361 4362
f 4363 4364 4365
f 4366 4367 4368
f 4369 4370 4371
f 4372 4373 4374
f 4375 4376 4377
f 4378 4379 4380
f 4381 4382 4383
f 4384 4385 4386
f 4387 4388 4389
f 4390 4391 4392
f 4393 4394 4395
f 4396 4397 4398
f 4399 4400 4401
f 4402 4403 4404
f 4405 4406 4407
f 4408 4409 4410
f 4411 4412 4413
f 4414 4415 4416
f 4417 4418 4419
f 4420 4421 4422
f 4423 4424 4425
f 4426 4427 4428
f 4429 4430 4431
f 4432 4433 4434
f 4435 4436 4437
f 4438 4439 4440
f 4441 4442 4443
f 4444 4445 4446
f 4447 4448 4449
f 4450 4451 4452
f 4453 4454 4455
f 4456 4457 4458
f 4459 4460 4461
f 4462 4463 4464
f 4465 4466 4467
f 4468 4469 4470
f 4471 4472 4473
f 4474 4475 4476
f 4477 4478 4479
f 4480 4481 4482
f 4483 4484 4485
f 4486 4487 4488
f 4489 4490 4491
f 4492 4493 4494
f 4495 4496 4497
f 4498 4499 4500
f 4501 4502 4503
f 4504 4505 4506
f 4507 4508 4509
f 4510 4511 4512
f 4513 4514 4515
f 4516 4517 4518
f 4519 4520 4521
f 4522 4523 4524
f 4525 4526 4527
f 4528 4529 4530
f 4531 4532 4533
f 4534 4535 4536
f 4537 4538 4539
f 4540 4541 4542
f 4543 4544 4545
f 4546 4547 4548
f 4549 4550 4551
f 4552 4553 4554
f 4555 4556 4557
f 4558 4559 4560
f 4561 4562 4563
f 4564 4565 4566
f 4567 4568 4569
f 4570 4571 4572
f 4573 4574 4575
f 4576 4577 4578
f 4579 4580 4581
f 4582 4583 4584
f 4585 4586 4587
f 4588 4589 4590
f 4591 4592 4593
f 4594 4595 4596
f 4597 4598 4599
f 4600 4601 4602
f 4603 4604 4605
f 4606 4607 4608
f 4609 4610 4611
f 4612 4613 4614
f 4615 4616 4617
f 4618 4619 4620
f 4621 4622 4623
f 4624 4625 4626
f 4627 4628 4629
f 4630 4631 4632
f 4633 4634 4635
f 4636 4637 4638
f 4639 4640 4641
f 4642 4643 4644
f 4645 4646 4647
f 4648 4649 4650
f 4651 4652 4653
f 4654 4655 4656
f 4657 4658 4659
f 4660 4661 4662
f 4663 4664 4665
f 4666 4667 4668
f 4669 4670 4671
f 4672 4673 4674
f 4675 4676 4677
f 4678 4679 4680
f 4681 4682 4683
f 4684 4685 4686
f 4687 4688 4689
f 4690 4691 4692
f 4693 4694 4695
f 4696 4697 4698
f 4699 4700 4701
f 4702 4703 4704
f 4705 4706 4707
f 4708 4709 4710
f 4711 4712 4713
f 4714 4715 4716
f 4717 4718 4719
f 4720 4721 4722
f 4723 4724 4725
f 4726 4727 4728
f 4729 4730 4731
f 4732 4733 4734
f 4735 4736 4737
f 4738 4739 4740
f 4741 4742 4743
f 4744 4745 4746
f 4747 4748 4749
f 4750 4751 4752
f 4753 4754 4755
f 4756 4757 4758
f 4759 4760 4761
f 4762 4763 4764
f 4765 4766 4767
f 4768 4769 4770
f 4771 4772 4773
f 4774 4775 4776
f 4777 4778 4779
f 4780 4781 4782
f 4783 4784 4785
f 4786 4787 4788
f 4789 4790 4791
f 4792 4793 4794
f 4795 4796 4797
f 4798 4799 4800
f 4801 4802 4803
f 4804 4805 4806
f 4807 4808 4809
f 4810 4811 4812
f 4813 4814 4815
f 4816 4817 4818
f 4819 4820 4821
f 4822 4823 4824
f 4825 4826 4827
f 4828 4829 4830
f 4831 4832 4833
f 4834 4835 4836
f 4837 4838 4839
f 4840 4841 4842
f 4843 4844 4845
f 4846 4847 4848
f 4849 4850 4851
f 4852 4853 4854
f 4855 4856 4857
f 4858 4859 4860
f 4861 4862 4863
f 4864 4865 4866
f 4867 4868 4869
f 4870 4871 4872
f 4873 4874 4875
f 4876 4877 4878
f 4879 4880 4881
f 4882 4883 4884
f 4885 4886 4887
f 4888 4889 4890
f 4891 4892 4893
f 4894 4895 4896
f 4897 4898 4899
f 4900 4901 4902
f 4903 4904 4905
f 4906 4907 4908
f 4909 4910 4911
f 4912 4913 4914
f 4915 4916 4917
f 4918 4919 4920
f 4921 4922 4923
f 4924 4925 4926
f 4927 4928 4929
f 4930 4931 4932
f 4933 4934 4935
f 4936 4937 4938
f 4939 4940 4941
f 4942 4943 4944
f 4945 4946 4947
f 4948 4949 4950
f 4951 4952 4953
f 4954 4955 4956
f 4957 4958 4959
f 4960 4961 4962
f 4963 4964 4965
f 4966 4967 4968
f 4969 4970 4971
f 4972 4973 4974
f 4975 4976 4977
f 4978 4979 4980
f 4981 4982 4983
f 4984 4985 4986
f 4987 4988 4989
f 4990 4991 4992
f 4993 4994 4995
f 4996 4997 4998
f 4999 5000 5001
f 5002 5003 5004
f 5005 5006 5007
f 5008 5009 5010
f 5011 5012 5013
f 5014 5015 5016
f 5017 5018 5019
f 5020 5021 5022
f 5023 5024 5025
f 5026 5027 5028
f 5029 5030 5031
f 5032 5033 5034
f 5035 5036 5037
f 5038 5039 5040
f 5041 5042 5043
f 5044 5045 5046
f 5047 5048 5049
f 5050 5051 5052
f 5053 5054 5055
f 5056 5057 5058
f 5059 5060 5061
f 5062 5063 5064
f 5065 5066 5067
f 5068 5069 5070
f 5071 5072 5073
f 5074 5075 5076
f 5077 5078 5079
f 5080 5081 5082
f 5083 5084 5085
f 5086 5087 5088
f 5089 5090 5091
f 5092 5093 5094
f 5095 5096 5097
f 5098 5099 5100
f 5101 5102 5103
f 5104 5105 5106
f 5107 5108 5109
f 5110 5111 5112
f 5113 5114 5115
f 5116 5117 5118
f 5119 5120 5121
f 5122 5123 5124
f 5125 5126 5127
f 5128 5129 5130
f 5131 5132 5133
f 5134 5135 5136
f 5137 5138 5139
f 5140 5141 5142
f 5143 5144 5145
f 5146 5147 5148
f 5149 5150 5151
f 5152 5153 5154
f 5155 5156 5157
f 5158 5159 5160
f 5161 5162 5163
f 5164 5165 5166
f 5167 5168 5169
f 5170 5171 5172
f 5173 5174 5175
f 5176 5177 5178
f 5179 5180 5181
f 5182 5183 5184
f 5185 5186 5187
f 5188 5189 5190
f 5191 5192 5193
f 5194 5195 5196
f 5197 5198 5199
f 5200 5201 5202
f 5203 5204 5205
f 5206 5207 5208
f 5209 5210 5211
f 5212 5213 5214
f 5215 5216 5217
f 5218 5219 5220
f 5221 5222 5223
f 5224 5225 5226
f 5227 5228 5229
f 5230 5231 5232
f 5233 5234 5235
f 5236 5237 5238
f 5239 5240 5241
f 5242 5243 5244
f 5245 5246 5247
f 5248 5249 5250
f 5251 5252 5253
f 5254 5255 5256
f 5257 5258 5259
f 5260 5261 5262
f 5263 5264 5265
f 5266 5267 5268
f 5269 5270 5271
f 5272 5273 5274
f 5275 5276 5277
f 5278 5279 5280
f 5281 5282 5283
f 5284 5285 5286
f 5287 5288 5289
f 5290 5291 5292
f 5293 5294 5295
f 5296 5297 5298
f 5299 5300 5301
f 5302 5303 5304
f 5305 5306 5307
f 5308 5309 5310
f 5311 5312 5313
f 5314 5315 5316
f 5317 5318 5319
f 5320 5321 5322
f 5323 5324 5325
f 5326 5327 5328
f 5329 5330 5331
f 5332 5333 5334
f 5335 5336 5337
f 5338 5339 5340
f 5341 5342 5343
f 5344 5345 5346
f 5347 5348 5349
f 5350 5351 5352
f 5353 5354 5355
f 5356 5357 5358
f 5359 5360 5361
f 5362 5363 5364
f 5365 5366 5367
f 5368 5369 5370
f 5371 5372 5373
f 5374 5375 5376
f 5377 5378 5379
f 5380 5381 5382
f 5383 5384 5385
f 5386 5387 5388
f 5389 5390 5391
f 5392 5393 5394
f 5395 5396 5397
f 5398 5399 5400
f 5401 5402 5403
f 5404 5405 5406
f 5407 5408 5409
f 5410 5411 5412
f 5413 5414 5415
f 5416 5417 5418
f 5419 5420 5421
f 5422 5423 5424
f 5425 5426 5427
f 5428 5429 5430
f 5431 5432 5433
f 5434 5435 5436
f 5437 5438 5439
f 5440 5441 5442
f 5443 5444 5445
f 5446 5447 5448
f 5449 5450 5451
f 5452 5453 5454
f 5455 5456 5457
f 5458 5459 5460
f 5461 5462 5463
f 5464 5465 5466
f 5467 5468 5469
f 5470 5471 5472
f 5473 5474 5475
f 5476 5477 5478
f 5479 5480 5481
f 5482 5483 5484
f 5485 5486 5487
f 5488 5489 5490
f 5491 5492 5493
f 5494 5495 5496
f 5497 5498 5499
f 5500 5501 5502
f 5503 5504 5505
f 5506 5507 5508
f 5509 5510 5511
f 5512 5513 5514
f 5515 5516 5517
f 5518 5519 5520
f 5521 5522 5523
f 5524 5525 5526
f 5527 5528 5529
f 5530 5531 5532
f 5533 5534 5535
f 5536 5537 5538
f 5539 5540 5541
f 5542 5543 5544
f 5545 5546 5547
f 5548 5549 5550
f 5551 5552 5553
f 5554 5555 5556
f 5557 5558 5559
f 5560 5561 5562
f 5563 5564 5565
f 5566 5567 5568
f 5569 5570 5571
f 5572 5573 5574
f 5575 5576 5577
f 5578 5579 5580
f 5581 5582 5583
f 5584 5585 5586
f 5587 5588 5589
f 5590 5591 5592
f 5593 5594 5595
f 5596 5597 5598
f 5599 5600 5601
f 5602 5603 5604
f 5605 5606 5607
f 5608 5609 5610
f 5611 5612 5613
f 5614 5615 5616
f 5617 5618 5619
f 5620 5621 5622
f 5623 5624 5625
f 5626 5627 5628
f 5629 5630 5631
f 5632 5633 5634
f 5635 5636 5637
f 5638 5639 5640
f 5641 5642 5643
f 5644 5645 5646
f 5647 5648 5649
f 5650 5651 5652
f 5653 5654 5655
f 5656 5657 5658
f 5659 5660 5661
f 5662 5663 5664
f 5665 5666 5667
f 5668 5669 5670
f 5671 5672 5673
f 5674 5675 5676
f 5677 5678 5679
f 5680 5681 5682
f 5683 5684 5685
f 5686 5687 5688
f 5689 5690 5691
f 5692 5693 5694
f 5695 5696 5697
f 5698 5699 5700
f 5701 5702 5703
f 5704 5705 5706
f 5707 5708 5709
f 5710 5711 5712
f 5713 5714 5715
f 5716 5717 5718
f 5719 5720 5721
f 5722 5723 5724
f 5725 5726 5727
f 5728 5729 5730
f 5731 5732 5733
f 5734 5735 5736
f 5737 5738 5739
f 5740 5741 5742
f 5743 5744 5745
f 5746 5747 5748
f 5749 5750 5751
f 5752 5753 5754
f 5755 5756 5757
f 5758 5759 5760
f 5761 5762 5763
f 5764 5765 5766
f 5767 5768 5769
f 5770 5771 5772
f 5773 5774 5775
f 5776 5777 5778
f 5779 5780 5781
f 5782 5783 5784
f 5785 5786 5787
f 5788 5789 5790
f 5791 5792 5793
f 5794 5795 5796
f 5797 5798 5799
f 5800 5801 5802
f 5803 5804 5805
f 5806 5807 5808
f 5809 5810 5811
f 5812 5813 5814
f 5815 5816 5817
f 5818 5819 5820
f 5821 5822 5823
f 5824 5825 5826
f 5827 5828 5829
f 5830 5831 5832
f 5833 5834 5835
f 5836 5837 5838
f 5839 5840 5841
f 5842 5843 5844
f 5845 5846 5847
f 5848 5849 5850
f 5851 5852 5853
f 5854 5855 5856
f 5857 5858 5859
f 5860 5861 5862
f 5863 5864 5865
f 5866 5867 5868
f 5869 5870 5871
f 5872 5873 5874
f 5875 5876 5877
f 5878 5879 5880
f 5881 5882 5883
f 5884 5885 5886
f 5887 5888 5889
f 5890 5891 5892
f 5893 5894 5895
f 5896 5897 5898
f 5899 5900 5901
f 5902 5903 5904
f 5905 5906 5907
f 5908 5909 5910
f 5911 5912 5913
f 5914 5915 5916
f 5917 5918 5919
f 5920 5921 5922
f 5923 5924 5925
f 5926 5927 5928
f 5929 5930 5931
f 5932 5933 5934
f 5935 5936 5937
f 5938 5939 5940
f 5941 5942 5943
f 5944 5945 5946
f 5947 5948 5949
f 5950 5951 5952
f 5953 5954 5955
f 5956 5957 5958
f 5959 5960 5961
f 5962 5963 5964
f 5965 5966 5967
f 5968 5969 5970
f 5971 5972 5973
f 5974 5975 5976
f 5977 5978 5979
f 5980 5981 5982
f 5983 5984 5985
f 5986 5987 5988
f 5989 5990 5991
f 5992 5993 5994
f 5995 5996 5997
f 5998 5999 6000
f 6001 6002 6003
f 6004 6005 6006
f 6007 6008 6009
f 6010 6011 6012
f 6013 6014 6015
f 6016 6017 6018
f 6019 6020 6021
f 6022 6023 6024
f 6025 6026 6027
f 6028 6029 6030
f 6031 6032 6033
f 6034 6035 6036
f 6037 6038 6039
f 6040 6041 6042
f 6043 6044 6045
f 6046 6047 6048
f 6049 6050 6051
f 6052 6053 6054
f 6055 6056 6057
f 6058 6059 6060
f 6061 6062 6063
f 6064 6065 6066
f 6067 6068 6069
f 6070 6071 6072
f 6073 6074 6075
f 6076 6077 6078
f 6079 6080 6081
f 6082 6083 6084
f 6085 6086 6087
f 6088 6089 6090
f 6091 6092 6093
f 6094 6095 6096
f 6097 6098 6099
f 6100 6101 6102
f 6103 6104 6105
f 6106 6107 6108
f 6109 6110 6111
f 6112 6113 6114
f 6115 6116 6117
f 6118 6119 6120
f 6121 6122 6123
f 6124 6125 6126
f 6127 6128 6129
f 6130 6131 6132
f 6133 6134 6135
f 6136 6137 6138
f 6139 6140 6141
f 6142 6143 6144
f 6145 6146 6147
f 6148 6149 6150
f 6151 6152 6153
f 6154 6155 6156
f 6157 6158 6159
f 6160 6161 6162
f 6163 6164 6165
f 6166 6167 6168
f 6169 6170 6171
f 6172 6173 6174
f 6175 6176 6177
f 6178 6179 6180
f 6181 6182 6183
f 6184 6185 6186
f 6187 6188 6189
f 6190 6191 6192
f 6193 6194 6195
f 6196 6197 6198
f 6199 6200 6201
f 6202 6203 6204
f 6205 6206 6207
f 6208 6209 6210
f 6211 6212 6213
f 6214 6215 6216
f 6217 6218 6219
f 6220 6221 6222
f 6223 6224 6225
f 6226 6227 6228
f 6229 6230 6231
f 6232 6233 6234
f 6235 6236 6237
f 6238 6239 6240
f 6241 6242 6243
f 6244 6245 6246
f 6247 6248 6249
f 6250 6251 6252
f 6253 6254 6255
f 6256 6257 6258
f 6259 6260 6261
f 6262 6263 6264
f 6265 6266 6267
f 6268 6269 6270
f 6271 6272 6273
f 6274 6275 6276
f 6277 6278 6279
f 6280 6281 6282
f 6283 6284 6285
f 6286 6287 6288
f 6289 6290 6291
f 6292 6293 6294
f 6295 6296 6297
f 6298 6299 6300
f 6301 6302 6303
f 6304 6305 6306
f 6307 6308 6309
f 6310 6311 6312
f 6313 6314 6315
f 6316 6317 6318
f 6319 6320 6321
f 6322 6323 6324
f 6325 6326 6327
f 6328 6329 6330
f 6331 6332 6333
f 6334 6335 6336
f 6337 6338 6339
f 6340 6341 6342
f 6343 6344 6345
f 6346 6347 6348
f 6349 6350 6351
f 6352 6353 6354
f 6355 6356 6357
f 6358 6359 6360
f 6361 6362 6363
f 6364 6365 6366
f 6367 6368 6369
f 6370 6371 6372
f 6373 6374 6375
f 6376 6377 6378
f 6379 6380 6381
f 6382 6383 6384
f 6385 6386 6387
f 6388 6389 6390
f 6391 6392 6393
f 6394 6395 6396
f 6397 6398 6399
f 6400 6401 6402
f 6403 6404 6405
f 6406 6407 6408
f 6409 6410 6411
f 6412 6413 6414
f 6415 6416 6417
f 6418 6419 6420
f 6421 6422 6423
f 6424 6425 6426
f 6427 6428 6429
f 6430 6431 6432
f 6433 6434 6435
f 6436 6437 6438
f 6439 6440 6441
f 6442 6443 6444
f 6445 6446 6447
f 6448 6449 6450
f 6451 6452 6453
f 6454 6455 6456
f 6457 6458 6459
f 6460 6461 6462
f 6463 6464 6465
f 6466 6467 6468
f 6469 6470 6471
f 6472 6473 6474
f 6475 6476 6477
f 6478 6479 6480
f 6481 6482 6483
f 6484 6485 6486
f 6487 6488 6489
f 6490 6491 6492
f 6493 6494 6495
f 6496 6497 6498
f 6499 6500 6501
f 6502 6503 6504
f 6505 6506 6507
f 6508 6509 6510
f 6511 6512 6513
f 6514 6515 6516
f 6517 6518 6519
f 6520 6521 6522
f 6523 6524 6525
f 6526 6527 6528
f 6529 6530 6531
f 6532 6533 6534
f 6535 6536 6537
f 6538 6539 6540
f 6541 6542 6543
f 6544 6545 6546
f 6547 6548 6549
f 6550 6551 6552
f 6553 6554 6555
f 6556 6557 6558
f 6559 6560 6561
f 6562 6563 6564
f 6565 6566 6567
f 6568 6569 6570
f 6571 6572 6573
f 6574 6575 6576
f 6577 6578 6579
f 6580 6581 6582
f 6583 6584 6585
f 6586 6587 6588
f 6589 6590 6591
f 6592 6593 6594
f 6595 6596 6597
f 6598 6599 6600
f 6601 6602 6603
f 6604 6605 6606
f 6607 6608 6609
f 6610 6611 6612
f 6613 6614 6615
f 6616 6617 6618
f 6619 6620 6621
f 6622 6623 6624
f 6625 6626 6627
f 6628 6629 6630
f 6631 6632 6633
f 6634 6635 6636
f 6637 6638 6639
f 6640 6641 6642
f 6643 6644 6645
f 6646 6647 6648
f 6649 6650 6651
f 6652 6653 6654
f 6655 6656 6657
f 6658 6659 6660
f 6661 6662 6663
f 6664 6665 6666
f 6667 6668 6669
f 6670 6671 6672
f 6673 6674 6675
f 6676 6677 6678
f 6679 6680 6681
f 6682 6683 6684
f 6685 6686 6687
f 6688 6689 6690
f 6691 6692 6693
f 6694 6695 6696
f 6697 6698 6699
f 6700 6701 6702
f 6703 6704 6705
f 6706 6707 6708
f 6709 6710 6711
f 6712 6713 6714
f 6715 6716 6717
f 6718 6719 6720
f 6721 6722 6723
f 6724 6725 6726
f 6727 6728 6729
f 6730 6731 6732
f 6733 6734 6735
f 6736 6737 6738
f 6739 6740 6741
f 6742 6743 6744
f 6745 6746 6747
f 6748 6749 6750
f 6751 6752 6753
f 6754 6755 6756
f 6757 6758 6759
f 6760 6761 6762
f 6763 6764 6765
f 6766 6767 6768
f 6769 6770 6771
f 6772 6773 6774
f 6775 6776 6777
f 6778 6779 6780
f 6781 6782 6783
f 6784 6785 6786
f 6787 6788 6789
f 6790 6791 6792
f 6793 6794 6795
f 6796 6797 6798
f 6799 6800 6801
f 6802 6803 6804
f 6805 6806 6807
f 6808 6809 6810
f 6811 6812 6813
f 6814 6815 6816
f 6817 6818 6819
f 6820 6821 6822
f 6823 6824 6825
f 6826 6827 6828
f 6829 6830 6831
f 6832 6833 6834
f 6835 6836 6837
f 6838 6839 6840
f 6841 6842 6843
f 6844 6845 6846
f 6847 6848 6849
f 6850 6851 6852
f 6853 6854 6855
f 6856 6857 6858
f 6859 6860 6861
f 6862 6863 6864
f 6865 6866 6867
f 6868 6869 6870
f 6871 6872 6873
f 6874 6875 6876
f 6877 6878 6879
f 6880 6881 6882
f 6883 6884 6885
f 6886 6887 6888
f 6889 6890 6891
f 6892 6893 6894
f 6895 6896 6897
f 6898 6899 6900
f 6901 6902 6903
f 6904 6905 6906
f 6907 6908 6909
f 6910 6911 6912
f 6913 6914 6915
f 6916 6917 6918
f 6919 6920 6921
f 6922 6923 6924
f 6925 6926 6927
f 6928 6929 6930
f 6931 6932 6933
f 6934 6935 6936
f 6937 6938 6939
f 6940 6941 6942
f 6943 6944 6945
f 6946 6947 6948
f 6949 6950 6951
f 6952 6953 6954
f 6955 6956 6957
f 6958 6959 6960
f 6961 6962 6963
f 6964 6965 6966
f 6967 6968 6969
f 6970 6971 6972
f 6973 6974 6975
f 6976 6977 6978
f 6979 6980 6981
f 6982 6983 6984
f 6985 6986 6987
f 6988 6989 6990
f 6991 6992 6993
f 6994 6995 6996
f 6997 6998 6999
f 7000 7001 7002
f 7003 7004 7005
f 7006 7007 7008
f 7009 7010 7011
f 7012 7013 7014
f 7015 7016 7017
f 7018 7019 7020
f 7021 7022 7023
f 7024 7025 7026
f 7027 7028 7029
f 7030 7031 7032
f 7033 7034 7035
f 7036 7037 7038
f 7039 7040 7041
f 7042 7043 7044
f 7045 7046 7047
f 7048 7049 7050
f 7051 7052 7053
f 7054 7055 7056
f 7057 7058 7059
f 7060 7061 7062
f 7063 7064 7065
f 7066 7067 7068
f 7069 7070 7071
f 7072 7073 7074
f 7075 7076 7077
f 7078 7079 7080
f 7081 7082 7083
f 7084 7085 7086
f 7087 7088 7089
f 7090 7091 7092
f 7093 7094 7095
f 7096 7097 7098
f 7099 7100 7101
f 7102 7103 7104
f 7105 7106 7107
f 7108 7109 7110
f 7111 7112 7113
f 7114 7115 7116
f 7117 7118 7119
f 7120 7121 7122
f 7123 7124 7125
f 7126 7127 7128
f 7129 7130 7131
f 7132 7133 7134
f 7135 7136 7137
f 7138 7139 7140
f 7141 7142 7143
f 7144 7145 7146
f 7147 7148 7149
f 7150 7151 7152
f 7153 7154 7155
f 7156 7157 7158
f 7159 7160 7161
f 7162 7163 7164
f 7165 7166 7167
f 7168 7169 7170
f 7171 7172 7173
f 7174 7175 7176
f 7177 7178 7179
f 7180 7181 7182
f 7183 7184 7185
f 7186 7187 7188
f 7189 7190 7191
f 7192 7193 7194
f 7195 7196 7197
f 7198 7199 7200
f 7201 7202 7203
f 7204 7205 7206
f 7207 7208 7209
f 7210 7211 7212
f 7213 7214 7215
f 7216 7217 7218
f 7219 7220 7221
f 7222 7223 7224
f 7225 7226 7227
f 7228 7229 7230
f 7231 7232 7233
f 7234 7235 7236
f 7237 7238 7239
f 7240 7241 7242
f 7243 7244 7245
f 7246 7247 7248
f 7249 7250 7251
f 7252 7253 7254
f 7255 7256 7257
f 7258 7259 7260
f 7261 7262 7263
f 7264 7265 7266
f 7267 7268 7269
f 7270 7271 7272
f 7273 7274 7275
f 7276 7277 7278
f 7279 7280 7281
f 7282 7283 7284
f 7285 7286 7287
f 7288 7289 7290
f 7291 7292 7293
f 7294 7295 7296
f 7297 7298 7299
f 7300 7301 7302
f 7303 7304 7305
f 7306 7307 7308
f 7309 7310 7311
f 7312 7313 7314
f 7315 7316 7317
f 7318 7319 7320
f 7321 7322 7323
f 7324 7325 7326
f 7327 7328 7329
f 7330 7331 7332
f 7333 7334 7335
f 7336 7337 7338
f 7339 7340 7341
f 7342 7343 7344
f 7345 7346 7347
f 7348 7349 7350
f 7351 7352 7353
f 7354 7355 7356
f 7357 7358 7359
f 7360 7361 7362
f 7363 7364 7365
f 7366 7367 7368
f 7369 7370 7371
f 7372 7373 7374
f 7375 7376 7377
f 7378 7379 7380
f 7381 7382 7383
f 7384 7385 7386
f 7387 7388 7389
f 7390 7391 7392
f 7393 7394 7395
f 7396 7397 7398
f 7399 7400 7401
f 7402 7403 7404
f 7405 7406 7407
f 7408 7409 7410
f 7411 7412 7413
f 7414 7415 7416
f 7417 7418 7419
f 7420 7421 7422
f 7423 7424 7425
f 7426 7427 7428
f 7429 7430 7431
f 7432 7433 7434
f 7435 7436 7437
f 7438 7439 7440
f 7441 7442 7443
f 7444 7445 7446
f 7447 7448 7449
f 7450 7451 7452
f 7453 7454 7455
f 7456 7457 7458
f 7459 7460 7461
f 7462 7463 7464
f 7465 7466 7467
f 7468 7469 7470
f 7471 7472 7473
f 7474 7475 7476
f 7477 7478 7479
f 7480 7481 7482
f 7483 7484 7485
f 7486 7487 7488
f 7489 7490 7491
f 7492 7493 7494
f 7495 7496 7497
f 7498 7499 7500
f 7501 7502 7503
f 7504 7505 7506
f 7507 7508 7509
f 7510 7511 7512
f 7513 7514 7515
f 7516 7517 7518
f 7519 7520 7521
f 7522 7523 7524
f 7525 7526 7527
f 7528 7529 7530
f 7531 7532 7533
f 7534 7535 7536
f 7537 7538 7539
f 7540 7541 7542
f 7543 7544 7545
f 7546 7547 7548
f 7549 7550 7551
f 7552 7553 7554
f 7555 7556 7557
f 7558 7559 7560
f 7561 7562 7563
f 7564 7565 7566
f 7567 7568 7569
f 7570 7571 7572
f 7573 7574 7575
f 7576 7577 7578
f 7579 7580 7581
f 7582 7583 7584
f 7585 7586 7587
f 7588 7589 7590
f 7591 7592 7593
f 7594 7595 7596
f 7597 7598 7599
f 7600 7601 7602
f 7603 7604 7605
f 7606 7607 7608
f 7609 7610 7611
f 7612 7613 7614
f 7615 7616 7617
f 7618 7619 7620
f 7621 7622 7623
f 7624 7625 7626
f 7627 7628 7629
f 7630 7631 7632
f 7633 7634 7635
f 7636 7637 7638
f 7639 7640 7641
f 7642 7643 7644
f 7645 7646 7647
f 7648 7649 7650
f 7651 7652 7653
f 7654 7655 7656
f 7657 7658 7659
f 7660 7661 7662
f 7663 7664 7665
f 7666 7667 7668
f 7669 7670 7671
f 7672 7673 7674
f 7675 7676 7677
f 7678 7679 7680
f 7681 7682 7683
f 7684 7685 7686
f 7687 7688 7689
f 7690 7691 7692
f 7693 7694 7695
f 7696 7697 7698
f 7699 7700 7701
f 7702 7703 7704
f 7705 7706 7707
f 7708 7709 7710
f 7711 7712 7713
f 7714 7715 7716
f 7717 7718 7719
f 7720 7721 7722
f 7723 7724 7725
f 7726 7727 7728
f 7729 7730 7731
f 7732 7733 7734
f 7735 7736 7737
f 7738 7739 7740
f 7741 7742 7743
f 7744 7745 7746
f 7747 7748 7749
f 7750 7751 7752
f 7753 7754 7755
f 7756 7757 7758
f 7759 7760 7761
f 7762 7763 7764
f 7765 7766 7767
f 7768 7769 7770
f 7771 7772 7773
f 7774 7775 7776
f 7777 7778 7779
f 7780 7781 7782
f 7783 7784 7785
f 7786 7787 7788
f 7789 7790 7791
f 7792 7793 7794
f 7795 7796 7797
f 7798 7799 7800
f 7801 7802 7803
f 7804 7805 7806
f 7807 7808 7809
f 7810 7811 7812
f 7813 7814 7815
f 7816 7817 7818
f 7819 7820 7821
f 7822 7823 7824
f 7825 7826 7827
f 7828 7829 7830
f 7831 7832 7833
f 7834 7835 7836
f 7837 7838 7839
f 7840 7841 7842
f 7843 7844 7845
f 7846 7847 7848
f 7849 7850 7851
f 7852 7853 7854
f 7855 7856 7857
f 7858 7859 7860
f 7861 7862 7863
f 7864 7865 7866
f 7867 7868 7869
f 7870 7871 7872
f 7873 7874 7875
f 7876 7877 7878
f 7879 7880 7881
f 7882 7883 7884
f 7885 7886 7887
f 7888 7889 7890
f 7891 7892 7893
f 7894 7895 7896
f 7897 7898 7899
f 7900 7901 7902
f 7903 7904 7905
f 7906 7907 7908
f 7909 7910 7911
f 7912 7913 7914
f 7915 7916 7917
f 7918 7919 7920
f 7921 7922 7923
f 7924 7925 7926
f 7927 7928 7929
f 7930 7931 7932
f 7933 7934 7935
f 7936 7937 7938
f 7939 7940 7941
f 7942 7943 7944
f 7945 7946 7947
f 7948 7949 7950
f 7951 7952 7953
f 7954 7955 7956
f 7957 7958 7959
f 7960 7961 7962
f 7963 7964 7965
f 7966 7967 7968
f 7969 7970 7971
f 7972 7973 7974
f 7975 7976 7977
f 7978 7979 7980
f 7981 7982 7983
f 7984 7985 7986
f 7987 7988 7989
f 7990 7991 7992
f 7993 7994 7995
f 7996 7997 7998
f 7999 8000 8001
f 8002 8003 8004
f 8005 8006 8007
f 8008 8009 8010
f 8011 8012 8013
f 8014 8015 8016
f 8017 8018 8019
f 8020 8021 8022
f 8023 8024 8025
f 8026 8027 8028
f 8029 8030 8031
f 8032 8033 8034
f 8035 8036 8037
f 8038 8039 8040
f 8041 8042 8043
f 8044 8045 8046
f 8047 8048 8049
f 8050 8051 8052
f 8053 8054 8055
f 8056 8057 8058
f 8059 8060 8061
f 8062 8063 8064
f 8065 8066 8067
f 8068 8069 8070
f 8071 8072 8073
f 8074 8075 8076
f 8077 8078 8079
f 8080 8081 8082
f 8083 8084 8085
f 8086 8087 8088
f 8089 8090 8091
f 8092 8093 8094
f 8095 8096 8097
f 8098 8099 8100
f 8101 8102 8103
f 8104 8105 8106
f 8107 8108 8109
f 8110 8111 8112
f 8113 8114 8115
f 8116 8117 8118
f 8119 8120 8121
f 8122 8123 8124
f 8125 8126 8127
f 8128 8129 8130
f 8131 8132 8133
f 8134 8135 8136
f 8137 8138 8139
f 8140 8141 8142
f 8143 8144 8145
f 8146 8147 8148
f 8149 8150 8151
f 8152 8153 8154
f 8155 8156 8157
f 8158 8159 8160
f 8161 8162 8163
f 8164 8165 8166
f 8167 8168 8169
f 8170 8171 8172
f 8173 8174 8175
f 8176 8177 8178
f 8179 8180 8181
f 8182 8183 8184
f 8185 8186 8187
f 8188 8189 8190
f 8191 8192 8193
f 8194 8195 8196
f 8197 8198 8199
f 8200 8201 8202
f 8203 8204 8205
f 8206 8207 8208
f 8209 8210 8211
f 8212 8213 8214
f 8215 8216 8217
f 8218 8219 8220
f 8221 8222 8223
f 8224 8225 8226
f 8227 8228 8229
f 8230 8231 8232
f 8233 8234 8235
f 8236 8237 8238
f 8239 8240 8241
f 8242 8243 8244
f 8245 8246 8247
f 8248 8249 8250
f 8251 8252 8253
f 8254 8255 8256
f 8257 8258 8259
f 8260 8261 8262
f 8263 8264 8265
f 8266 8267 8268
f 8269 8270 8271
f 8272 8273 8274
f 8275 8276 8277
f 8278 8279 8280
f 8281 8282 8283
f 8284 8285 8286
f 8287 8288 8289
f 8290 8291 8292
f 8293 8294 8295
f 8296 8297 8298
f 8299 8300 8301
f 8302 8303 8304
f 8305 8306 8307
f 8308 8309 8310
f 8311 8312 8313
f 8314 8315 8316
f 8317 8318 8319
f 8320 8321 8322
f 8323 8324 8325
f 8326 8327 8328
f 8329 8330 8331
f 8332 8333 8334
f 8335 8336 8337
f 8338 8339 8340
f 8341 8342 8343
f 8344 8345 8346
f 8347 8348 8349
f 8350 8351 8352
f 8353 8354 8355
f 8356 8357 8358
f 8359 8360 8361
f 8362 8363 8364
f 8365 8366 8367
f 8368 8369 8370
f 8371 8372 8373
f 8374 8375 8376
f 8377 8378 8379
f 8380 8381 8382
f 8383 8384 8385
f 8386 8387 8388
f 8389 8390 8391
f 8392 8393 8394
f 8395 8396 8397
f 8398 8399 8400
f 8401 8402 8403
f 8404 8405 8406
f 8407 8408 8409
f 8410 8411 8412
f 8413 8414 8415
f 8416 8417 8418
f 8419 8420 8421
f 8422 8423 8424
f 8425 8426 8427
f 8428 8429 8430
f 8431 8432 8433
f 8434 8435 8436
f 8437 8438 8439
f 8440 8441 8442
f 8443 8444 8445
f 8446 8447 8448
f 8449 8450 8451
f 8452 8453 8454
f 8455 8456 8457
f 8458 8459 8460
f 8461 8462 8463
f 8464 8465 8466
f 8467 8468 8469
f 8470 8471 8472
f 8473 8474 8475
f 8476 8477 8478
f 8479 8480 8481
f 8482 8483 8484
f 8485 8486 8487
f 8488 8489 8490
f 8491 8492 8493
f 8494 8495 8496
f 8497 8498 8499
f 8500 8501 8502
f 8503 8504 8505
f 8506 8507 8508
f 8509 8510 8511
f 8512 8513 8514
f 8515 8516 8517
f 8518 8519 8520
f 8521 8522 8523
f 8524 8525 8526
f 8527 8528 8529
f 8530 8531 8532
f 8533 8534 8535
f 8536 8537 8538
f 8539 8540 8541
f 8542 8543 8544
f 8545 8546 8547
f 8548 8549 8550
f 8551 8552 8553
f 8554 8555 8556
f 8557 8558 8559
f 8560 8561 8562
f 8563 8564 8565
f 8566 8567 8568
f 8569 8570 8571
f 8572 8573 8574
f 8575 8576 8577
f 8578 8579 8580
f 8581 8582 8583
f 8584 8585 8586
f 8587 8588 8589
f 8590 8591 8592
f 8593 8594 8595
f 8596 8597 8598
f 8599 8600 8601
f 8602 8603 8604
f 8605 8606 8607
f 8608 8609 8610
f 8611 8612 8613
f 8614 8615 8616
f 8617 8618 8619
f 8620 8621 8622
f 8623 8624 8625
f 8626 8627 8628
f 8629 8630 8631
f 8632 8633 8634
f 8635 8636 8637
f 8638 8639 8640
f 8641 8642 8643
f 8644 8645 8646
f 8647 8648 8649
f 8650 8651 8652
f 8653 8654 8655
f 8656 8657 8658
f 8659 8660 8661
f 8662 8663 8664
f 8665 8666 8667
f 8668 8669 8670
f 8671 8672 8673
f 8674 8675 8676
f 8677 8678 8679
f 8680 8681 8682
f 8683 8684 8685
f 8686 8687 8688
f 8689 8690 8691
f 8692 8693 8694
f 8695 8696 8697
f 8698 8699 8700
f 8701 8702 8703
f 8704 8705 8706
f 8707 8708 8709
f 8710 8711 8712
f 8713 8714 8715
f 8716 8717 8718
f 8719 8720 8721
f 8722 8723 8724
f 8725 8726 8727
f 8728 8729 8730
f 8731 8732 8733
f 8734 8735 8736
f 8737 8738 8739
f 8740 8741 8742
f 8743 8744 8745
f 8746 8747 8748
f 8749 8750 8751
f 8752 8753 8754
f 8755 8756 8757
f 8758 8759 8760
f 8761 8762 8763
f 8764 8765 8766
f 8767 8768 8769
f 8770 8771 8772
f 8773 8774 8775
f 8776 8777 8778
f 8779 8780 8781
f 8782 8783 8784
f 8785 8786 8787
f 8788 8789 8790
f 8791 8792 8793
f 8794 8795 8796
f 8797 8798 8799
f 8800 8801 8802
f 8803 8804 8805
f 8806 8807 8808
f 8809 8810 8811
f 8812 8813 8814
f 8815 8816 8817
f 8818 8819 8820
f 8821 8822 8823
f 8824 8825 8826
f 8827 8828 8829
f 8830 8831 8832
f 8833 8834 8835
f 8836 8837 8838
f 8839 8840 8841
f 8842 8843 8844
f 8845 8846 8847
f 8848 8849 8850
f 8851 8852 8853
f 8854 8855 8856
f 8857 8858 8859
f 8860 8861 8862
f 8863 8864 8865
f 8866 8867 8868
f 8869 8870 8871
f 8872 8873 8874
f 8875 8876 8877
f 8878 8879 8880
f 8881 8882 8883
f 8884 8885 8886
f 8887 8888 8889
f 8890 8891 8892
f 8893 8894 8895
f 8896 8897 8898
f 8899 8900 8901
f 8902 8903 8904
f 8905 8906 8907
f 8908 8909 8910
f 8911 8912 8913
f 8914 8915 8916
f 8917 8918 8919
f 8920 8921 8922
f 8923 8924 8925
f 8926 8927 8928
f 8929 8930 8931
f 8932 8933 8934
f 8935 8936 8937
f 8938 8939 8940
f 8941 8942 8943
f 8944 8945 8946
f 8947 8948 8949
f 8950 8951 8952
f 8953 8954 8955
f 8956 8957 8958
f 8959 8960 8961
f 8962 8963 8964
f 8965 8966 8967
f 8968 8969 8970
f 8971 8972 8973
f 8974 8975 8976
f 8977 8978 8979
f 8980 8981 8982
f 8983 8984 8985
f 8986 8987 8988
f 8989 8990 8991
f 8992 8993 8994
f 8995 8996 8997
f 8998 8999 9000
f 9001 9002 9003
f 9004 9005 9006
f 9007 9008 9009
f 9010 9011 9012
f 9013 9014 9015
f 9016 9017 9018
f 9019 9020 9021
f 9022 9023 9024
f 9025 9026 9027
f 9028 9029 9030
f 9031 9032 9033
f 9034 9035 9036
f 9037 9038 9039
f 9040 9041 9042
f 9043 9044 9045
f 9046 9047 9048
f 9049 9050 9051
f 9052 9053 9054
f 9055 9056 9057
f 9058 9059 9060
f 9061 9062 9063
f 9064 9065 9066
f 9067 9068 9069
f 9070 9071 9072
f 9073 9074 9075
f 9076 9077 9078
f 9079 9080 9081
f 9082 9083 9084
f 9085 9086 9087
f 9088 9089 9090
f 9091 9092 9093
f 9094 9095 9096
f 9097 9098 9099
f 9100 9101 9102
f 9103 9104 9105
f 9106 9107 9108
f 9109 9110 9111
f 9112 9113 9114
f 9115 9116 9117
f 9118 9119 9120
f 9121 9122 9123
f 9124 9125 9126
f 9127 9128 9129
f 9130 9131 9132
f 9133 9134 9135
f 9136 9137 9138
f 9139 9140 9141
f 9142 9143 9144
f 9145 9146 9147
f 9148 9149 9150
f 9151 9152 9153
f 9154 9155 9156
f 9157 9158 9159
f 9160 9161 9162
f 9163 9164 9165
f 9166 9167 9168
f 9169 9170 9171
f 9172 9173 9174
f 9175 9176 9177
f 9178 9179 9180
f 9181 9182 9183
f 9184 9185 9186
f 9187 9188 9189
f 9190 9191 9192
f 9193 9194 9195
f 9196 9197 9198
f 9199 9200 9201
f 9202 9203 9204
f 9205 9206 9207
f 9208 9209 9210
f 9211 9212 9213
f 9214 9215 9216
f 9217 9218 9219
f 9220 9221 9222
f 9223 9224 9225
f 9226 9227 9228
f 9229 9230 9231
f 9232 9233 9234
f 9235 9236 9237
f 9238 9239 9240
f 9241 9242 9243
f 9244 9245 9246
f 9247 9248 9249
f 9250 9251 9252
f 9253 9254 9255
f 9256 9257 9258
f 9259 9260 9261
f 9262 9263 9264
f 9265 9266 9267
f 9268 9269 9270
f 9271 9272 9273
f 9274 9275 9276
f 9277 9278 9279
f 9280 9281 9282
f 9283 9284 9285
f 9286 9287 9288
f 9289 9290 9291
f 9292 9293 9294
f 9295 9296 9297
f 9298 9299 9300
f 9301 9302 9303
f 9304 9305 9306
f 9307 9308 9309
f 9310 9311 9312
f 9313 9314 9315
f 9316 9317 9318
f 9319 9320 9321
f 9322 9323 9324
f 9325 9326 9327
f 9328 9329 9330
f 9331 9332 9333
f 9334 9335 9336
f 9337 9338 9339
f 9340 9341 9342
f 9343 9344 9345
f 9346 9347 9348
f 9349 9350 9351
f 9352 9353 9354
f 9355 9356 9357
f 9358 9359 9360
f 9361 9362 9363
f 9364 9365 9366
f 9367 9368 9369
f 9370 9371 9372
f 9373 9374 9375
f 9376 9377 9378
f 9379 9380 9381
f 9382 9383 9384
f 9385 9386 9387
f 9388 9389 9390
f 9391 9392 9393
f 9394 9395 9396
f 9397 9398 9399
f 9400 9401 9402
f 9403 9404 9405
f 9406 9407 9408
f 9409 9410 9411
f 9412 9413 9414
f 9415 9416 9417
f 9418 9419 9420
f 9421 9422 9423
f 9424 9425 9426
f 9427 9428 9429
f 9430 9431 9432
f 9433 9434 9435
f 9436 9437 9438
f 9439 9440 9441
f 9442 9443 9444
f 9445 9446 9447
f 9448 9449 9450
f 9451 9452 9453
f 9454 9455 9456
f 9457 9458 9459
f 9460 9461 9462
f 9463 9464 9465
f 9466 9467 9468
f 9469 9470 9471
f 9472 9473 9474
f 9475 9476 9477
f 9478 9479 9480
f 9481 9482 9483
f 9484 9485 9486
f 9487 9488 9489
f 9490 9491 9492
f 9493 9494 9495
f 9496 9497 9498
f 9499 9500 9501
f 9502 9503 9504
f 9505 9506 9507
f 9508 9509 9510
f 9511 9512 9513
f 9514 9515 9516
f 9517 9518 9519
f 9520 9521 9522
f 9523 9524 9525
f 9526 9527 9528
f 9529 9530 9531
f 9532 9533 9534
f 9535 9536 9537
f 9538 9539 9540
f 9541 9542 9543
f 9544 9545 9546
f 9547 9548 9549
f 9550 9551 9552
f 9553 9554 9555
f 9556 9557 9558
f 9559 9560 9561
f 9562 9563 9564
f 9565 9566 9567
f 9568 9569 9570
f 9571 9572 9573
f 9574 9575 9576
f 9577 9578 9579
f 9580 9581 9582
f 9583 9584 9585
f 9586 9587 9588
f 9589 9590 9591
f 9592 9593 9594
f 9595 9596 9597
f 9598 9599 9600
f 9601 9602 9603
f 9604 9605 9606
f 9607 9608 9609
f 9610 9611 9612
f 9613 9614 9615
f 9616 9617 9618
f 9619 9620 9621
f 9622 9623 9624
f 9625 9626 9627
f 9628 9629 9630
f 9631 9632 9633
f 9634 9635 9636
f 9637 9638 9639
f 9640 9641 9642
f 9643 9644 9645
f 9646 9647 9648
f 9649 9650 9651
f 9652 9653 9654
f 9655 9656 9657
f 9658 9659 9660
f 9661 9662 9663
f 9664 9665 9666
f 9667 9668 9669
f 9670 9671 9672
f 9673 9674 9675
f 9676 9677 9678
f 9679 9680 9681
f 9682 9683 9684
f 9685 9686 9687
f 9688 9689 9690
f 9691 9692 9693
f 9694 9695 9696
f 9697 9698 9699
f 9700 9701 9702
f 9703 9704 9705
f 9706 9707 9708
f 9709 9710 9711
f 9712 9713 9714
f 9715 9716 9717
f 9718 9719 9720
f 9721 9722 9723
f 9724 9725 9726
f 9727 9728 9729
f 9730 9731 9732
f 9733 9734 9735
f 9736 9737 9738
f 9739 9740 9741
f 9742 9743 9744
f 9745 9746 9747
f 9748 9749 9750
f 9751 9752 9753
f 9754 9755 9756
f 9757 9758 9759
f 9760 9761 9762
f 9763 9764 9765
f 9766 9767 9768
f 9769 9770 9771
f 9772 9773 9774
f 9775 9776 9777
f 9778 9779 9780
f 9781 9782 9783
f 9784 9785 9786
f 9787 9788 9789
f 9790 9791 9792
f 9793 9794 9795
f 9796 9797 9798
f 9799 9800 9801
f 9802 9803 9804
f 9805 9806 9807
f 9808 9809 9810
f 9811 9812 9813
f 9814 9815 9816
f 9817 9818 9819
f 9820 9821 9822
f 9823 9824 9825
f 9826 9827 9828
f 9829 9830 9831
f 9832 9833 9834
f 9835 9836 9837
f 9838 9839 9840
f 9841 9842 9843
f 9844 9845 9846
f 9847 9848 9849
f 9850 9851 9852
f 9853 9854 9855
f 9856 9857 9858
f 9859 9860 9861
f 9862 9863 9864
f 9865 9866 9867
f 9868 9869 9870
f 9871 9872 9873
f 9874 9875 9876
f 9877 9878 9879
f 9880 9881 9882
f 9883 9884 9885
f 9886 9887 9888
f 9889 9890 9891
f 9892 9893 9894
f 9895 9896 9897
f 9898 9899 9900
f 9901 9902 9903
f 9904 9905 9906
f 9907 9908 9909
f 9910 9911 9912
f 9913 9914 9915
f 9916 9917 9918
f 9919 9920 9921
f 9922 9923 9924
f 9925 9926 9927
f 9928 9929 9930
f 9931 9932 9933
f 9934 9935 9936
f 9937 9938 9939
f 9940 9941 9942
f 9943 9944 9945
f 9946 9947 9948
f 9949 9950 9951
f 9952 9953 9954
f 9955 9956 9957
f 9958 9959 9960
f 9961 9962 9963
f 9964 9965 9966
f 9967 9968 9969
f 9970 9971 9972
f 9973 9974 9975
f 9976 9977 9978
f 9979 9980 9981
f 9982 9983 9984
f 9985 9986 9987
f 9988 9989 9990
f 9991 9992 9993
f 9994 9995 9996
f 9997 9998 9999
f 10000 10001 10002
f 10003 10004 10005
f 10006 10007 10008
f 10009 10010 10011
f 10012 10013 10014
f 10015 10016 10017
f 10018 10019 10020
f 10021 10022 10023
f 10024 10025 10026
f 10027 10028 10029
f 10030 10031 10032
f 10033 10034 10035
f 10036 10037 10038
f 10039 10040 10041
f 10042 10043 10044
f 10045 10046 10047
f 10048 10049 10050
f 10051 10052 10053
f 10054 10055 10056
f 10057 10058 10059
f 10060 10061 10062
f 10063 10064 10065
f 10066 10067 10068
f 10069 10070 10071
f 10072 10073 10074
f 10075 10076 10077
f 10078 10079 10080
f 10081 10082 10083
f 10084 10085 10086
f 10087 10088 10089
f 10090 10091 10092
f 10093 10094 10095
f 10096 10097 10098
f 10099 10100 10101
f 10102 10103 10104
f 10105 10106 10107
f 10108 10109 10110
f 10111 10112 10113
f 10114 10115 10116
f 10117 10118 10119
f 10120 10121 10122
f 10123 10124 10125
f 10126 10127 10128
f 10129 10130 10131
f 10132 10133 10134
f 10135 10136 10137
f 10138 10139 10140
f 10141 10142 10143
f 10144 10145 10146
f 10147 10148 10149
f 10150 10151 10152
f 10153 10154 10155
f 10156 10157 10158
f 10159 10160 10161
f 10162 10163 10164
f 10165 10166 10167
f 10168 10169 10170
f 10171 10172 10173
f 10174 10175 10176
f 10177 10178 10179
f 10180 10181 10182
f 10183 10184 10185
f 10186 10187 10188
f 10189 10190 10191
f 10192 10193 10194
f 10195 10196 10197
f 10198 10199 10200
f 10201 10202 10203
f 10204 10205 10206
f 10207 10208 10209
f 10210 10211 10212
f 10213 10214 10215
f 10216 10217 10218
f 10219 10220 10221
f 10222 10223 10224
f 10225 10226 10227
f 10228 10229 10230
f 10231 10232 10233
f 10234 10235 10236
f 10237 10238 10239
f 10240 10241 10242
f 10243 10244 10245
f 10246 10247 10248
f 10249 10250 10251
f 10252 10253 10254
f 10255 10256 10257
f 10258 10259 10260
f 10261 10262 10263
f 10264 10265 10266
f 10267 10268 10269
f 10270 10271 10272
f 10273 10274 10275
f 10276 10277 10278
f 10279 10280 10281
f 10282 10283 10284
f 10285 10286 10287
f 10288 10289 10290
f 10291 10292 10293
f 10294 10295 10296
f 10297 10298 10299
f 10300 10301 10302
f 10303 10304 10305
f 10306 10307 10308
f 10309 10310 10311
f 10312 10313 10314
f 10315 10316 10317
f 10318 10319 10320
f 10321 10322 10323
f 10324 10325 10326
f 10327 10328 10329
f 10330 10331 10332
f 10333 10334 10335
f 10336 10337 10338
f 10339 10340 10341
f 10342 10343 10344
f 10345 10346 10347
f 10348 10349 10350
f 10351 10352 10353
f 10354 10355 10356
f 10357 10358 10359
f 10360 10361 10362
f 10363 10364 10365
f 10366 10367 10368
f 10369 10370 10371
f 10372 10373 10374
f 10375 10376 10377
f 10378 10379 10380
f 10381 10382 10383
f 10384 10385 10386
f 10387 10388 10389
f 10390 10391 10392
f 10393 10394 10395
f 10396 10397 10398
f 10399 10400 10401
f 10402 10403 10404
f 10405 10406 10407
f 10408 10409 10410
f 10411 10412 10413
f 10414 10415 10416
f 10417 10418 10419
f 10420 10421 10422
f 10423 10424 10425
f 10426 10427 10428
f 10429 10430 10431
f 10432 10433 10434
f 10435 10436 10437
f 10438 10439 10440
f 10441 10442 10443
f 10444 10445 10446
f 10447 10448 10449
f 10450 10451 10452
f 10453 10454 10455
f 10456 10457 10458
f 10459 10460 10461
f 10462 10463 10464
f 10465 10466 10467
f 10468 10469 10470
f 10471 10472 10473
f 10474 10475 10476
f 10477 10478 10479
f 10480 10481 10482
f 10483 10484 10485
f 10486 10487 10488
f 10489 10490 10491
f 10492 10493 10494
f 10495 10496 10497
f 10498 10499 10500
f 10501 10502 10503
f 10504 10505 10506
f 10507 10508 10509
f 10510 10511 10512
f 10513 10514 10515
f 10516 10517 10518
f 10519 10520 10521
f 10522 10523 10524
f 10525 10526 10527
f 10528 10529 10530
f 10531 10532 10533
f 10534 10535 10536
f 10537 10538 10539
f 10540 10541 10542
f 10543 10544 10545
f 10546 10547 10548
f 10549 10550 10551
f 10552 10553 10554
f 10555 10556 10557
f 10558 10559 10560
f 10561 10562 10563
f 10564 10565 10566
f 10567 10568 10569
f 10570 10571 10572
f 10573 10574 10575
f 10576 10577 10578
f 10579 10580 10581
f 10582 10583 10584
f 10585 10586 10587
f 10588 10589 10590
f 10591 10592 10593
f 10594 10595 10596
f 10597 10598 10599
f 10600 10601 10602
f 10603 10604 10605
f 10606 10607 10608
f 10609 10610 10611
f 10612 10613 10614
f 10615 10616 10617
f 10618 10619 10620
f 10621 10622 10623
f 10624 10625 10626
f 10627 10628 10629
f 10630 10631 10632
f 10633 10634 10635
f 10636 10637 10638
f 10639 10640 10641
f 10642 10643 10644
f 10645 10646 10647
f 10648 10649 10650
f 10651 10652 10653
f 10654 10655 10656
f 10657 10658 10659
f 10660 10661 10662
f 10663 10664 10665
f 10666 10667 10668
f 10669 10670 10671
f 10672 10673 10674
f 10675 10676 10677
f 10678 10679 10680
f 10681 10682 10683
f 10684 10685 10686
f 10687 10688 10689
f 10690 10691 10692
f 10693 10694 10695
f 10696 10697 10698
f 10699 10700 10701
f 10702 10703 10704
f 10705 10706 10707
f 10708 10709 10710
f 10711 10712 10713
f 10714 10715 10716
f 10717 10718 10719
f 10720 10721 10722
f 10723 10724 10725
f 10726 10727 10728
f 10729 10730 10731
f 10732 10733 10734
f 10735 10736 10737
f 10738 10739 10740
f 10741 10742 10743
f 10744 10745 10746
f 10747 10748 10749
f 10750 10751 10752
f 10753 10754 10755
f 10756 10757 10758
f 10759 10760 10761
f 10762 10763 10764
f 10765 10766 10767
f 10768 10769 10770
f 10771 10772 10773
f 10774 10775 10776
f 10777 10778 10779
f 10780 10781 10782
f 10783 10784 10785
f 10786 10787 10788
f 10789 10790 10791
f 10792 10793 10794
f 10795 10796 10797
f 10798 10799 10800
f 10801 10802 10803
f 10804 10805 10806
f 10807 10808 10809
f 10810 10811 10812
f 10813 10814 10815
f 10816 10817 10818
f 10819 10820 10821
f 10822 10823 10824
f 10825 10826 10827
f 10828 10829 10830
f 10831 10832 10833
f 10834 10835 10836
f 10837 10838 10839
f 10840 10841 10842
f 10843 10844 10845
f 10846 10847 10848
f 10849 10850 10851
f 10852 10853 10854
f 10855 10856 10857
f 10858 10859 10860
f 10861 10862 10863
f 10864 10865 10866
f 10867 10868 10869
f 10870 10871 10872
f 10873 10874 10875
f 10876 10877 10878
f 10879 10880 10881
f 10882 10883 10884
f 10885 10886 10887
f 10888 10889 10890
f 10891 10892 10893
f 10894 10895 10896
f 10897 10898 10899
f 10900 10901 10902
f 10903 10904 10905
f 10906 10907 10908
f 10909 10910 10911
f 10912 10913 10914
f 10915 10916 10917
f 10918 10919 10920
f 10921 10922 10923
f 10924 10925 10926
f 10927 10928 10929
f 10930 10931 10932
f 10933 10934 10935
f 10936 10937 10938
f 10939 10940 10941
f 10942 10943 10944
f 10945 10946 10947
f 10948 10949 10950
f 10951 10952 10953
f 10954 10955 10956
f 10957 10958 10959
f 10960 10961 10962
f 10963 10964 10965
f 10966 10967 10968
f 10969 10970 10971
f 10972 10973 10974
f 10975 10976 10977
f 10978 10979 10980
f 10981 10982 10983
f 10984 10985 10986
f 10987 10988 10989
f 10990 10991 10992
f 10993 10994 10995
f 10996 10997 10998
f 10999 11000 11001
f 11002 11003 11004
f 11005 11006 11007
f 11008 11009 11010
f 11011 11012 11013
f 11014 11015 11016
f 11017 11018 11019
f 11020 11021 11022
f 11023 11024 11025
f 11026 11027 11028
f 11029 11030 11031
f 11032 11033 11034
f 11035 11036 11037
f 11038 11039 11040
f 11041 11042 11043
f 11044 11045 11046
f 11047 11048 11049
f 11050 11051 11052
f 11053 11054 11055
f 11056 11057 11058
f 11059 11060 11061
f 11062 11063 11064
f 11065 11066 11067
f 11068 11069 11070
f 11071 11072 11073
f 11074 11075 11076
f 11077 11078 11079
f 11080 11081 11082
f 11083 11084 11085
f 11086 11087 11088
f 11089 11090 11091
f 11092 11093 11094
f 11095 11096 11097
f 11098 11099 11100
f 11101 11102 11103
f 11104 11105 11106
f 11107 11108 11109
f 11110 11111 11112
f 11113 11114 11115
f 11116 11117 11118
f 11119 11120 11121
f 11122 11123 11124
f 11125 11126 11127
f 11128 11129 11130
f 11131 11132 11133
f 11134 11135 11136
f 11137 11138 11139
f 11140 11141 11142
f 11143 11144 11145
f 11146 11147 11148
f 11149 11150 11151
f 11152 11153 11154
f 11155 11156 11157
f 11158 11159 11160
f 11161 11162 11163
f 11164 11165 11166
f 11167 11168 11169
f 11170 11171 11172
f 11173 11174 11175
f 11176 11177 11178
f 11179 11180 11181
f 11182 11183 11184
f 11185 11186 11187
f 11188 11189 11190
f 11191 11192 11193
f 11194 11195 11196
f 11197 11198 11199
f 11200 11201 11202
f 11203 11204 11205
f 11206 11207 11208
f 11209 11210 11211
f 11212 11213 11214
f 11215 11216 11217
f 11218 11219 11220
f 11221 11222 11223
f 11224 11225 11226
f 11227 11228 11229
f 11230 11231 11232
f 11233 11234 11235
f 11236 11237 11238
f 11239 11240 11241
f 11242 11243 11244
f 11245 11246 11247
f 11248 11249 11250
f 11251 11252 11253
f 11254 11255 11256
f 11257 11258 11259
f 11260 11261 11262
f 11263 11264 11265
f 11266 11267 11268
f 11269 11270 11271
f 11272 11273 11274
f 11275 11276 11277
f 11278 11279 11280
f 11281 11282 11283
f 11284 11285 11286
f 11287 11288 11289
f 11290 11291 11292
f 11293 11294 11295
f 11296 11297 11298
f 11299 11300 11301
f 11302 11303 11304
f 11305 11306 11307
f 11308 11309 11310
f 11311 11312 11313
f 11314 11315 11316
f 11317 11318 11319
f 11320 11321 11322
f 11323 11324 11325
f 11326 11327 11328
f 11329 11330 11331
f 11332 11333 11334
f 11335 11336 11337
f 11338 11339 11340
f 11341 11342 11343
f 11344 11345 11346
f 11347 11348 11349
f 11350 11351 11352
f 11353 11354 11355
f 11356 11357 11358
f 11359 11360 11361
f 11362 11363 11364
f 11365 11366 11367
f 11368 11369 11370
f 11371 11372 11373
f 11374 11375 11376
f 11377 11378 11379
f 11380 11381 11382
f 11383 11384 11385
f 11386 11387 11388
f 11389 11390 11391
f 11392 11393 11394
f 11395 11396 11397
f 11398 11399 11400
f 11401 11402 11403
f 11404 11405 11406
f 11407 11408 11409
f 11410 11411 11412
f 11413 11414 11415
f 11416 11417 11418
f 11419 11420 11421
f 11422 11423 11424
f 11425 11426 11427
f 11428 11429 11430
f 11431 11432 11433
f 11434 11435 11436
f 11437 11438 11439
f 11440 11441 11442
f 11443 11444 11445
f 11446 11447 11448
f 11449 11450 11451
f 11452 11453 11454
f 11455 11456 11457
f 11458 11459 11460
f 11461 11462 11463
f 11464 11465 11466
f 11467 11468 11469
f 11470 11471 11472
f 11473 11474 11475
f 11476 11477 11478
f 11479 11480 11481
f 11482 11483 11484
f 11485 11486 11487
f 11488 11489 11490
f 11491 11492 11493
f 11494 11495 11496
f 11497 11498 11499
f 11500 11501 11502
f 11503 11504 11505
f 11506 11507 11508
f 11509 11510 11511
f 11512 11513 11514
f 11515 11516 11517
f 11518 11519 11520
f 11521 11522 11523
f 11524 11525 11526
f 11527 11528 11529
f 11530 11531 11532
f 11533 11534 11535
f 11536 11537 11538
f 11539 11540 11541
f 11542 11543 11544
f 11545 11546 11547
f 11548 11549 11550
f 11551 11552 11553
f 11554 11555 11556
f 11557 11558 11559
f 11560 11561 11562
f 11563 11564 11565
f 11566 11567 11568
f 11569 11570 11571
f 11572 11573 11574
f 11575 11576 11577
f 11578 11579 11580
f 11581 11582 11583
f 11584 11585 11586
f 11587 11588 11589
f 11590 11591 11592
f 11593 11594 11595
f 11596 11597 11598
f 11599 11600 11601
f 11602 11603 11604
f 11605 11606 11607
f 11608 11609 11610
f 11611 11612 11613
f 11614 11615 11616
f 11617 11618 11619
f 11620 11621 11622
f 11623 11624 11625
f 11626 11627 11628
f 11629 11630 11631
f 11632 11633 11634
f 11635 11636 11637
f 11638 11639 11640
f 11641 11642 11643
f 11644 11645 11646
f 11647 11648 11649
f 11650 11651 11652
f 11653 11654 11655
f 11656 11657 11658
f 11659 11660 11661
f 11662 11663 11664
f 11665 11666 11667
f 11668 11669 11670
f 11671 11672 11673
f 11674 11675 11676
f 11677 11678 11679
f 11680 11681 11682
f 11683 11684 11685
f 11686 11687 11688
f 11689 11690 11691
f 11692 11693 11694
f 11695 11696 11697
f 11698 11699 11700
f 11701 11702 11703
f 11704 11705 11706
f 11707 11708 11709
f 11710 11711 11712
f 11713 11714 11715
f 11716 11717 11718
f 11719 11720 11721
f 11722 11723 11724
f 11725 11726 11727
f 11728 11729 11730
f 11731 11732 11733
f 11734 11735 11736
f 11737 11738 11739
f 11740 11741 11742
f 11743 11744 11745
f 11746 11747 11748
f 11749 11750 11751
f 11752 11753 11754
f 11755 11756 11757
f 11758 11759 11760
f 11761 11762 11763
f 11764 11765 11766
f 11767 11768 11769
f 11770 11771 11772
f 11773 11774 11775
f 11776 11777 11778
f 11779 11780 11781
f 11782 11783 11784
f 11785 11786 11787
f 11788 11789 11790
f 11791 11792 11793
f 11794 11795 11796
f 11797 11798 11799
f 11800 11801 11802
f 11803 11804 11805
f 11806 11807 11808
f 11809 11810 11811
f 11812 11813 11814
f 11815 11816 11817
f 11818 11819 11820
f 11821 11822 11823
f 11824 11825 11826
f 11827 11828 11829
f 11830 11831 11832
f 11833 11834 11835
f 11836 11837 11838
f 11839 11840 11841
f 11842 11843 11844
f 11845 11846 11847
f 11848 11849 11850
f 11851 11852 11853
f 11854 11855 11856
f 11857 11858 11859
f 11860 11861 11862
f 11863 11864 11865
f 11866 11867 11868
f 11869 11870 11871
f 11872 11873 11874
f 11875 11876 11877
f 11878 11879 11880
f 11881 11882 11883
f 11884 11885 11886
f 11887 11888 11889
f 11890 11891 11892
f 11893 11894 11895
f 11896 11897 11898
f 11899 11900 11901
f 11902 11903 11904
f 11905 11906 11907
f 11908 11909 11910
f 11911 11912 11913
f 11914 11915 11916
f 11917 11918 11919
f 11920 11921 11922
f 11923 11924 11925
f 11926 11927 11928
f 11929 11930 11931
f 11932 11933 11934
f 11935 11936 11937
f 11938 11939 11940
f 11941 11942 11943
f 11944 11945 11946
f 11947 11948 11949
f 11950 11951 11952
f 11953 11954 11955
f 11956 11957 11958
f 11959 11960 11961
f 11962 11963 11964
f 11965 11966 11967
f 11968 11969 11970
f 11971 11972 11973
f 11974 11975 11976
f 11977 11978 11979
f 11980 11981 11982
f 11983 11984 11985
f 11986 11987 11988
f 11989 11990 11991
f 11992 11993 11994
f 11995 11996 11997
f 11998 11999 12000
f 12001 12002 12003
f 12004 12005 12006
f 12007 12008 12009
f 12010 12011 12012
f 12013 12014 12015
f 12016 12017 12018
f 12019 12020 12021
f 12022 12023 12024
f 12025 12026 12027
f 12028 12029 12030
f 12031 12032 12033
f 12034 12035 12036
f 12037 12038 12039
f 12040 12041 12042
f 12043 12044 12045
f 12046 12047 12048
f 12049 12050 12051
f 12052 12053 12054
f 12055 12056 12057
f 12058 12059 12060
f 12061 12062 12063
f 12064 12065 12066
f 12067 12068 12069
f 12070 12071 12072
f 12073 12074 12075
f 12076 12077 12078
f 12079 12080 12081
f 12082 12083 12084
f 12085 12086 12087
f 12088 12089 12090
f 12091 12092 12093
f 12094 12095 12096
f 12097 12098 12099
f 12100 12101 12102
f 12103 12104 12105
f 12106 12107 12108
f 12109 12110 12111
f 12112 12113 12114
f 12115 12116 12117
f 12118 12119 12120
f 12121 12122 12123
f 12124 12125 12126
f 12127 12128 12129
f 12130 12131 12132
f 12133 12134 12135
f 12136 12137 12138
f 12139 12140 12141
f 12142 12143 12144
f 12145 12146 12147
f 12148 12149 12150
f 12151 12152 12153
f 12154 12155 12156
f 12157 12158 12159
f 12160 12161 12162
f 12163 12164 12165
f 12166 12167 12168
f 12169 12170 12171
f 12172 12173 12174
f 12175 12176 12177
f 12178 12179 12180
f 12181 12182 12183
f 12184 12185 12186
f 12187 12188 12189
f 12190 12191 12192
f 12193 12194 12195
f 12196 12197 12198
f 12199 12200 12201
f 12202 12203 12204
f 12205 12206 12207
f 12208 12209 12210
f 12211 12212 12213
f 12214 12215 12216
f 12217 12218 12219
f 12220 12221 12222
f 12223 12224 12225
f 12226 12227 12228
f 12229 12230 12231
f 12232 12233 12234
f 12235 12236 12237
f 12238 12239 12240
f 12241 12242 12243
f 12244 12245 12246
f 12247 12248 12249
f 12250 12251 12252
f 12253 12254 12255
f 12256 12257 12258
f 12259 12260 12261
f 12262 12263 12264
f 12265 12266 12267
f 12268 12269 12270
f 12271 12272 12273
f 12274 12275 12276
f 12277 12278 12279
f 12280 12281 12282
f 12283 12284 12285
f 12286 12287 12288
f 12289 12290 12291
f 12292 12293 12294
f 12295 12296 12297
f 12298 12299 12300
f 12301 12302 12303
f 12304 12305 12306
f 12307 12308 12309
f 12310 12311 12312
f 12313 12314 12315
f 12316 12317 12318
f 12319 12320 12321
f 12322 12323 12324
f 12325 12326 12327
f 12328 12329 12330
f 12331 12332 12333
f 12334 12335 12336
f 12337 12338 12339
f 12340 12341 12342
f 12343 12344 12345
f 12346 12347 12348
f 12349 12350 12351
f 12352 12353 12354
f 12355 12356 12357
f 12358 12359 12360
f 12361 12362 12363
f 12364 12365 12366
f 12367 12368 12369
f 12370 12371 12372
f 12373 12374 12375
f 12376 12377 12378
f 12379 12380 12381
f 12382 12383 12384
f 12385 12386 12387
f 12388 12389 12390
f 12391 12392 12393
f 12394 12395 12396
f 12397 12398 12399
f 12400 12401 12402
f 12403 12404 12405
f 12406 12407 12408
f 12409 12410 12411
f 12412 12413 12414
f 12415 12416 12417
f 12418 12419 12420
f 12421 12422 12423
f 12424 12425 12426
f 12427 12428 12429
f 12430 12431 12432
f 12433 12434 12435
f 12436 12437 12438
f 12439 12440 12441
f 12442 12443 12444
f 12445 12446 12447
f 12448 12449 12450
f 12451 12452 12453
f 12454 12455 12456
f 12457 12458 12459
f 12460 12461 12462
f 12463 12464 12465
f 12466 12467 12468
f 12469 12470 12471
f 12472 12473 12474
f 12475 12476 12477
f 12478 12479 12480
f 12481 12482 12483
f 12484 12485 12486
f 12487 12488 12489
f 12490 12491 12492
f 12493 12494 12495
f 12496 12497 12498
f 12499 12500 12501
f 12502 12503 12504
f 12505 12506 12507
f 12508 12509 12510
f 12511 12512 12513
f 12514 12515 12516
f 12517 12518 12519
f 12520 12521 12522
f 12523 12524 12525
f 12526 12527 12528
f 12529 12530 12531
f 12532 12533 12534
f 12535 12536 12537
f 12538 12539 12540
f 12541 12542 12543
f 12544 12545 12546
f 12547 12548 12549
f 12550 12551 12552
f 12553 12554 12555
f 12556 12557 12558
f 12559 12560 12561
f 12562 12563 12564
f 12565 12566 12567
f 12568 12569 12570
f 12571 12572 12573
f 12574 12575 12576
f 12577 12578 12579
f 12580 12581 12582
f 12583 12584 12585
f 12586 12587 12588
f 12589 12590 12591
f 12592 12593 12594
f 12595 12596 12597
f 12598 12599 12600
f 12601 12602 12603
f 12604 12605 12606
f 12607 12608 12609
f 12610 12611 12612
f 12613 12614 12615
f 12616 12617 12618
f 12619 12620 12621
f 12622 12623 12624
f 12625 12626 12627
f 12628 12629 12630
f 12631 12632 12633
f 12634 12635 12636
f 12637 12638 12639
f 12640 12641 12642
f 12643 12644 12645
f 12646 12647 12648
f 12649 12650 12651
f 12652 12653 12654
f 12655 12656 12657
f 12658 12659 12660
f 12661 12662 12663
f 12664 12665 12666
f 12667 12668 12669
f 12670 12671 12672
f 12673 12674 12675
f 12676 12677 12678
f 12679 12680 12681
f 12682 12683 12684
f 12685 12686 12687
f 12688 12689 12690
f 12691 12692 12693
f 12694 12695 12696
f 12697 12698 12699
f 12700 12701 12702
f 12703 12704 12705
f 12706 12707 12708
f 12709 12710 12711
f 12712 12713 12714
f 12715 12716 12717
f 12718 12719 12720
f 12721 12722 12723
f 12724 12725 12726
f 12727 12728 12729
f 12730 12731 12732
f 12733 12734 12735
f 12736 12737 12738
f 12739 12740 12741
f 12742 12743 12744
f 12745 12746 12747
f 12748 12749 12750
f 12751 12752 12753
f 12754 12755 12756
f 12757 12758 12759
f 12760 12761 12762
f 12763 12764 12765
f 12766 12767 12768
f 12769 12770 12771
f 12772 12773 12774
f 12775 12776 12777
f 12778 12779 12780
f 12781 12782 12783
f 12784 12785 12786
f 12787 12788 12789
f 12790 12791 12792
f 12793 12794 12795
f 12796 12797 12798
f 12799 12800 12801
f 12802 12803 12804
f 12805 12806 12807
f 12808 12809 12810
f 12811 12812 12813
f 12814 12815 12816
f 12817 12818 12819
f 12820 12821 12822
f 12823 12824 12825
f 12826 12827 12828
f 12829 12830 12831
f 12832 12833 12834
f 12835 12836 12837
f 12838 12839 12840
f 12841 12842 12843
f 12844 12845 12846
f 12847 12848 12849
f 12850 12851 12852
f 12853 12854 12855
f 12856 12857 12858
f 12859 12860 12861
f 12862 12863 12864
f 12865 12866 12867
f 12868 12869 12870
f 12871 12872 12873
f 12874 12875 12876
f 12877 12878 12879
f 12880 12881 12882
f 12883 12884 12885
f 12886 12887 12888
f 12889 12890 12891
f 12892 12893 12894
f 12895 12896 12897
f 12898 12899 12900
f 12901 12902 12903
f 12904 12905 12906
f 12907 12908 12909
f 12910 12911 12912
f 12913 12914 12915
f 12916 12917 12918
f 12919 12920 12921
f 12922 12923 12924
f 12925 12926 12927
f 12928 12929 12930
f 12931 12932 12933
f 12934 12935 12936
f 12937 12938 12939
f 12940 12941 12942
f 12943 12944 12945
f 12946 12947 12948
f 12949 12950 12951
f 12952 12953 12954
f 12955 12956 12957
f 12958 12959 12960
f 12961 12962 12963
f 12964 12965 12966
f 12967 12968 12969
f 12970 12971 12972
f 12973 12974 12975
f 12976 12977 12978
f 12979 12980 12981
f 12982 12983 12984
f 12985 12986 12987
f 12988 12989 12990
f 12991 12992 12993
f 12994 12995 12996
f 12997 12998 12999
f 13000 13001 13002
f 13003 13004 13005
f 13006 13007 13008
f 13009 13010 13011
f 13012 13013 13014
f 13015 13016 13017
f 13018 13019 13020
f 13021 13022 13023
f 13024 13025 13026
f 13027 13028 13029
f 13030 13031 13032
f 13033 13034 13035
f 13036 13037 13038
f 13039 13040 13041
f 13042 13043 13044
f 13045 13046 13047
f 13048 13049 13050
f 13051 13052 13053
f 13054 13055 13056
f 13057 13058 13059
f 13060 13061 13062
f 13063 13064 13065
f 13066 13067 13068
f 13069 13070 13071
f 13072 13073 13074
f 13075 13076 13077
f 13078 13079 13080
f 13081 13082 13083
f 13084 13085 13086
f 13087 13088 13089
f 13090 13091 13092
f 13093 13094 13095
f 13096 13097 13098
f 13099 13100 13101
f 13102 13103 13104
f 13105 13106 13107
f 13108 13109 13110
f 13111 13112 13113
f 13114 13115 13116
f 13117 13118 13119
f 13120 13121 13122
f 13123 13124 13125
f 13126 13127 13128
f 13129 13130 13131
f 13132 13133 13134
f 13135 13136 13137
f 13138 13139 13140
f 13141 13142 13143
f 13144 13145 13146
f 13147 13148 13149
f 13150 13151 13152
f 13153 13154 13155
f 13156 13157 13158
f 13159 13160 13161
f 13162 13163 13164
f 13165 13166 13167
f 13168 13169 13170
f 13171 13172 13173
f 13174 13175 13176
f 13177 13178 13179
f 13180 13181 13182
f 13183 13184 13185
f 13186 13187 13188
f 13189 13190 13191
f 13192 13193 13194
f 13195 13196 13197
f 13198 13199 13200
f 13201 13202 13203
f 13204 13205 13206
f 13207 13208 13209
f 13210 13211 13212
f 13213 13214 13215
f 13216 13217 13218
f 13219 13220 13221
f 13222 13223 13224
f 13225 13226 13227
f 13228 13229 13230
f 13231 13232 13233
f 13234 13235 13236
f 13237 13238 13239
f 13240 13241 13242
f 13243 13244 13245
f 13246 13247 13248
f 13249 13250 13251
f 13252 13253 13254
f 13255 13256 13257
f 13258 13259 13260
f 13261 13262 13263
f 13264 13265 13266
f 13267 13268 13269
f 13270 13271 13272
f 13273 13274 13275
f 13276 13277 13278
f 13279 13280 13281
f 13282 13283 13284
f 13285 13286 13287
f 13288 13289 13290
f 13291 13292 13293
f 13294 13295 13296
f 13297 13298 13299
f 13300 13301 13302
f 13303 13304 13305
f 13306 13307 13308
f 13309 13310 13311
f 13312 13313 13314
f 13315 13316 13317
f 13318 13319 13320
f 13321 13322 13323
f 13324 13325 13326
f 13327 13328 13329
f 13330 13331 13332
f 13333 13334 13335
f 13336 13337 13338
f 13339 13340 13341
f 13342 13343 13344
f 13345 13346 13347
f 13348 13349 13350
f 13351 13352 13353
f 13354 13355 13356
f 13357 13358 13359
f 13360 13361 13362
f 13363 13364 13365
f 13366 13367 13368
f 13369 13370 13371
f 13372 13373 13374
f 13375 13376 13377
f 13378 13379 13380
f 13381 13382 13383
f 13384 13385 13386
f 13387 13388 13389
f 13390 13391 13392
f 13393 13394 13395
f 13396 13397 13398
f 13399 13400 13401
f 13402 13403 13404
f 13405 13406 13407
f 13408 13409 13410
f 13411 13412 13413
f 13414 13415 13416
f 13417 13418 13419
f 13420 13421 13422
f 13423 13424 13425
f 13426 13427 13428
f 13429 13430 13431
f 13432 13433 13434
f 13435 13436 13437
f 13438 13439 13440
f 13441 13442 13443
f 13444 13445 13446
f 13447 13448 13449
f 13450 13451 13452
f 13453 13454 13455
f 13456 13457 13458
f 13459 13460 13461
f 13462 13463 13464
f 13465 13466 13467
f 13468 13469 13470
f 13471 13472 13473
f 13474 13475 13476
f 13477 13478 13479
f 13480 13481 13482
f 13483 13484 13485
f 13486 13487 13488
f 13489 13490 13491
f 13492 13493 13494
f 13495 13496 13497
f 13498 13499 13500
f 13501 13502 13503
f 13504 13505 13506
f 13507 13508 13509
f 13510 13511 13512
f 13513 13514 13515
f 13516 13517 13518
f 13519 13520 13521
f 13522 13523 13524
f 13525 13526 13527
f 13528 13529 13530
f 13531 13532 13533
f 13534 13535 13536
f 13537 13538 13539
f 13540 13541 13542
f 13543 13544 13545
f 13546 13547 13548
f 13549 13550 13551
f 13552 13553 13554
f 13555 13556 13557
f 13558 13559 13560
f 13561 13562 13563
f 13564 13565 13566
f 13567 13568 13569
f 13570 13571 13572
f 13573 13574 13575
f 13576 13577 13578
f 13579 13580 13581
f 13582 13583 13584
f 13585 13586 13587
f 13588 13589 13590
f 13591 13592 13593
f 13594 13595 13596
f 13597 13598 13599
f 13600 13601 13602
f 13603 13604 13605
f 13606 13607 13608
f 13609 13610 13611
f 13612 13613 13614
f 13615 13616 13617
f 13618 13619 13620
f 13621 13622 13623
f 13624 13625 13626
f 13627 13628 13629
f 13630 13631 13632
f 13633 13634 13635
f 13636 13637 13638
f 13639 13640 13641
f 13642 13643 13644
f 13645 13646 13647
f 13648 13649 13650
f 13651 13652 13653
f 13654 13655 13656
f 13657 13658 13659
f 13660 13661 13662
f 13663 13664 13665
f 13666 13667 13668
f 13669 13670 13671
f 13672 13673 13674
f 13675 13676 13677
f 13678 13679 13680
f 13681 13682 13683
f 13684 13685 13686
f 13687 13688 13689
f 13690 13691 13692
f 13693 13694 13695
f 13696 13697 13698
f 13699 13700 13701
f 13702 13703 13704
f 13705 13706 13707
f 13708 13709 13710
f 13711 13712 13713
f 13714 13715 13716
f 13717 13718 13719
f 13720 13721 13722
f 13723 13724 13725
f 13726 13727 13728
f 13729 13730 13731
f 13732 13733 13734
f 13735 13736 13737
f 13738 13739 13740
f 13741 13742 13743
f 13744 13745 13746
f 13747 13748 13749
f 13750 13751 13752
f 13753 13754 13755
f 13756 13757 13758
f 13759 13760 13761
f 13762 13763 13764
f 13765 13766 13767
f 13768 13769 13770
f 13771 13772 13773
f 13774 13775 13776
f 13777 13778 13779
f 13780 13781 13782
f 13783 13784 13785
f 13786 13787 13788
f 13789 13790 13791
f 13792 13793 13794
f 13795 13796 13797
f 13798 13799 13800
f 13801 13802 13803
f 13804 13805 13806
f 13807 13808 13809
f 13810 13811 13812
f 13813 13814 13815
f 13816 13817 13818
f 13819 13820 13821
f 13822 13823 13824
f 13825 13826 13827
f 13828 13829 13830
f 13831 13832 13833
f 13834 13835 13836
f 13837 13838 13839
f 13840 13841 13842
f 13843 13844 13845
f 13846 13847 13848
f 13849 13850 13851
f 13852 13853 13854
f 13855 13856 13857
f 13858 13859 13860
f 13861 13862 13863
f 13864 13865 13866
f 13867 13868 13869
f 13870 13871 13872
f 13873 13874 13875
f 13876 13877 13878
f 13879 13880 13881
f 13882 13883 13884
f 13885 13886 13887
f 13888 13889 13890
f 13891 13892 13893
f 13894 13895 13896
f 13897 13898 13899
f 13900 13901 13902
f 13903 13904 13905
f 13906 13907 13908
f 13909 13910 13911
f 13912 13913 13914
f 13915 13916 13917
f 13918 13919 13920
f 13921 13922 13923
f 13924 13925 13926
f 13927 13928 13929
f 13930 13931 13932
f 13933 13934 13935
f 13936 13937 13938
f 13939 13940 13941
f 13942 13943 13944
f 13945 13946 13947
f 13948 13949 13950
f 13951 13952 13953
f 13954 13955 13956
f 13957 13958 13959
f 13960 13961 13962
f 13963 13964 13965
f 13966 13967 13968
f 13969 13970 13971
f 13972 13973 13974
f 13975 13976 13977
f 13978 13979 13980
f 13981 13982 13983
f 13984 13985 13986
f 13987 13988 13989
f 13990 13991 13992
f 13993 13994 13995
f 13996 13997 13998
f 13999 14000 14001
f 14002 14003 14004
f 14005 14006 14007
f 14008 14009 14010
f 14011 14012 14013
f 14014 14015 14016
f 14017 14018 14019
f 14020 14021 14022
f 14023 14024 14025
f 14026 14027 14028
f 14029 14030 14031
f 14032 14033 14034
f 14035 14036 14037
f 14038 14039 14040
f 14041 14042 14043
f 14044 14045 14046
f 14047 14048 14049
f 14050 14051 14052
f 14053 14054 14055
f 14056 14057 14058
f 14059 14060 14061
f 14062 14063 14064
f 14065 14066 14067
f 14068 14069 14070
f 14071 14072 14073
f 14074 14075 14076
f 14077 14078 14079
f 14080 14081 14082
f 14083 14084 14085
f 14086 14087 14088
f 14089 14090 14091
f 14092 14093 14094
f 14095 14096 14097
f 14098 14099 14100
f 14101 14102 14103
f 14104 14105 14106
f 14107 14108 14109
f 14110 14111 14112
f 14113 14114 14115
f 14116 14117 14118
f 14119 14120 14121
f 14122 14123 14124
f 14125 14126 14127
f 14128 14129 14130
f 14131 14132 14133
f 14134 14135 14136
f 14137 14138 14139
f 14140 14141 14142
f 14143 14144 14145
f 14146 14147 14148
f 14149 14150 14151
f 14152 14153 14154
f 14155 14156 14157
f 14158 14159 14160
f 14161 14162 14163
f 14164 14165 14166
f 14167 14168 14169
f 14170 14171 14172
f 14173 14174 14175
f 14176 14177 14178
f 14179 14180 14181
f 14182 14183 14184
f 14185 14186 14187
f 14188 14189 14190
f 14191 14192 14193
f 14194 14195 14196
f 14197 14198 14199
f 14200 14201 14202
f 14203 14204 14205
f 14206 14207 14208
f 14209 14210 14211
f 14212 14213 14214
f 14215 14216 14217
f 14218 14219 14220
f 14221 14222 14223
f 14224 14225 14226
f 14227 14228 14229
f 14230 14231 14232
f 14233 14234 14235
f 14236 14237 14238
f 14239 14240 14241
f 14242 14243 14244
f 14245 14246 14247
f 14248 14249 14250
f 14251 14252 14253
f 14254 14255 14256
f 14257 14258 14259
f 14260 14261 14262
f 14263 14264 14265
f 14266 14267 14268
f 14269 14270 14271
f 14272 14273 14274
f 14275 14276 14277
f 14278 14279 14280
f 14281 14282 14283
f 14284 14285 14286
f 14287 14288 14289
f 14290 14291 14292
f 14293 14294 14295
f 14296 14297 14298
f 14299 14300 14301
f 14302 14303 14304
f 14305 14306 14307
f 14308 14309 14310
f 14311 14312 14313
f 14314 14315 14316
f 14317 14318 14319
f 14320 14321 14322
f 14323 14324 14325
f 14326 14327 14328
f 14329 14330 14331
f 14332 14333 14334
f 14335 14336 14337
f 14338 14339 14340
f 14341 14342 14343
f 14344 14345 14346
f 14347 14348 14349
f 14350 14351 14352
f 14353 14354 14355
f 14356 14357 14358
f 14359 14360 14361
f 14362 14363 14364
f 14365 14366 14367
f 14368 14369 14370
f 14371 14372 14373
f 14374 14375 14376
f 14377 14378 14379
f 14380 14381 14382
f 14383 14384 14385
f 14386 14387 14388
f 14389 14390 14391
f 14392 14393 14394
f 14395 14396 14397
f 14398 14399 14400
f 14401 14402 14403
f 14404 14405 14406
f 14407 14408 14409
f 14410 14411 14412
f 14413 14414 14415
f 14416 14417 14418
f 14419 14420 14421
f 14422 14423 14424
f 14425 14426 14427
f 14428 14429 14430
f 14431 14432 14433
f 14434 14435 14436
f 14437 14438 14439
f 14440 14441 14442
f 14443 14444 14445
f 14446 14447 14448
f 14449 14450 14451
f 14452 14453 14454
f 14455 14456 14457
f 14458 14459 14460
f 14461 14462 14463
f 14464 14465 14466
f 14467 14468 14469
f 14470 14471 14472
f 14473 14474 14475
f 14476 14477 14478
f 14479 14480 14481
f 14482 14483 14484
f 14485 14486 14487
f 14488 14489 14490
f 14491 14492 14493
f 14494 14495 14496
f 14497 14498 14499
f 14500 14501 14502
f 14503 14504 14505
f 14506 14507 14508
f 14509 14510 14511
f 14512 14513 14514
f 14515 14516 14517
f 14518 14519 14520
f 14521 14522 14523
f 14524 14525 14526
f 14527 14528 14529
f 14530 14531 14532
f 14533 14534 14535
f 14536 14537 14538
f 14539 14540 14541
f 14542 14543 14544
f 14545 14546 14547
f 14548 14549 14550
f 14551 14552 14553
f 14554 14555 14556
f 14557 14558 14559
f 14560 14561 14562
f 14563 14564 14565
f 14566 14567 14568
f 14569 14570 14571
f 14572 14573 14574
f 14575 14576 14577
f 14578 14579 14580
f 14581 14582 14583
f 14584 14585 14586
f 14587 14588 14589
f 14590 14591 14592
f 14593 14594 14595
f 14596 14597 14598
f 14599 14600 14601
f 14602 14603 14604
f 14605 14606 14607
f 14608 14609 14610
f 14611 14612 14613
f 14614 14615 14616
f 14617 14618 14619
f 14620 14621 14622
f 14623 14624 14625
f 14626 14627 14628
f 14629 14630 14631
f 14632 14633 14634
f 14635 14636 14637
f 14638 14639 14640
f 14641 14642 14643
f 14644 14645 14646
f 14647 14648 14649
f 14650 14651 14652
f 14653 14654 14655
f 14656 14657 14658
f 14659 14660 14661
f 14662 14663 14664
f 14665 14666 14667
f 14668 14669 14670
f 14671 14672 14673
f 14674 14675 14676
f 14677 14678 14679
f 14680 14681 14682
f 14683 14684 14685
f 14686 14687 14688
f 14689 14690 14691
f 14692 14693 14694
f 14695 14696 14697
f 14698 14699 14700
f 14701 14702 14703
f 14704 14705 14706
f 14707 14708 14709
f 14710 14711 14712
f 14713 14714 14715
f 14716 14717 14718
f 14719 14720 14721
f 14722 14723 14724
f 14725 14726 14727
f 14728 14729 14730
f 14731 14732 14733
f 14734 14735 14736
f 14737 14738 14739
f 14740 14741 14742
f 14743 14744 14745
f 14746 14747 14748
f 14749 14750 14751
f 14752 14753 14754
f 14755 14756 14757
f 14758 14759 14760
f 14761 14762 14763
f 14764 14765 14766
f 14767 14768 14769
f 14770 14771 14772
f 14773 14774 14775
f 14776 14777 14778
f 14779 14780 14781
f 14782 14783 14784
f 14785 14786 14787
f 14788 14789 14790
f 14791 14792 14793
f 14794 14795 14796
f 14797 14798 14799
f 14800 14801 14802
f 14803 14804 14805
f 14806 14807 14808
f 14809 14810 14811
f 14812 14813 14814
f 14815 14816 14817
f 14818 14819 14820
f 14821 14822 14823
f 14824 14825 14826
f 14827 14828 14829
f 14830 14831 14832
f 14833 14834 14835
f 14836 14837 14838
f 14839 14840 14841
f 14842 14843 14844
f 14845 14846 14847
f 14848 14849 14850
f 14851 14852 14853
f 14854 14855 14856
f 14857 14858 14859
f 14860 14861 14862
f 14863 14864 14865
f 14866 14867 14868
f 14869 14870 14871
f 14872 14873 14874
f 14875 14876 14877
f 14878 14879 14880
f 14881 14882 14883
f 14884 14885 14886
f 14887 14888 14889
f 14890 14891 14892
f 14893 14894 14895
f 14896 14897 14898
f 14899 14900 14901
f 14902 14903 14904
f 14905 14906 14907
f 14908 14909 14910
f 14911 14912 14913
f 14914 14915 14916
f 14917 14918 14919
f 14920 14921 14922
f 14923 14924 14925
f 14926 14927 14928
f 14929 14930 14931
f 14932 14933 14934
f 14935 14936 14937
f 14938 14939 14940
f 14941 14942 14943
f 14944 14945 14946
f 14947 14948 14949
f 14950 14951 14952
f 14953 14954 14955
f 14956 14957 14958
f 14959 14960 14961
f 14962 14963 14964
f 14965 14966 14967
f 14968 14969 14970
f 14971 14972 14973
f 14974 14975 14976
f 14977 14978 14979
f 14980 14981 14982
f 14983 14984 14985
f 14986 14987 14988
f 14989 14990 14991
f 14992 14993 14994
f 14995 14996 14997
f 14998 14999 15000
f 15001 15002 15003
f 15004 15005 15006
f 15007 15008 15009
f 15010 15011 15012
f 15013 15014 15015
f 15016 15017 15018
f 15019 15020 15021
f 15022 15023 15024
f 15025 15026 15027
f 15028 15029 15030
f 15031 15032 15033
f 15034 15035 15036
f 15037 15038 15039
f 15040 15041 15042
f 15043 15044 15045
f 15046 15047 15048
f 15049 15050 15051
f 15052 15053 15054
f 15055 15056 15057
f 15058 15059 15060
f 15061 15062 15063
f 15064 15065 15066
f 15067 15068 15069
f 15070 15071 15072
f 15073 15074 15075
f 15076 15077 15078
f 15079 15080 15081
f 15082 15083 15084
f 15085 15086 15087
f 15088 15089 15090
f 15091 15092 15093
f 15094 15095 15096
f 15097 15098 15099
f 15100 15101 15102
f 15103 15104 15105
f 15106 15107 15108
f 15109 15110 15111
f 15112 15113 15114
f 15115 15116 15117
f 15118 15119 15120
f 15121 15122 15123
f 15124 15125 15126
f 15127 15128 15129
f 15130 15131 15132
f 15133 15134 15135
f 15136 15137 15138
f 15139 15140 15141
f 15142 15143 15144
f 15145 15146 15147
f 15148 15149 15150
f 15151 15152 15153
f 15154 15155 15156
f 15157 15158 15159
f 15160 15161 15162
f 15163 15164 15165
f 15166 15167 15168
f 15169 15170 15171
f 15172 15173 15174
f 15175 15176 15177
f 15178 15179 15180
f 15181 15182 15183
f 15184 15185 15186
f 15187 15188 15189
f 15190 15191 15192
f 15193 15194 15195
f 15196 15197 15198
f 15199 15200 15201
f 15202 15203 15204
f 15205 15206 15207
f 15208 15209 15210
f 15211 15212 15213
f 15214 15215 15216
f 15217 15218 15219
f 15220 15221 15222
f 15223 15224 15225
f 15226 15227 15228
f 15229 15230 15231
f 15232 15233 15234
f 15235 15236 15237
f 15238 15239 15240
f 15241 15242 15243
f 15244 15245 15246
f 15247 15248 15249
f 15250 15251 15252
f 15253 15254 15255
f 15256 15257 15258
f 15259 15260 15261
f 15262 15263 15264
f 15265 15266 15267
f 15268 15269 15270
f 15271 15272 15273
f 15274 15275 15276
f 15277 15278 15279
f 15280 15281 15282
f 15283 15284 15285
f 15286 15287 15288
f 15289 15290 15291
f 15292 15293 15294
f 15295 15296 15297
f 15298 15299 15300
f 15301 15302 15303
f 15304 15305 15306
f 15307 15308 15309
f 15310 15311 15312
f 15313 15314 15315
f 15316 15317 15318
f 15319 15320 15321
f 15322 15323 15324
f 15325 15326 15327
f 15328 15329 15330
f 15331 15332 15333
f 15334 15335 15336
f 15337 15338 15339
f 15340 15341 15342
f 15343 15344 15345
f 15346 15347 15348
f 15349 15350 15351
f 15352 15353 15354
f 15355 15356 15357
f 15358 15359 15360
f 15361 15362 15363
f 15364 15365 15366
f 15367 15368 15369
f 15370 15371 15372
f 15373 15374 15375
f 15376 15377 15378
f 15379 15380 15381
f 15382 15383 15384
f 15385 15386 15387
f 15388 15389 15390
f 15391 15392 15393
f 15394 15395 15396
f 15397 15398 15399
f 15400 15401 15402
f 15403 15404 15405
f 15406 15407 15408
f 15409 15410 15411
f 15412 15413 15414
f 15415 15416 15417
f 15418 15419 15420
f 15421 15422 15423
f 15424 15425 15426
f 15427 15428 15429
f 15430 15431 15432
f 15433 15434 15435
f 15436 15437 15438
f 15439 15440 15441
f 15442 15443 15444
f 15445 15446 15447
f 15448 15449 15450
f 15451 15452 15453
f 15454 15455 15456
f 15457 15458 15459
f 15460 15461 15462
f 15463 15464 15465
f 15466 15467 15468
f 15469 15470 15471
f 15472 15473 15474
f 15475 15476 15477
f 15478 15479 15480
f 15481 15482 15483
f 15484 15485 15486
f 15487 15488 15489
f 15490 15491 15492
f 15493 15494 15495
f 15496 15497 15498
f 15499 15500 15501
f 15502 15503 15504
f 15505 15506 15507
f 15508 15509 15510
f 15511 15512 15513
f 15514 15515 15516
f 15517 15518 15519
f 15520 15521 15522
f 15523 15524 15525
f 15526 15527 15528
f 15529 15530 15531
f 15532 15533 15534
f 15535 15536 15537
f 15538 15539 15540
f 15541 15542 15543
f 15544 15545 15546
f 15547 15548 15549
f 15550 15551 15552
f 15553 15554 15555
f 15556 15557 15558
f 15559 15560 15561
f 15562 15563 15564
f 15565 15566 15567
f 15568 15569 15570
f 15571 15572 15573
f 15574 15575 15576
f 15577 15578 15579
f 15580 15581 15582
f 15583 15584 15585
f 15586 15587 15588
f 15589 15590 15591
f 15592 15593 15594
f 15595 15596 15597
f 15598 15599 15600
f 15601 15602 15603
f 15604 15605 15606
f 15607 15608 15609
f 15610 15611 15612
f 15613 15614 15615
f 15616 15617 15618
f 15619 15620 15621
f 15622 15623 15624
f 15625 15626 15627
f 15628 15629 15630
f 15631 15632 15633
f 15634 15635 15636
f 15637 15638 15639
f 15640 15641 15642
f 15643 15644 15645
f 15646 15647 15648
f 15649 15650 15651
f 15652 15653 15654
f 15655 15656 15657
f 15658 15659 15660
f 15661 15662 15663
f 15664 15665 15666
f 15667 15668 15669
f 15670 15671 15672
f 15673 15674 15675
f 15676 15677 15678
f 15679 15680 15681
f 15682 15683 15684
f 15685 15686 15687
f 15688 15689 15690
f 15691 15692 15693
f 15694 15695 15696
f 15697 15698 15699
f 15700 15701 15702
f 15703 15704 15705
f 15706 15707 15708
f 15709 15710 15711
f 15712 15713 15714
f 15715 15716 15717
f 15718 15719 15720
f 15721 15722 15723
f 15724 15725 15726
f 15727 15728 15729
f 15730 15731 15732
f 15733 15734 15735
f 15736 15737 15738
f 15739 15740 15741
f 15742 15743 15744
f 15745 15746 15747
f 15748 15749 15750
f 15751 15752 15753
f 15754 15755 15756
f 15757 15758 15759
f 15760 15761 15762
f 15763 15764 15765
f 15766 15767 15768
f 15769 15770 15771
f 15772 15773 15774
f 15775 15776 15777
f 15778 15779 15780
f 15781 15782 15783
f 15784 15785 15786
f 15787 15788 15789
f 15790 15791 15792
f 15793 15794 15795
f 15796 15797 15798
f 15799 15800 15801
f 15802 15803 15804
f 15805 15806 15807
f 15808 15809 15810
f 15811 15812 15813
f 15814 15815 15816
f 15817 15818 15819
f 15820 15821 15822
f 15823 15824 15825
f 15826 15827 15828
f 15829 15830 15831
f 15832 15833 15834
f 15835 15836 15837
f 15838 15839 15840
f 15841 15842 15843
f 15844 15845 15846
f 15847 15848 15849
f 15850 15851 15852
f 15853 15854 15855
f 15856 15857 15858
f 15859 15860 15861
f 15862 15863 15864
f 15865 15866 15867
f 15868 15869 15870
f 15871 15872 15873
f 15874 15875 15876
f 15877 15878 15879
f 15880 15881 15882
f 15883 15884 15885
f 15886 15887 15888
f 15889 15890 15891
f 15892 15893 15894
f 15895 15896 15897
f 15898 15899 15900
f 15901 15902 15903
f 15904 15905 15906
f 15907 15908 15909
f 15910 15911 15912
f 15913 15914 15915
f 15916 15917 15918
f 15919 15920 15921
f 15922 15923 15924
f 15925 15926 15927
f 15928 15929 15930
f 15931 15932 15933
f 15934 15935 15936
f 15937 15938 15939
f 15940 15941 15942
f 15943 15944 15945
f 15946 15947 15948
f 15949 15950 15951
f 15952 15953 15954
f 15955 15956 15957
f 15958 15959 15960
f 15961 15962 15963
f 15964 15965 15966
f 15967 15968 15969
f 15970 15971 15972
f 15973 15974 15975
f 15976 15977 15978
f 15979 15980 15981
f 15982 15983 15984
f 15985 15986 15987
f 15988 15989 15990
f 15991 15992 15993
f 15994 15995 15996
f 15997 15998 15999
f 16000 16001 16002
f 16003 16004 16005
f 16006 16007 16008
f 16009 16010 16011
f 16012 16013 16014
f 16015 16016 16017
f 16018 16019 16020
f 16021 16022 16023
f 16024 16025 16026
f 16027 16028 16029
f 16030 16031 16032
f 16033 16034 16035
f 16036 16037 16038
f 16039 16040 16041
f 16042 16043 16044
f 16045 16046 16047
f 16048 16049 16050
f 16051 16052 16053
f 16054 16055 16056
f 16057 16058 16059
f 16060 16061 16062
f 16063 16064 16065
f 16066 16067 16068
f 16069 16070 16071
f 16072 16073 16074
f 16075 16076 16077
f 16078 16079 16080
f 16081 16082 16083
f 16084 16085 16086
f 16087 16088 16089
f 16090 16091 16092
f 16093 16094 16095
f 16096 16097 16098
f 16099 16100 16101
f 16102 16103 16104
f 16105 16106 16107
f 16108 16109 16110
f 16111 16112 16113
f 16114 16115 16116
f 16117 16118 16119
f 16120 16121 16122
f 16123 16124 16125
f 16126 16127 16128
f 16129 16130 16131
f 16132 16133 16134
f 16135 16136 16137
f 16138 16139 16140
f 16141 16142 16143
f 16144 16145 16146
f 16147 16148 16149
f 16150 16151 16152
f 16153 16154 16155
f 16156 16157 16158
f 16159 16160 16161
f 16162 16163 16164
f 16165 16166 16167
f 16168 16169 16170
f 16171 16172 16173
f 16174 16175 16176
f 16177 16178 16179
f 16180 16181 16182
f 16183 16184 16185
f 16186 16187 16188
f 16189 16190 16191
f 16192 16193 16194
f 16195 16196 16197
f 16198 16199 16200
f 16201 16202 16203
f 16204 16205 16206
f 16207 16208 16209
f 16210 16211 16212
f 16213 16214 16215
f 16216 16217 16218
f 16219 16220 16221
f 16222 16223 16224
f 16225 16226 16227
f 16228 16229 16230
f 16231 16232 16233
f 16234 16235 16236
f 16237 16238 16239
f 16240 16241 16242
f 16243 16244 16245
f 16246 16247 16248
f 16249 16250 16251
f 16252 16253 16254
f 16255 16256 16257
f 16258 16259 16260
f 16261 16262 16263
f 16264 16265 16266
f 16267 16268 16269
f 16270 16271 16272
f 16273 16274 16275
f 16276 16277 16278
f 16279 16280 16281
f 16282 16283 16284
f 16285 16286 16287
f 16288 16289 16290
f 16291 16292 16293
f 16294 16295 16296
f 16297 16298 16299
f 16300 16301 16302
f 16303 16304 16305
f 16306 16307 16308
f 16309 16310 16311
f 16312 16313 16314
f 16315 16316 16317
f 16318 16319 16320
f 16321 16322 16323
f 16324 16325 16326
f 16327 16328 16329
f 16330 16331 16332
f 16333 16334 16335
f 16336 16337 16338
f 16339 16340 16341
f 16342 16343 16344
f 16345 16346 16347
f 16348 16349 16350
f 16351 16352 16353
f 16354 16355 16356
f 16357 16358 16359
f 16360 16361 16362
f 16363 16364 16365
f 16366 16367 16368
f 16369 16370 16371
f 16372 16373 16374
f 16375 16376 16377
f 16378 16379 16380
f 16381 16382 16383
f 16384 16385 16386
f 16387 16388 16389
f 16390 16391 16392
f 16393 16394 16395
f 16396 16397 16398
f 16399 16400 16401
f 16402 16403 16404
f 16405 16406 16407
f 16408 16409 16410
f 16411 16412 16413
f 16414 16415 16416
f 16417 16418 16419
f 16420 16421 16422
f 16423 16424 16425
f 16426 16427 16428
f 16429 16430 16431
f 16432 16433 16434
f 16435 16436 16437
f 16438 16439 16440
f 16441 16442 16443
f 16444 16445 16446
f 16447 16448 16449
f 16450 16451 16452
f 16453 16454 16455
f 16456 16457 16458
f 16459 16460 16461
f 16462 16463 16464
f 16465 16466 16467
f 16468 16469 16470
f 16471 16472 16473
f 16474 16475 16476
f 16477 16478 16479
f 16480 16481 16482
f 16483 16484 16485
f 16486 16487 16488
f 16489 16490 16491
f 16492 16493 16494
f 16495 16496 16497
f 16498 16499 16500
f 16501 16502 16503
f 16504 16505 16506
f 16507 16508 16509
f 16510 16511 16512
f 16513 16514 16515
f 16516 16517 16518
f 16519 16520 16521
f 16522 16523 16524
f 16525 16526 16527
f 16528 16529 16530
f 16531 16532 16533
f 16534 16535 16536
f 16537 16538 16539
f 16540 16541 16542
f 16543 16544 16545
f 16546 16547 16548
f 16549 16550 16551
f 16552 16553 16554
f 16555 16556 16557
f 16558 16559 16560
f 16561 16562 16563
f 16564 16565 16566
f 16567 16568 16569
f 16570 16571 16572
f 16573 16574 16575
f 16576 16577 16578
f 16579 16580 16581
f 16582 16583 16584
f 16585 16586 16587
f 16588 16589 16590
f 16591 16592 16593
f 16594 16595 16596
f 16597 16598 16599
f 16600 16601 16602
f 16603 16604 16605
f 16606 16607 16608
f 16609 16610 16611
f 16612 16613 16614
f 16615 16616 16617
f 16618 16619 16620
f 16621 16622 16623
f 16624 16625 16626
f 16627 16628 16629
f 16630 16631 16632
f 16633 16634 16635
f 16636 16637 16638
f 16639 16640 16641
f 16642 16643 16644
f 16645 16646 16647
f 16648 16649 16650
f 16651 16652 16653
f 16654 16655 16656
f 16657 16658 16659
f 16660 16661 16662
f 16663 16664 16665
f 16666 16667 16668
f 16669 16670 16671
f 16672 16673 16674
f 16675 16676 16677
f 16678 16679 16680
f 16681 16682 16683
f 16684 16685 16686
f 16687 16688 16689
f 16690 16691 16692
f 16693 16694 16695
f 16696 16697 16698
f 16699 16700 16701
f 16702 16703 16704
f 16705 16706 16707
f 16708 16709 16710
f 16711 16712 16713
f 16714 16715 16716
f 16717 16718 16719
f 16720 16721 16722
f 16723 16724 16725
f 16726 16727 16728
f 16729 16730 16731
f 16732 16733 16734
f 16735 16736 16737
f 16738 16739 16740
f 16741 16742 16743
f 16744 16745 16746
f 16747 16748 16749
f 16750 16751 16752
f 16753 16754 16755
f 16756 16757 16758
f 16759 16760 16761
f 16762 16763 16764
f 16765 16766 16767
f 16768 16769 16770
f 16771 16772 16773
f 16774 16775 16776
f 16777 16778 16779
f 16780 16781 16782
f 16783 16784 16785
f 16786 16787 16788
f 16789 16790 16791
f 16792 16793 16794
f 16795 16796 16797
f 16798 16799 16800
f 16801 16802 16803
f 16804 16805 16806
f 16807 16808 16809
f 16810 16811 16812
f 16813 16814 16815
f 16816 16817 16818
f 16819 16820 16821
f 16822 16823 16824
f 16825 16826 16827
f 16828 16829 16830
f 16831 16832 16833
f 16834 16835 16836
f 16837 16838 16839
f 16840 16841 16842
f 16843 16844 16845
f 16846 16847 16848
f 16849 16850 16851
f 16852 16853 16854
f 16855 16856 16857
f 16858 16859 16860
f 16861 16862 16863
f 16864 16865 16866
f 16867 16868 16869
f 16870 16871 16872
f 16873 16874 16875
f 16876 16877 16878
f 16879 16880 16881
f 16882 16883 16884
f 16885 16886 16887
f 16888 16889 16890
f 16891 16892 16893
f 16894 16895 16896
f 16897 16898 16899
f 16900 16901 16902
f 16903 16904 16905
f 16906 16907 16908
f 16909 16910 16911
f 16912 16913 16914
f 16915 16916 16917
f 16918 16919 16920
f 16921 16922 16923
f 16924 16925 16926
f 16927 16928 16929
f 16930 16931 16932
f 16933 16934 16935
f 16936 16937 16938
f 16939 16940 16941
f 16942 16943 16944
f 16945 16946 16947
f 16948 16949 16950
f 16951 16952 16953
f 16954 16955 16956
f 16957 16958 16959
f 16960 16961 16962
f 16963 16964 16965
f 16966 16967 16968
f 16969 16970 16971
f 16972 16973 16974
f 16975 16976 16977
f 16978 16979 16980
f 16981 16982 16983
f 16984 16985 16986
f 16987 16988 16989
f 16990 16991 16992
f 16993 16994 16995
f 16996 16997 16998
f 16999 17000 17001
f 17002 17003 17004
f 17005 17006 17007
f 17008 17009 17010
f 17011 17012 17013
f 17014 17015 17016
f 17017 17018 17019
f 17020 17021 17022
f 17023 17024 17025
f 17026 17027 17028
f 17029 17030 17031
f 17032 17033 17034
f 17035 17036 17037
f 17038 17039 17040
f 17041 17042 17043
f 17044 17045 17046
f 17047 17048 17049
f 17050 17051 17052
f 17053 17054 17055
f 17056 17057 17058
f 17059 17060 17061
f 17062 17063 17064
f 17065 17066 17067
f 17068 17069 17070
f 17071 17072 17073
f 17074 17075 17076
f 17077 17078 17079
f 17080 17081 17082
f 17083 17084 17085
f 17086 17087 17088
f 17089 17090 17091
f 17092 17093 17094
f 17095 17096 17097
f 17098 17099 17100
f 17101 17102 17103
f 17104 17105 17106
f 17107 17108 17109
f 17110 17111 17112
f 17113 17114 17115
f 17116 17117 17118
f 17119 17120 17121
f 17122 17123 17124
f 17125 17126 17127
f 17128 17129 17130
f 17131 17132 17133
f 17134 17135 17136
f 17137 17138 17139
f 17140 17141 17142
f 17143 17144 17145
f 17146 17147 17148
f 17149 17150 17151
f 17152 17153 17154
f 17155 17156 17157
f 17158 17159 17160
f 17161 17162 17163
f 17164 17165 17166
f 17167 17168 17169
f 17170 17171 17172
f 17173 17174 17175
f 17176 17177 17178
f 17179 17180 17181
f 17182 17183 17184
f 17185 17186 17187
f 17188 17189 17190
f 17191 17192 17193
f 17194 17195 17196
f 17197 17198 17199
f 17200 17201 17202
f 17203 17204 17205
f 17206 17207 17208
f 17209 17210 17211
f 17212 17213 17214
f 17215 17216 17217
f 17218 17219 17220
f 17221 17222 17223
f 17224 17225 17226
f 17227 17228 17229
f 17230 17231 17232
f 17233 17234 17235
f 17236 17237 17238
f 17239 17240 17241
f 17242 17243 17244
f 17245 17246 17247
f 17248 17249 17250
f 17251 17252 17253
f 17254 17255 17256
f 17257 17258 17259
f 17260 17261 17262
f 17263 17264 17265
f 17266 17267 17268
f 17269 17270 17271
f 17272 17273 17274
f 17275 17276 17277
f 17278 17279 17280
f 17281 17282 17283
f 17284 17285 17286
f 17287 17288 17289
f 17290 17291 17292
f 17293 17294 17295
f 17296 17297 17298
f 17299 17300 17301
f 17302 17303 17304
f 17305 17306 17307
f 17308 17309 17310
f 17311 17312 17313
f 17314 17315 17316
f 17317 17318 17319
f 17320 17321 17322
f 17323 17324 17325
f 17326 17327 17328
f 17329 17330 17331
f 17332 17333 17334
f 17335 17336 17337
f 17338 17339 17340
f 17341 17342 17343
f 17344 17345 17346
f 17347 17348 17349
f 17350 17351 17352
f 17353 17354 17355
f 17356 17357 17358
f 17359 17360 17361
f 17362 17363 17364
f 17365 17366 17367
f 17368 17369 17370
f 17371 17372 17373
f 17374 17375 17376
f 17377 17378 17379
f 17380 17381 17382
f 17383 17384 17385
f 17386 17387 17388
f 17389 17390 17391
f 17392 17393 17394
f 17395 17396 17397
f 17398 17399 17400
f 17401 17402 17403
f 17404 17405 17406
f 17407 17408 17409
f 17410 17411 17412
f 17413 17414 17415
f 17416 17417 17418
f 17419 17420 17421
f 17422 17423 17424
f 17425 17426 17427
f 17428 17429 17430
f 17431 17432 17433
f 17434 17435 17436
f 17437 17438 17439
f 17440 17441 17442
f 17443 17444 17445
f 17446 17447 17448
f 17449 17450 17451
f 17452 17453 17454
f 17455 17456 17457
f 17458 17459 17460
f 17461 17462 17463
f 17464 17465 17466
f 17467 17468 17469
f 17470 17471 17472
f 17473 17474 17475
f 17476 17477 17478
f 17479 17480 17481
f 17482 17483 17484
f 17485 17486 17487
f 17488 17489 17490
f 17491 17492 17493
f 17494 17495 17496
f 17497 17498 17499
f 17500 17501 17502
f 17503 17504 17505
f 17506 17507 17508
f 17509 17510 17511
f 17512 17513 17514
f 17515 17516 17517
f 17518 17519 17520
f 17521 17522 17523
f 17524 17525 17526
f 17527 17528 17529
f 17530 17531 17532
f 17533 17534 17535
f 17536 17537 17538
f 17539 17540 17541
f 17542 17543 17544
f 17545 17546 17547
f 17548 17549 17550
f 17551 17552 17553
f 17554 17555 17556
f 17557 17558 17559
f 17560 17561 17562
f 17563 17564 17565
f 17566 17567 17568
f 17569 17570 17571
f 17572 17573 17574
f 17575 17576 17577
f 17578 17579 17580
f 17581 17582 17583
f 17584 17585 17586
f 17587 17588 17589
f 17590 17591 17592
f 17593 17594 17595
f 17596 17597 17598
f 17599 17600 17601
f 17602 17603 17604
f 17605 17606 17607
f 17608 17609 17610
f 17611 17612 17613
f 17614 17615 17616
f 17617 17618 17619
f 17620 17621 17622
f 17623 17624 17625
f 17626 17627 17628
f 17629 17630 17631
f 17632 17633 17634
f 17635 17636 17637
f 17638 17639 17640
f 17641 17642 17643
f 17644 17645 17646
f 17647 17648 17649
f 17650 17651 17652
f 17653 17654 17655
f 17656 17657 17658
f 17659 17660 17661
f 17662 17663 17664
f 17665 17666 17667
f 17668 17669 17670
f 17671 17672 17673
f 17674 17675 17676
f 17677 17678 17679
f 17680 17681 17682
f 17683 17684 17685
f 17686 17687 17688
f 17689 17690 17691
f 17692 17693 17694
f 17695 17696 17697
f 17698 17699 17700
f 17701 17702 17703
f 17704 17705 17706
f 17707 17708 17709
f 17710 17711 17712
f 17713 17714 17715
f 17716 17717 17718
f 17719 17720 17721
f 17722 17723 17724
f 17725 17726 17727
f 17728 17729 17730
f 17731 17732 17733
f 17734 17735 17736
f 17737 17738 17739
f 17740 17741 17742
f 17743 17744 17745
f 17746 17747 17748
f 17749 17750 17751
f 17752 17753 17754
f 17755 17756 17757
f 17758 17759 17760
f 17761 17762 17763
f 17764 17765 17766
f 17767 17768 17769
f 17770 17771 17772
f 17773 17774 17775
f 17776 17777 17778
f 17779 17780 17781
f 17782 17783 17784
f 17785 17786 17787
f 17788 17789 17790
f 17791 17792 17793
f 17794 17795 17796
f 17797 17798 17799
f 17800 17801 17802
f 17803 17804 17805
f 17806 17807 17808
f 17809 17810 17811
f 17812 17813 17814
f 17815 17816 17817
f 17818 17819 17820
f 17821 17822 17823
f 17824 17825 17826
f 17827 17828 17829
f 17830 17831 17832
f 17833 17834 17835
f 17836 17837 17838
f 17839 17840 17841
f 17842 17843 17844
f 17845 17846 17847
f 17848 17849 17850
f 17851 17852 17853
f 17854 17855 17856
f 17857 17858 17859
f 17860 17861 17862
f 17863 17864 17865
f 17866 17867 17868
f 17869 17870 17871
f 17872 17873 17874
f 17875 17876 17877
f 17878 17879 17880
f 17881 17882 17883
f 17884 17885 17886
f 17887 17888 17889
f 17890 17891 17892
f 17893 17894 17895
f 17896 17897 17898
f 17899 17900 17901
f 17902 17903 17904
f 17905 17906 17907
f 17908 17909 17910
f 17911 17912 17913
f 17914 17915 17916
f 17917 17918 17919
f 17920 17921 17922
f 17923 17924 17925
f 17926 17927 17928
f 17929 17930 17931
f 17932 17933 17934
f 17935 17936 17937
f 17938 17939 17940
f 17941 17942 17943
f 17944 17945 17946
f 17947 17948 17949
f 17950 17951 17952
f 17953 17954 17955
f 17956 17957 17958
f 17959 17960 17961
f 17962 17963 17964
f 17965 17966 17967
f 17968 17969 17970
f 17971 17972 17973
f 17974 17975 17976
f 17977 17978 17979
f 17980 17981 17982
f 17983 17984 17985
f 17986 17987 17988
f 17989 17990 17991
f 17992 17993 17994
f 17995 17996 17997
f 17998 17999 18000
f 18001 18002 18003
f 18004 18005 18006
f 18007 18008 18009
f 18010 18011 18012
f 18013 18014 18015
f 18016 18017 18018
f 18019 18020 18021
f 18022 18023 18024
f 18025 18026 18027
f 18028 18029 18030
f 18031 18032 18033
f 18034 18035 18036
f 18037 18038 18039
f 18040 18041 18042
f 18043 18044 18045
f 18046 18047 18048
f 18049 18050 18051
f 18052 18053 18054
f 18055 18056 18057
f 18058 18059 18060
f 18061 18062 18063
f 18064 18065 18066
f 18067 18068 18069
f 18070 18071 18072
f 18073 18074 18075
f 18076 18077 18078
f 18079 18080 18081
f 18082 18083 18084
f 18085 18086 18087
f 18088 18089 18090
f 18091 18092 18093
f 18094 18095 18096
f 18097 18098 18099
f 18100 18101 18102
f 18103 18104 18105
f 18106 18107 18108
f 18109 18110 18111
f 18112 18113 18114
f 18115 18116 18117
f 18118 18119 18120
f 18121 18122 18123
f 18124 18125 18126
f 18127 18128 18129
f 18130 18131 18132
f 18133 18134 18135
f 18136 18137 18138
f 18139 18140 18141
f 18142 18143 18144
f 18145 18146 18147
f 18148 18149 18150
f 18151 18152 18153
f 18154 18155 18156
f 18157 18158 18159
f 18160 18161 18162
f 18163 18164 18165
f 18166 18167 18168
f 18169 18170 18171
f 18172 18173 18174
f 18175 18176 18177
f 18178 18179 18180
f 18181 18182 18183
f 18184 18185 18186
f 18187 18188 18189
f 18190 18191 18192
f 18193 18194 18195
f 18196 18197 18198
f 18199 18200 18201
f 18202 18203 18204
f 18205 18206 18207
f 18208 18209 18210
f 18211 18212 18213
f 18214 18215 18216
f 18217 18218 18219
f 18220 18221 18222
f 18223 18224 18225
f 18226 18227 18228
f 18229 18230 18231
f 18232 18233 18234
f 18235 18236 18237
f 18238 18239 18240
f 18241 18242 18243
f 18244 18245 18246
f 18247 18248 18249
f 18250 18251 18252
f 18253 18254 18255
f 18256 18257 18258
f 18259 18260 18261
f 18262 18263 18264
f 18265 18266 18267
f 18268 18269 18270
f 18271 18272 18273
f 18274 18275 18276
f 18277 18278 18279
f 18280 18281 18282
f 18283 18284 18285
f 18286 18287 18288
f 18289 18290 18291
f 18292 18293 18294
f 18295 18296 18297
f 18298 18299 18300
f 18301 18302 18303
f 18304 18305 18306
f 18307 18308 18309
f 18310 18311 18312
f 18313 18314 18315
f 18316 18317 18318
f 18319 18320 18321
f 18322 18323 18324
f 18325 18326 18327
f 18328 18329 18330
f 18331 18332 18333
f 18334 18335 18336
f 18337 18338 18339
f 18340 18341 18342
f 18343 18344 18345
f 18346 18347 18348
f 18349 18350 18351
f 18352 18353 18354
f 18355 18356 18357
f 18358 18359 18360
f 18361 18362 18363
f 18364 18365 18366
f 18367 18368 18369
f 18370 18371 18372
f 18373 18374 18375
f 18376 18377 18378
f 18379 18380 18381
f 18382 18383 18384
f 18385 18386 18387
f 18388 18389 18390
f 18391 18392 18393
f 18394 18395 18396
f 18397 18398 18399
f 18400 18401 18402
f 18403 18404 18405
f 18406 18407 18408
f 18409 18410 18411
f 18412 18413 18414
f 18415 18416 18417
f 18418 18419 18420
f 18421 18422 18423
f 18424 18425 18426
f 18427 18428 18429
f 18430 18431 18432
f 18433 18434 18435
f 18436 18437 18438
f 18439 18440 18441
f 18442 18443 18444
f 18445 18446 18447
f 18448 18449 18450
f 18451 18452 18453
f 18454 18455 18456
f 18457 18458 18459
f 18460 18461 18462
f 18463 18464 18465
f 18466 18467 18468
f 18469 18470 18471
f 18472 18473 18474
f 18475 18476 18477
f 18478 18479 18480
f 18481 18482 18483
f 18484 18485 18486
f 18487 18488 18489
f 18490 18491 18492
f 18493 18494 18495
f 18496 18497 18498
f 18499 18500 18501
f 18502 18503 18504
f 18505 18506 18507
f 18508 18509 18510
f 18511 18512 18513
f 18514 18515 18516
f 18517 18518 18519
f 18520 18521 18522
f 18523 18524 18525
f 18526 18527 18528
f 18529 18530 18531
f 18532 18533 18534
f 18535 18536 18537
f 18538 18539 18540
f 18541 18542 18543
f 18544 18545 18546
f 18547 18548 18549
f 18550 18551 18552
f 18553 18554 18555
f 18556 18557 18558
f 18559 18560 18561
f 18562 18563 18564
f 18565 18566 18567
f 18568 18569 18570
f 18571 18572 18573
f 18574 18575 18576
f 18577 18578 18579
f 18580 18581 18582
f 18583 18584 18585
f 18586 18587 18588
f 18589 18590 18591
f 18592 18593 18594
f 18595 18596 18597
f 18598 18599 18600
f 18601 18602 18603
f 18604 18605 18606
f 18607 18608 18609
f 18610 18611 18612
f 18613 18614 18615
f 18616 18617 18618
f 18619 18620 18621
f 18622 18623 18624
f 18625 18626 18627
f 18628 18629 18630
f 18631 18632 18633
f 18634 18635 18636
f 18637 18638 18639
f 18640 18641 18642
f 18643 18644 18645
f 18646 18647 18648
f 18649 18650 18651
f 18652 18653 18654
f 18655 18656 18657
f 18658 18659 18660
f 18661 18662 18663
f 18664 18665 18666
f 18667 18668 18669
f 18670 18671 18672
f 18673 18674 18675
f 18676 18677 18678
f 18679 18680 18681
f 18682 18683 18684
f 18685 18686 18687
f 18688 18689 18690
f 18691 18692 18693
f 18694 18695 18696
f 18697 18698 18699
f 18700 18701 18702
f 18703 18704 18705
f 18706 18707 18708
f 18709 18710 18711
f 18712 18713 18714
f 18715 18716 18717
f 18718 18719 18720
f 18721 18722 18723
f 18724 18725 18726
f 18727 18728 18729
f 18730 18731 18732
f 18733 18734 18735
f 18736 18737 18738
f 18739 18740 18741
f 18742 18743 18744
f 18745 18746 18747
f 18748 18749 18750
f 18751 18752 18753
f 18754 18755 18756
f 18757 18758 18759
f 18760 18761 18762
f 18763 18764 18765
f 18766 18767 18768
f 18769 18770 18771
f 18772 18773 18774
f 18775 18776 18777
f 18778 18779 18780
f 18781 18782 18783
f 18784 18785 18786
f 18787 18788 18789
f 18790 18791 18792
f 18793 18794 18795
f 18796 18797 18798
f 18799 18800 18801
f 18802 18803 18804
f 18805 18806 18807
f 18808 18809 18810
f 18811 18812 18813
f 18814 18815 18816
f 18817 18818 18819
f 18820 18821 18822
f 18823 18824 18825
f 18826 18827 18828
f 18829 18830 18831
f 18832 18833 18834
f 18835 18836 18837
f 18838 18839 18840
f 18841 18842 18843
f 18844 18845 18846
f 18847 18848 18849
f 18850 18851 18852
f 18853 18854 18855
f 18856 18857 18858
f 18859 18860 18861
f 18862 18863 18864
f 18865 18866 18867
f 18868 18869 18870
f 18871 18872 18873
f 18874 18875 18876
f 18877 18878 18879
f 18880 18881 18882
f 18883 18884 18885
f 18886 18887 18888
f 18889 18890 18891
f 18892 18893 18894
f 18895 18896 18897
f 18898 18899 18900
f 18901 18902 18903
f 18904 18905 18906
f 18907 18908 18909
f 18910 18911 18912
f 18913 18914 18915
f 18916 18917 18918
f 18919 18920 18921
f 18922 18923 18924
f 18925 18926 18927
f 18928 18929 18930
f 18931 18932 18933
f 18934 18935 18936
f 18937 18938 18939
f 18940 18941 18942
f 18943 18944 18945
f 18946 18947 18948
f 18949 18950 18951
f 18952 18953 18954
f 18955 18956 18957
f 18958 18959 18960
f 18961 18962 18963
f 18964 18965 18966
f 18967 18968 18969
f 18970 18971 18972
f 18973 18974 18975
f 18976 18977 18978
f 18979 18980 18981
f 18982 18983 18984
f 18985 18986 18987
f 18988 18989 18990
f 18991 18992 18993
f 18994 18995 18996
f 18997 18998 18999
f 19000 19001 19002
f 19003 19004 19005
f 19006 19007 19008
f 19009 19010 19011
f 19012 19013 19014
f 19015 19016 19017
f 19018 19019 19020
f 19021 19022 19023
f 19024 19025 19026
f 19027 19028 19029
f 19030 19031 19032
f 19033 19034 19035
f 19036 19037 19038
f 19039 19040 19041
f 19042 19043 19044
f 19045 19046 19047
f 19048 19049 19050
f 19051 19052 19053
f 19054 19055 19056
f 19057 19058 19059
f 19060 19061 19062
f 19063 19064 19065
f 19066 19067 19068
f 19069 19070 19071
f 19072 19073 19074
f 19075 19076 19077
f 19078 19079 19080
f 19081 19082 19083
f 19084 19085 19086
f 19087 19088 19089
f 19090 19091 19092
f 19093 19094 19095
f 19096 19097 19098
f 19099 19100 19101
f 19102 19103 19104
f 19105 19106 19107
f 19108 19109 19110
f 19111 19112 19113
f 19114 19115 19116
f 19117 19118 19119
f 19120 19121 19122
f 19123 19124 19125
f 19126 19127 19128
f 19129 19130 19131
f 19132 19133 19134
f 19135 19136 19137
f 19138 19139 19140
f 19141 19142 19143
f 19144 19145 19146
f 19147 19148 19149
f 19150 19151 19152
f 19153 19154 19155
f 19156 19157 19158
f 19159 19160 19161
f 19162 19163 19164
f 19165 19166 19167
f 19168 19169 19170
f 19171 19172 19173
f 19174 19175 19176
f 19177 19178 19179
f 19180 19181 19182
f 19183 19184 19185
f 19186 19187 19188
f 19189 19190 19191
f 19192 19193 19194
f 19195 19196 19197
f 19198 19199 19200
f 19201 19202 19203
f 19204 19205 19206
f 19207 19208 19209
f 19210 19211 19212
f 19213 19214 19215
f 19216 19217 19218
f 19219 19220 19221
f 19222 19223 19224
f 19225 19226 19227
f 19228 19229 19230
f 19231 19232 19233
f 19234 19235 19236
f 19237 19238 19239
f 19240 19241 19242
f 19243 19244 19245
f 19246 19247 19248
f 19249 19250 19251
f 19252 19253 19254
f 19255 19256 19257
f 19258 19259 19260
f 19261 19262 19263
f 19264 19265 19266
f 19267 19268 19269
f 19270 19271 19272
f 19273 19274 19275
f 19276 19277 19278
f 19279 19280 19281
f 19282 19283 19284
f 19285 19286 19287
f 19288 19289 19290
f 19291 19292 19293
f 19294 19295 19296
f 19297 19298 19299
f 19300 19301 19302
f 19303 19304 19305
f 19306 19307 19308
f 19309 19310 19311
f 19312 19313 19314
f 19315 19316 19317
f 19318 19319 19320
f 19321 19322 19323
f 19324 19325 19326
f 19327 19328 19329
f 19330 19331 19332
f 19333 19334 19335
f 19336 19337 19338
f 19339 19340 19341
f 19342 19343 19344
f 19345 19346 19347
f 19348 19349 19350
f 19351 19352 19353
f 19354 19355 19356
f 19357 19358 19359
f 19360 19361 19362
f 19363 19364 19365
f 19366 19367 19368
f 19369 19370 19371
f 19372 19373 19374
f 19375 19376 19377
f 19378 19379 19380
f 19381 19382 19383
f 19384 19385 19386
f 19387 19388 19389
f 19390 19391 19392
f 19393 19394 19395
f 19396 19397 19398
f 19399 19400 19401
f 19402 19403 19404
f 19405 19406 19407
f 19408 19409 19410
f 19411 19412 19413
f 19414 19415 19416
f 19417 19418 19419
f 19420 19421 19422
f 19423 19424 19425
f 19426 19427 19428
f 19429 19430 19431
f 19432 19433 19434
f 19435 19436 19437
f 19438 19439 19440
f 19441 19442 19443
f 19444 19445 19446
f 19447 19448 19449
f 19450 19451 19452
f 19453 19454 19455
f 19456 19457 19458
f 19459 19460 19461
f 19462 19463 19464
f 19465 19466 19467
f 19468 19469 19470
f 19471 19472 19473
f 19474 19475 19476
f 19477 19478 19479
f 19480 19481 19482
f 19483 19484 19485
f 19486 19487 19488
f 19489 19490 19491
f 19492 19493 19494
f 19495 19496 19497
f 19498 19499 19500
f 19501 19502 19503
f 19504 19505 19506
f 19507 19508 19509
f 19510 19511 19512
f 19513 19514 19515
f 19516 19517 19518
f 19519 19520 19521
f 19522 19523 19524
f 19525 19526 19527
f 19528 19529 19530
f 19531 19532 19533
f 19534 19535 19536
f 19537 19538 19539
f 19540 19541 19542
f 19543 19544 19545
f 19546 19547 19548
f 19549 19550 19551
f 19552 19553 19554
f 19555 19556 19557
f 19558 19559 19560
f 19561 19562 19563
f 19564 19565 19566
f 19567 19568 19569
f 19570 19571 19572
f 19573 19574 19575
f 19576 19577 19578
f 19579 19580 19581
f 19582 19583 19584
f 19585 19586 19587
f 19588 19589 19590
f 19591 19592 19593
f 19594 19595 19596
f 19597 19598 19599
f 19600 19601 19602
f 19603 19604 19605
f 19606 19607 19608
f 19609 19610 19611
f 19612 19613 19614
f 19615 19616 19617
f 19618 19619 19620
f 19621 19622 19623
f 19624 19625 19626
f 19627 19628 19629
f 19630 19631 19632
f 19633 19634 19635
f 19636 19637 19638
f 19639 19640 19641
f 19642 19643 19644
f 19645 19646 19647
f 19648 19649 19650
f 19651 19652 19653
f 19654 19655 19656
f 19657 19658 19659
f 19660 19661 19662
f 19663 19664 19665
f 19666 19667 19668
f 19669 19670 19671
f 19672 19673 19674
f 19675 19676 19677
f 19678 19679 19680
f 19681 19682 19683
f 19684 19685 19686
f 19687 19688 19689
f 19690 19691 19692
f 19693 19694 19695
f 19696 19697 19698
f 19699 19700 19701
f 19702 19703 19704
f 19705 19706 19707
f 19708 19709 19710
f 19711 19712 19713
f 19714 19715 19716
f 19717 19718 19719
f 19720 19721 19722
f 19723 19724 19725
f 19726 19727 19728
f 19729 19730 19731
f 19732 19733 19734
f 19735 19736 19737
f 19738 19739 19740
f 19741 19742 19743
f 19744 19745 19746
f 19747 19748 19749
f 19750 19751 19752
f 19753 19754 19755
f 19756 19757 19758
f 19759 19760 19761
f 19762 19763 19764
f 19765 19766 19767
f 19768 19769 19770
f 19771 19772 19773
f 19774 19775 19776
f 19777 19778 19779
f 19780 19781 19782
f 19783 19784 19785
f 19786 19787 19788
f 19789 19790 19791
f 19792 19793 19794
f 19795 19796 19797
f 19798 19799 19800
f 19801 19802 19803
f 19804 19805 19806
f 19807 19808 19809
f 19810 19811 19812
f 19813 19814 19815
f 19816 19817 19818
f 19819 19820 19821
f 19822 19823 19824
f 19825 19826 19827
f 19828 19829 19830
f 19831 19832 19833
f 19834 19835 19836
f 19837 19838 19839
f 19840 19841 19842
f 19843 19844 19845
f 19846 19847 19848
f 19849 19850 19851
f 19852 19853 19854
f 19855 19856 19857
f 19858 19859 19860
f 19861 19862 19863
f 19864 19865 19866
f 19867 19868 19869
f 19870 19871 19872
f 19873 19874 19875
f 19876 19877 19878
f 19879 19880 19881
f 19882 19883 19884
f 19885 19886 19887
f 19888 19889 19890
f 19891 19892 19893
f 19894 19895 19896
f 19897 19898 19899
f 19900 19901 19902
f 19903 19904 19905
f 19906 19907 19908
f 19909 19910 19911
f 19912 19913 19914
f 19915 19916 19917
f 19918 19919 19920
f 19921 19922 19923
f 19924 19925 19926
f 19927 19928 19929
f 19930 19931 19932
f 19933 19934 19935
f 19936 19937 19938
f 19939 19940 19941
f 19942 19943 19944
f 19945 19946 19947
f 19948 19949 19950
f 19951 19952 19953
f 19954 19955 19956
f 19957 19958 19959
f 19960 19961 19962
f 19963 19964 19965
f 19966 19967 19968
f 19969 19970 19971
f 19972 19973 19974
f 19975 19976 19977
f 19978 19979 19980
f 19981 19982 19983
f 19984 19985 19986
f 19987 19988 19989
f 19990 19991 19992
f 19993 19994 19995
f 19996 19997 19998
f 19999 20000 20001
f 20002 20003 20004
f 20005 20006 20007
f 20008 20009 20010
f 20011 20012 20013
f 20014 20015 20016
f 20017 20018 20019
f 20020 20021 20022
f 20023 20024 20025
f 20026 20027 20028
f 20029 20030 20031
f 20032 20033 20034
f 20035 20036 20037
f 20038 20039 20040
f 20041 20042 20043
f 20044 20045 20046
f 20047 20048 20049
f 20050 20051 20052
f 20053 20054 20055
f 20056 20057 20058
f 20059 20060 20061
f 20062 20063 20064
f 20065 20066 20067
f 20068 20069 20070
f 20071 20072 20073
f 20074 20075 20076
f 20077 20078 20079
f 20080 20081 20082
f 20083 20084 20085
f 20086 20087 20088
f 20089 20090 20091
f 20092 20093 20094
f 20095 20096 20097
f 20098 20099 20100
f 20101 20102 20103
f 20104 20105 20106
f 20107 20108 20109
f 20110 20111 20112
f 20113 20114 20115
f 20116 20117 20118
f 20119 20120 20121
f 20122 20123 20124
f 20125 20126 20127
f 20128 20129 20130
f 20131 20132 20133
f 20134 20135 20136
f 20137 20138 20139
f 20140 20141 20142
f 20143 20144 20145
f 20146 20147 20148
f 20149 20150 20151
f 20152 20153 20154
f 20155 20156 20157
f 20158 20159 20160
f 20161 20162 20163
f 20164 20165 20166
f 20167 20168 20169
f 20170 20171 20172
f 20173 20174 20175
f 20176 20177 20178
f 20179 20180 20181
f 20182 20183 20184
f 20185 20186 20187
f 20188 20189 20190
f 20191 20192 20193
f 20194 20195 20196
f 20197 20198 20199
f 20200 20201 20202
f 20203 20204 20205
f 20206 20207 20208
f 20209 20210 20211
f 20212 20213 20214
f 20215 20216 20217
f 20218 20219 20220
f 20221 20222 20223
f 20224 20225 20226
f 20227 20228 20229
f 20230 20231 20232
f 20233 20234 20235
f 20236 20237 20238
f 20239 20240 20241
f 20242 20243 20244
f 20245 20246 20247
f 20248 20249 20250
f 20251 20252 20253
f 20254 20255 20256
f 20257 20258 20259
f 20260 20261 20262
f 20263 20264 20265
f 20266 20267 20268
f 20269 20270 20271
f 20272 20273 20274
f 20275 20276 20277
f 20278 20279 20280
f 20281 20282 20283
f 20284 20285 20286
f 20287 20288 20289
f 20290 20291 20292
f 20293 20294 20295
f 20296 20297 20298
f 20299 20300 20301
f 20302 20303 20304
f 20305 20306 20307
f 20308 20309 20310
f 20311 20312 20313
f 20314 20315 20316
f 20317 20318 20319
f 20320 20321 20322
f 20323 20324 20325
f 20326 20327 20328
f 20329 20330 20331
f 20332 20333 20334
f 20335 20336 20337
f 20338 20339 20340
f 20341 20342 20343
f 20344 20345 20346
f 20347 20348 20349
f 20350 20351 20352
f 20353 20354 20355
f 20356 20357 20358
f 20359 20360 20361
f 20362 20363 20364
f 20365 20366 20367
f 20368 20369 20370
f 20371 20372 20373
f 20374 20375 20376
f 20377 20378 20379
f 20380 20381 20382
f 20383 20384 20385
f 20386 20387 20388
f 20389 20390 20391
f 20392 20393 20394
f 20395 20396 20397
f 20398 20399 20400
f 20401 20402 20403
f 20404 20405 20406
f 20407 20408 20409
f 20410 20411 20412
f 20413 20414 20415
f 20416 20417 20418
f 20419 20420 20421
f 20422 20423 20424
f 20425 20426 20427
f 20428 20429 20430
f 20431 20432 20433
f 20434 20435 20436
f 20437 20438 20439
f 20440 20441 20442
f 20443 20444 20445
f 20446 20447 20448
f 20449 20450 20451
f 20452 20453 20454
f 20455 20456 20457
f 20458 20459 20460
f 20461 20462 20463
f 20464 20465 20466
f 20467 20468 20469
f 20470 20471 20472
f 20473 20474 20475
f 20476 20477 20478
f 20479 20480 20481
f 20482 20483 20484
f 20485 20486 20487
f 20488 20489 20490
f 20491 20492 20493
f 20494 20495 20496
f 20497 20498 20499
f 20500 20501 20502
f 20503 20504 20505
f 20506 20507 20508
f 20509 20510 20511
f 20512 20513 20514
f 20515 20516 20517
f 20518 20519 20520
f 20521 20522 20523
f 20524 20525 20526
f 20527 20528 20529
f 20530 20531 20532
f 20533 20534 20535
f 20536 20537 20538
f 20539 20540 20541
f 20542 20543 20544
f 20545 20546 20547
f 20548 20549 20550
f 20551 20552 20553
f 20554 20555 20556
f 20557 20558 20559
f 20560 20561 20562
f 20563 20564 20565
f 20566 20567 20568
f 20569 20570 20571
f 20572 20573 20574
f 20575 20576 20577
f 20578 20579 20580
f 20581 20582 20583
f 20584 20585 20586
f 20587 20588 20589
f 20590 20591 20592
f 20593 20594 20595
f 20596 20597 20598
f 20599 20600 20601
f 20602 20603 20604
f 20605 20606 20607
f 20608 20609 20610
f 20611 20612 20613
f 20614 20615 20616
f 20617 20618 20619
f 20620 20621 20622
f 20623 20624 20625
f 20626 20627 20628
f 20629 20630 20631
f 20632 20633 20634
f 20635 20636 20637
f 20638 20639 20640
f 20641 20642 20643
f 20644 20645 20646
f 20647 20648 20649
f 20650 20651 20652
f 20653 20654 20655
f 20656 20657 20658
f 20659 20660 20661
f 20662 20663 20664
f 20665 20666 20667
f 20668 20669 20670
f 20671 20672 20673
f 20674 20675 20676
f 20677 20678 20679
f 20680 20681 20682
f 20683 20684 20685
f 20686 20687 20688
f 20689 20690 20691
f 20692 20693 20694
f 20695 20696 20697
f 20698 20699 20700
f 20701 20702 20703
f 20704 20705 20706
f 20707 20708 20709
f 20710 20711 20712
f 20713 20714 20715
f 20716 20717 20718
f 20719 20720 20721
f 20722 20723 20724
f 20725 20726 20727
f 20728 20729 20730
f 20731 20732 20733
f 20734 20735 20736
f 20737 20738 20739
f 20740 20741 20742
f 20743 20744 20745
f 20746 20747 20748
f 20749 20750 20751
f 20752 20753 20754
f 20755 20756 20757
f 20758 20759 20760
f 20761 20762 20763
f 20764 20765 20766
f 20767 20768 20769
f 20770 20771 20772
f 20773 20774 20775
f 20776 20777 20778
f 20779 20780 20781
f 20782 20783 20784
f 20785 20786 20787
f 20788 20789 20790
f 20791 20792 20793
f 20794 20795 20796
f 20797 20798 20799
f 20800 20801 20802
f 20803 20804 20805
f 20806 20807 20808
f 20809 20810 20811
f 20812 20813 20814
f 20815 20816 20817
f 20818 20819 20820
f 20821 20822 20823
f 20824 20825 20826
f 20827 20828 20829
f 20830 20831 20832
f 20833 20834 20835
f 20836 20837 20838
f 20839 20840 20841
f 20842 20843 20844
f 20845 20846 20847
f 20848 20849 20850
f 20851 20852 20853
f 20854 20855 20856
f 20857 20858 20859
f 20860 20861 20862
f 20863 20864 20865
f 20866 20867 20868
f 20869 20870 20871
f 20872 20873 20874
f 20875 20876 20877
f 20878 20879 20880
f 20881 20882 20883
f 20884 20885 20886
f 20887 20888 20889
f 20890 20891 20892
f 20893 20894 20895
f 20896 20897 20898
f 20899 20900 20901
f 20902 20903 20904
f 20905 20906 20907
f 20908 20909 20910
f 20911 20912 20913
f 20914 20915 20916
f 20917 20918 20919
f 20920 20921 20922
f 20923 20924 20925
f 20926 20927 20928
f 20929 20930 20931
f 20932 20933 20934
f 20935 20936 20937
f 20938 20939 20940
f 20941 20942 20943
f 20944 20945 20946
f 20947 20948 20949
f 20950 20951 20952
f 20953 20954 20955
f 20956 20957 20958
f 20959 20960 20961
f 20962 20963 20964
f 20965 20966 20967
f 20968 20969 20970
f 20971 20972 20973
f 20974 20975 20976
f 20977 20978 20979
f 20980 20981 20982
f 20983 20984 20985
f 20986 20987 20988
f 20989 20990 20991
f 20992 20993 20994
f 20995 20996 20997
f 20998 20999 21000
f 21001 21002 21003
f 21004 21005 21006
f 21007 21008 21009
f 21010 21011 21012
f 21013 21014 21015
f 21016 21017 21018
f 21019 21020 21021
f 21022 21023 21024
f 21025 21026 21027
f 21028 21029 21030
f 21031 21032 21033
f 21034 21035 21036
f 21037 21038 21039
f 21040 21041 21042
f 21043 21044 21045
f 21046 21047 21048
f 21049 21050 21051
f 21052 21053 21054
f 21055 21056 21057
f 21058 21059 21060
f 21061 21062 21063
f 21064 21065 21066
f 21067 21068 21069
f 21070 21071 21072
f 21073 21074 21075
f 21076 21077 21078
f 21079 21080 21081
f 21082 21083 21084
f 21085 21086 21087
f 21088 21089 21090
f 21091 21092 21093
f 21094 21095 21096
f 21097 21098 21099
f 21100 21101 21102
f 21103 21104 21105
f 21106 21107 21108
f 21109 21110 21111
f 21112 21113 21114
f 21115 21116 21117
f 21118 21119 21120
f 21121 21122 21123
f 21124 21125 21126
f 21127 21128 21129
f 21130 21131 21132
f 21133 21134 21135
f 21136 21137 21138
f 21139 21140 21141
f 21142 21143 21144
f 21145 21146 21147
f 21148 21149 21150
f 21151 21152 21153
f 21154 21155 21156
f 21157 21158 21159
f 21160 21161 21162
f 21163 21164 21165
f 21166 21167 21168
f 21169 21170 21171
f 21172 21173 21174
f 21175 21176 21177
f 21178 21179 21180
f 21181 21182 21183
f 21184 21185 21186
f 21187 21188 21189
f 21190 21191 21192
f 21193 21194 21195
f 21196 21197 21198
f 21199 21200 21201
f 21202 21203 21204
f 21205 21206 21207
f 21208 21209 21210
f 21211 21212 21213
f 21214 21215 21216
f 21217 21218 21219
f 21220 21221 21222
f 21223 21224 21225
f 21226 21227 21228
f 21229 21230 21231
f 21232 21233 21234
f 21235 21236 21237
f 21238 21239 21240
f 21241 21242 21243
f 21244 21245 21246
f 21247 21248 21249
f 21250 21251 21252
f 21253 21254 21255
f 21256 21257 21258
f 21259 21260 21261
f 21262 21263 21264
f 21265 21266 21267
f 21268 21269 21270
f 21271 21272 21273
f 21274 21275 21276
f 21277 21278 21279
f 21280 21281 21282
f 21283 21284 21285
f 21286 21287 21288
f 21289 21290 21291
f 21292 21293 21294
f 21295 21296 21297
f 21298 21299 21300
f 21301 21302 21303
f 21304 21305 21306
f 21307 21308 21309
f 21310 21311 21312
f 21313 21314 21315
f 21316 21317 21318
f 21319 21320 21321
f 21322 21323 21324
f 21325 21326 21327
f 21328 21329 21330
f 21331 21332 21333
f 21334 21335 21336
f 21337 21338 21339
f 21340 21341 21342
f 21343 21344 21345
f 21346 21347 21348
f 21349 21350 21351
f 21352 21353 21354
f 21355 21356 21357
f 21358 21359 21360
f 21361 21362 21363
f 21364 21365 21366
f 21367 21368 21369
f 21370 21371 21372
f 21373 21374 21375
f 21376 21377 21378
f 21379 21380 21381
f 21382 21383 21384
f 21385 21386 21387
f 21388 21389 21390
f 21391 21392 21393
f 21394 21395 21396
f 21397 21398 21399
f 21400 21401 21402
f 21403 21404 21405
f 21406 21407 21408
f 21409 21410 21411
f 21412 21413 21414
f 21415 21416 21417
f 21418 21419 21420
f 21421 21422 21423
f 21424 21425 21426
f 21427 21428 21429
f 21430 21431 21432
f 21433 21434 21435
f 21436 21437 21438
f 21439 21440 21441
f 21442 21443 21444
f 21445 21446 21447
f 21448 21449 21450
f 21451 21452 21453
f 21454 21455 21456
f 21457 21458 21459
f 21460 21461 21462
f 21463 21464 21465
f 21466 21467 21468
f 21469 21470 21471
f 21472 21473 21474
f 21475 21476 21477
f 21478 21479 21480
f 21481 21482 21483
f 21484 21485 21486
f 21487 21488 21489
f 21490 21491 21492
f 21493 21494 21495
f 21496 21497 21498
f 21499 21500 21501
f 21502 21503 21504
f 21505 21506 21507
f 21508 21509 21510
f 21511 21512 21513
f 21514 21515 21516
f 21517 21518 21519
f 21520 21521 21522
f 21523 21524 21525
f 21526 21527 21528
f 21529 21530 21531
f 21532 21533 21534
f 21535 21536 21537
f 21538 21539 21540
f 21541 21542 21543
f 21544 21545 21546
f 21547 21548 21549
f 21550 21551 21552
f 21553 21554 21555
f 21556 21557 21558
f 21559 21560 21561
f 21562 21563 21564
f 21565 21566 21567
f 21568 21569 21570
f 21571 21572 21573
f 21574 21575 21576
f 21577 21578 21579
f 21580 21581 21582
f 21583 21584 21585
f 21586 21587 21588
f 21589 21590 21591
f 21592 21593 21594
f 21595 21596 21597
f 21598 21599 21600
f 21601 21602 21603
f 21604 21605 21606
f 21607 21608 21609
f 21610 21611 21612
f 21613 21614 21615
f 21616 21617 21618
f 21619 21620 21621
f 21622 21623 21624
f 21625 21626 21627
f 21628 21629 21630
f 21631 21632 21633
f 21634 21635 21636
f 21637 21638 21639
f 21640 21641 21642
f 21643 21644 21645
f 21646 21647 21648
f 21649 21650 21651
f 21652 21653 21654
f 21655 21656 21657
f 21658 21659 21660
f 21661 21662 21663
f 21664 21665 21666
f 21667 21668 21669
f 21670 21671 21672
f 21673 21674 21675
f 21676 21677 21678
f 21679 21680 21681
f 21682 21683 21684
f 21685 21686 21687
f 21688 21689 21690
f 21691 21692 21693
f 21694 21695 21696
f 21697 21698 21699
f 21700 21701 21702
f 21703 21704 21705
f 21706 21707 21708
f 21709 21710 21711
f 21712 21713 21714
f 21715 21716 21717
f 21718 21719 21720
f 21721 21722 21723
f 21724 21725 21726
f 21727 21728 21729
f 21730 21731 21732
f 21733 21734 21735
f 21736 21737 21738
f 21739 21740 21741
f 21742 21743 21744
f 21745 21746 21747
f 21748 21749 21750
f 21751 21752 21753
f 21754 21755 21756
f 21757 21758 21759
f 21760 21761 21762
f 21763 21764 21765
f 21766 21767 21768
f 21769 21770 21771
f 21772 21773 21774
f 21775 21776 21777
f 21778 21779 21780
f 21781 21782 21783
f 21784 21785 21786
f 21787 21788 21789
f 21790 21791 21792
f 21793 21794 21795
f 21796 21797 21798
f 21799 21800 21801
f 21802 21803 21804
f 21805 21806 21807
f 21808 21809 21810
f 21811 21812 21813
f 21814 21815 21816
f 21817 21818 21819
f 21820 21821 21822
f 21823 21824 21825
f 21826 21827 21828
f 21829 21830 21831
f 21832 21833 21834
f 21835 21836 21837
f 21838 21839 21840
f 21841 21842 21843
f 21844 21845 21846
f 21847 21848 21849
f 21850 21851 21852
f 21853 21854 21855
f 21856 21857 21858
f 21859 21860 21861
f 21862 21863 21864
f 21865 21866 21867
f 21868 21869 21870
f 21871 21872 21873
f 21874 21875 21876
f 21877 21878 21879
f 21880 21881 21882
f 21883 21884 21885
f 21886 21887 21888
f 21889 21890 21891
f 21892 21893 21894
f 21895 21896 21897
f 21898 21899 21900
f 21901 21902 21903
f 21904 21905 21906
f 21907 21908 21909
f 21910 21911 21912
f 21913 21914 21915
f 21916 21917 21918
f 21919 21920 21921
f 21922 21923 21924
f 21925 21926 21927
f 21928 21929 21930
f 21931 21932 21933
f 21934 21935 21936
f 21937 21938 21939
f 21940 21941 21942
f 21943 21944 21945
f 21946 21947 21948
f 21949 21950 21951
f 21952 21953 21954
f 21955 21956 21957
f 21958 21959 21960
f 21961 21962 21963
f 21964 21965 21966
f 21967 21968 21969
f 21970 21971 21972
f 21973 21974 21975
f 21976 21977 21978
f 21979 21980 21981
f 21982 21983 21984
f 21985 21986 21987
f 21988 21989 21990
f 21991 21992 21993
f 21994 21995 21996
f 21997 21998 21999
f 22000 22001 22002
f 22003 22004 22005
f 22006 22007 22008
f 22009 22010 22011
f 22012 22013 22014
f 22015 22016 22017
f 22018 22019 22020
f 22021 22022 22023
f 22024 22025 22026
f 22027 22028 22029
f 22030 22031 22032
f 22033 22034 22035
f 22036 22037 22038
f 22039 22040 22041
f 22042 22043 22044
f 22045 22046 22047
f 22048 22049 22050
f 22051 22052 22053
f 22054 22055 22056
f 22057 22058 22059
f 22060 22061 22062
f 22063 22064 22065
f 22066 22067 22068
f 22069 22070 22071
f 22072 22073 22074
f 22075 22076 22077
f 22078 22079 22080
f 22081 22082 22083
f 22084 22085 22086
f 22087 22088 22089
f 22090 22091 22092
f 22093 22094 22095
f 22096 22097 22098
f 22099 22100 22101
f 22102 22103 22104
f 22105 22106 22107
f 22108 22109 22110
f 22111 22112 22113
f 22114 22115 22116
f 22117 22118 22119
f 22120 22121 22122
f 22123 22124 22125
f 22126 22127 22128
f 22129 22130 22131
f 22132 22133 22134
f 22135 22136 22137
f 22138 22139 22140
f 22141 22142 22143
f 22144 22145 22146
f 22147 22148 22149
f 22150 22151 22152
f 22153 22154 22155
f 22156 22157 22158
f 22159 22160 22161
f 22162 22163 22164
f 22165 22166 22167
f 22168 22169 22170
f 22171 22172 22173
f 22174 22175 22176
f 22177 22178 22179
f 22180 22181 22182
f 22183 22184 22185
f 22186 22187 22188
f 22189 22190 22191
f 22192 22193 22194
f 22195 22196 22197
f 22198 22199 22200
f 22201 22202 22203
f 22204 22205 22206
f 22207 22208 22209
f 22210 22211 22212
f 22213 22214 22215
f 22216 22217 22218
f 22219 22220 22221
f 22222 22223 22224
f 22225 22226 22227
f 22228 22229 22230
f 22231 22232 22233
f 22234 22235 22236
f 22237 22238 22239
f 22240 22241 22242
f 22243 22244 22245
f 22246 22247 22248
f 22249 22250 22251
f 22252 22253 22254
f 22255 22256 22257
f 22258 22259 22260
f 22261 22262 22263
f 22264 22265 22266
f 22267 22268 22269
f 22270 22271 22272
f 22273 22274 22275
f 22276 22277 22278
f 22279 22280 22281
f 22282 22283 22284
f 22285 22286 22287
f 22288 22289 22290
f 22291 22292 22293
f 22294 22295 22296
f 22297 22298 22299
f 22300 22301 22302
f 22303 22304 22305
f 22306 22307 22308
f 22309 22310 22311
f 22312 22313 22314
f 22315 22316 22317
f 22318 22319 22320
f 22321 22322 22323
f 22324 22325 22326
f 22327 22328 22329
f 22330 22331 22332
f 22333 22334 22335
f 22336 22337 22338
f 22339 22340 22341
f 22342 22343 22344
f 22345 22346 22347
f 22348 22349 22350
f 22351 22352 22353
f 22354 22355 22356
f 22357 22358 22359
f 22360 22361 22362
f 22363 22364 22365
f 22366 22367 22368
f 22369 22370 22371
f 22372 22373 22374
f 22375 22376 22377
f 22378 22379 22380
f 22381 22382 22383
f 22384 22385 22386
f 22387 22388 22389
f 22390 22391 22392
f 22393 22394 22395
f 22396 22397 22398
f 22399 22400 22401
f 22402 22403 22404
f 22405 22406 22407
f 22408 22409 22410
f 22411 22412 22413
f 22414 22415 22416
f 22417 22418 22419
f 22420 22421 22422
f 22423 22424 22425
f 22426 22427 22428
f 22429 22430 22431
f 22432 22433 22434
f 22435 22436 22437
f 22438 22439 22440
f 22441 22442 22443
f 22444 22445 22446
f 22447 22448 22449
f 22450 22451 22452
f 22453 22454 22455
f 22456 22457 22458
f 22459 22460 22461
f 22462 22463 22464
f 22465 22466 22467
f 22468 22469 22470
f 22471 22472 22473
f 22474 22475 22476
f 22477 22478 22479
f 22480 22481 22482
f 22483 22484 22485
f 22486 22487 22488
f 22489 22490 22491
f 22492 22493 22494
f 22495 22496 22497
f 22498 22499 22500
f 22501 22502 22503
f 22504 22505 22506
f 22507 22508 22509
f 22510 22511 22512
f 22513 22514 22515
f 22516 22517 22518
f 22519 22520 22521
f 22522 22523 22524
f 22525 22526 22527
f 22528 22529 22530
f 22531 22532 22533
f 22534 22535 22536
f 22537 22538 22539
f 22540 22541 22542
f 22543 22544 22545
f 22546 22547 22548
f 22549 22550 22551
f 22552 22553 22554
f 22555 22556 22557
f 22558 22559 22560
f 22561 22562 22563
f 22564 22565 22566
f 22567 22568 22569
f 22570 22571 22572
f 22573 22574 22575
f 22576 22577 22578
f 22579 22580 22581
f 22582 22583 22584
f 22585 22586 22587
f 22588 22589 22590
f 22591 22592 22593
f 22594 22595 22596
f 22597 22598 22599
f 22600 22601 22602
f 22603 22604 22605
f 22606 22607 22608
f 22609 22610 22611
f 22612 22613 22614
f 22615 22616 22617
f 22618 22619 22620
f 22621 22622 22623
f 22624 22625 22626
f 22627 22628 22629
f 22630 22631 22632
f 22633 22634 22635
f 22636 22637 22638
f 22639 22640 22641
f 22642 22643 22644
f 22645 22646 22647
f 22648 22649 22650
f 22651 22652 22653
f 22654 22655 22656
f 22657 22658 22659
f 22660 22661 22662
f 22663 22664 22665
f 22666 22667 22668
f 22669 22670 22671
f 22672 22673 22674
f 22675 22676 22677
f 22678 22679 22680
f 22681 22682 22683
f 22684 22685 22686
f 22687 22688 22689
f 22690 22691 22692
f 22693 22694 22695
f 22696 22697 22698
f 22699 22700 22701
f 22702 22703 22704
f 22705 22706 22707
f 22708 22709 22710
f 22711 22712 22713
f 22714 22715 22716
f 22717 22718 22719
f 22720 22721 22722
f 22723 22724 22725
f 22726 22727 22728
f 22729 22730 22731
f 22732 22733 22734
f 22735 22736 22737
f 22738 22739 22740
f 22741 22742 22743
f 22744 22745 22746
f 22747 22748 22749
f 22750 22751 22752
f 22753 22754 22755
f 22756 22757 22758
f 22759 22760 22761
f 22762 22763 22764
f 22765 22766 22767
f 22768 22769 22770
f 22771 22772 22773
f 22774 22775 22776
f 22777 22778 22779
f 22780 22781 22782
f 22783 22784 22785
f 22786 22787 22788
f 22789 22790 22791
f 22792 22793 22794
f 22795 22796 22797
f 22798 22799 22800
f 22801 22802 22803
f 22804 22805 22806
f 22807 22808 22809
f 22810 22811 22812
f 22813 22814 22815
f 22816 22817 22818
f 22819 22820 22821
f 22822 22823 22824
f 22825 22826 22827
f 22828 22829 22830
f 22831 22832 22833
f 22834 22835 22836
f 22837 22838 22839
f 22840 22841 22842
f 22843 22844 22845
f 22846 22847 22848
f 22849 22850 22851
f 22852 22853 22854
f 22855 22856 22857
f 22858 22859 22860
f 22861 22862 22863
f 22864 22865 22866
f 22867 22868 22869
f 22870 22871 22872
f 22873 22874 22875
f 22876 22877 22878
f 22879 22880 22881
f 22882 22883 22884
f 22885 22886 22887
f 22888 22889 22890
f 22891 22892 22893
f 22894 22895 22896
f 22897 22898 22899
f 22900 22901 22902
f 22903 22904 22905
f 22906 22907 22908
f 22909 22910 22911
f 22912 22913 22914
f 22915 22916 22917
f 22918 22919 22920
f 22921 22922 22923
f 22924 22925 22926
f 22927 22928 22929
f 22930 22931 22932
f 22933 22934 22935
f 22936 22937 22938
f 22939 22940 22941
f 22942 22943 22944
f 22945 22946 22947
f 22948 22949 22950
f 22951 22952 22953
f 22954 22955 22956
f 22957 22958 22959
f 22960 22961 22962
f 22963 22964 22965
f 22966 22967 22968
f 22969 22970 22971
f 22972 22973 22974
f 22975 22976 22977
f 22978 22979 22980
f 22981 22982 22983
f 22984 22985 22986
f 22987 22988 22989
f 22990 22991 22992
f 22993 22994 22995
f 22996 22997 22998
f 22999 23000 23001
f 23002 23003 23004
f 23005 23006 23007
f 23008 23009 23010
f 23011 23012 23013
f 23014 23015 23016
f 23017 23018 23019
f 23020 23021 23022
f 23023 23024 23025
f 23026 23027 23028
f 23029 23030 23031
f 23032 23033 23034
f 23035 23036 23037
f 23038 23039 23040
f 23041 23042 23043
f 23044 23045 23046
f 23047 23048 23049
f 23050 23051 23052
f 23053 23054 23055
f 23056 23057 23058
f 23059 23060 23061
f 23062 23063 23064
f 23065 23066 23067
f 23068 23069 23070
f 23071 23072 23073
f 23074 23075 23076
f 23077 23078 23079
f 23080 23081 23082
f 23083 23084 23085
f 23086 23087 23088
f 23089 23090 23091
f 23092 23093 23094
f 23095 23096 23097
f 23098 23099 23100
f 23101 23102 23103
f 23104 23105 23106
f 23107 23108 23109
f 23110 23111 23112
f 23113 23114 23115
f 23116 23117 23118
f 23119 23120 23121
f 23122 23123 23124
f 23125 23126 23127
f 23128 23129 23130
f 23131 23132 23133
f 23134 23135 23136
f 23137 23138 23139
f 23140 23141 23142
f 23143 23144 23145
f 23146 23147 23148
f 23149 23150 23151
f 23152 23153 23154
f 23155 23156 23157
f 23158 23159 23160
f 23161 23162 23163
f 23164 23165 23166
f 23167 23168 23169
f 23170 23171 23172
f 23173 23174 23175
f 23176 23177 23178
f 23179 23180 23181
f 23182 23183 23184
f 23185 23186 23187
f 23188 23189 23190
f 23191 23192 23193
f 23194 23195 23196
f 23197 23198 23199
f 23200 23201 23202
f 23203 23204 23205
f 23206 23207 23208
f 23209 23210 23211
f 23212 23213 23214
f 23215 23216 23217
f 23218 23219 23220
f 23221 23222 23223
f 23224 23225 23226
f 23227 23228 23229
f 23230 23231 23232
f 23233 23234 23235
f 23236 23237 23238
f 23239 23240 23241
f 23242 23243 23244
f 23245 23246 23247
f 23248 23249 23250
f 23251 23252 23253
f 23254 23255 23256
f 23257 23258 23259
f 23260 23261 23262
f 23263 23264 23265
f 23266 23267 23268
f 23269 23270 23271
f 23272 23273 23274
f 23275 23276 23277
f 23278 23279 23280
f 23281 23282 23283
f 23284 23285 23286
f 23287 23288 23289
f 23290 23291 23292
f 23293 23294 23295
f 23296 23297 23298
f 23299 23300 23301
f 23302 23303 23304
f 23305 23306 23307
f 23308 23309 23310
f 23311 23312 23313
f 23314 23315 23316
f 23317 23318 23319
f 23320 23321 23322
f 23323 23324 23325
f 23326 23327 23328
f 23329 23330 23331
f 23332 23333 23334
f 23335 23336 23337
f 23338 23339 23340
f 23341 23342 23343
f 23344 23345 23346
f 23347 23348 23349
f 23350 23351 23352
f 23353 23354 23355
f 23356 23357 23358
f 23359 23360 23361
f 23362 23363 23364
f 23365 23366 23367
f 23368 23369 23370
f 23371 23372 23373
f 23374 23375 23376
f 23377 23378 23379
f 23380 23381 23382
f 23383 23384 23385
f 23386 23387 23388
f 23389 23390 23391
f 23392 23393 23394
f 23395 23396 23397
f 23398 23399 23400
f 23401 23402 23403
f 23404 23405 23406
f 23407 23408 23409
f 23410 23411 23412
f 23413 23414 23415
f 23416 23417 23418
f 23419 23420 23421
f 23422 23423 23424
f 23425 23426 23427
f 23428 23429 23430
f 23431 23432 23433
f 23434 23435 23436
f 23437 23438 23439
f 23440 23441 23442
f 23443 23444 23445
f 23446 23447 23448
f 23449 23450 23451
f 23452 23453 23454
f 23455 23456 23457
f 23458 23459 23460
f 23461 23462 23463
f 23464 23465 23466
f 23467 23468 23469
f 23470 23471 23472
f 23473 23474 23475
f 23476 23477 23478
f 23479 23480 23481
f 23482 23483 23484
f 23485 23486 23487
f 23488 23489 23490
f 23491 23492 23493
f 23494 23495 23496
f 23497 23498 23499
f 23500 23501 23502
f 23503 23504 23505
f 23506 23507 23508
f 23509 23510 23511
f 23512 23513 23514
f 23515 23516 23517
f 23518 23519 23520
f 23521 23522 23523
f 23524 23525 23526
f 23527 23528 23529
f 23530 23531 23532
f 23533 23534 23535
f 23536 23537 23538
f 23539 23540 23541
f 23542 23543 23544
f 23545 23546 23547
f 23548 23549 23550
f 23551 23552 23553
f 23554 23555 23556
f 23557 23558 23559
f 23560 23561 23562
f 23563 23564 23565
f 23566 23567 23568
f 23569 23570 23571
f 23572 23573 23574
f 23575 23576 23577
f 23578 23579 23580
f 23581 23582 23583
f 23584 23585 23586
f 23587 23588 23589
f 23590 23591 23592
f 23593 23594 23595
f 23596 23597 23598
f 23599 23600 23601
f 23602 23603 23604
f 23605 23606 23607
f 23608 23609 23610
f 23611 23612 23613
f 23614 23615 23616
f 23617 23618 23619
f 23620 23621 23622
f 23623 23624 23625
f 23626 23627 23628
f 23629 23630 23631
f 23632 23633 23634
f 23635 23636 23637
f 23638 23639 23640
f 23641 23642 23643
f 23644 23645 23646
f 23647 23648 23649
f 23650 23651 23652
f 23653 23654 23655
f 23656 23657 23658
f 23659 23660 23661
f 23662 23663 23664
f 23665 23666 23667
f 23668 23669 23670
f 23671 23672 23673
f 23674 23675 23676
f 23677 23678 23679
f 23680 23681 23682
f 23683 23684 23685
f 23686 23687 23688
f 23689 23690 23691
f 23692 23693 23694
f 23695 23696 23697
f 23698 23699 23700
f 23701 23702 23703
f 23704 23705 23706
f 23707 23708 23709
f 23710 23711 23712
f 23713 23714 23715
f 23716 23717 23718
f 23719 23720 23721
f 23722 23723 23724
f 23725 23726 23727
f 23728 23729 23730
f 23731 23732 23733
f 23734 23735 23736
f 23737 23738 23739
f 23740 23741 23742
f 23743 23744 23745
f 23746 23747 23748
f 23749 23750 23751
f 23752 23753 23754
f 23755 23756 23757
f 23758 23759 23760
f 23761 23762 23763
f 23764 23765 23766
f 23767 23768 23769
f 23770 23771 23772
f 23773 23774 23775
f 23776 23777 23778
f 23779 23780 23781
f 23782 23783 23784
f 23785 23786 23787
f 23788 23789 23790
f 23791 23792 23793
f 23794 23795 23796
f 23797 23798 23799
f 23800 23801 23802
f 23803 23804 23805
f 23806 23807 23808
f 23809 23810 23811
f 23812 23813 23814
f 23815 23816 23817
f 23818 23819 23820
f 23821 23822 23823
f 23824 23825 23826
f 23827 23828 23829
f 23830 23831 23832
f 23833 23834 23835
f 23836 23837 23838
f 23839 23840 23841
f 23842 23843 23844
f 23845 23846 23847
f 23848 23849 23850
f 23851 23852 23853
f 23854 23855 23856
f 23857 23858 23859
f 23860 23861 23862
f 23863 23864 23865
f 23866 23867 23868
f 23869 23870 23871
f 23872 23873 23874
f 23875 23876 23877
f 23878 23879 23880
f 23881 23882 23883
f 23884 23885 23886
f 23887 23888 23889
f 23890 23891 23892
f 23893 23894 23895
f 23896 23897 23898
f 23899 23900 23901
f 23902 23903 23904
f 23905 23906 23907
f 23908 23909 23910
f 23911 23912 23913
f 23914 23915 23916
f 23917 23918 23919
f 23920 23921 23922
f 23923 23924 23925
f 23926 23927 23928
f 23929 23930 23931
f 23932 23933 23934
f 23935 23936 23937
f 23938 23939 23940
f 23941 23942 23943
f 23944 23945 23946
f 23947 23948 23949
f 23950 23951 23952
f 23953 23954 23955
f 23956 23957 23958
f 23959 23960 23961
f 23962 23963 23964
f 23965 23966 23967
f 23968 23969 23970
f 23971 23972 23973
f 23974 23975 23976
f 23977 23978 23979
f 23980 23981 23982
f 23983 23984 23985
f 23986 23987 23988
f 23989 23990 23991
f 23992 23993 23994
f 23995 23996 23997
f 23998 23999 24000
f 24001 24002 24003
f 24004 24005 24006
f 24007 24008 24009
f 24010 24011 24012
f 24013 24014 24015
f 24016 24017 24018
f 24019 24020 24021
f 24022 24023 24024
f 24025 24026 24027
f 24028 24029 24030
f 24031 24032 24033
f 24034 24035 24036
f 24037 24038 24039
f 24040 24041 24042
f 24043 24044 24045
f 24046 24047 24048
f 24049 24050 24051
f 24052 24053 24054
f 24055 24056 24057
f 24058 24059 24060
f 24061 24062 24063
f 24064 24065 24066
f 24067 24068 24069
f 24070 24071 24072
f 24073 24074 24075
f 24076 24077 24078
f 24079 24080 24081
f 24082 24083 24084
f 24085 24086 24087
f 24088 24089 24090
f 24091 24092 24093
f 24094 24095 24096
f 24097 24098 24099
f 24100 24101 24102
f 24103 24104 24105
f 24106 24107 24108
f 24109 24110 24111
f 24112 24113 24114
f 24115 24116 24117
f 24118 24119 24120
f 24121 24122 24123
f 24124 24125 24126
f 24127 24128 24129
f 24130 24131 24132
f 24133 24134 24135
f 24136 24137 24138
f 24139 24140 24141
f 24142 24143 24144
f 24145 24146 24147
f 24148 24149 24150
f 24151 24152 24153
f 24154 24155 24156
f 24157 24158 24159
f 24160 24161 24162
f 24163 24164 24165
f 24166 24167 24168
f 24169 24170 24171
f 24172 24173 24174
f 24175 24176 24177
f 24178 24179 24180
f 24181 24182 24183
f 24184 24185 24186
f 24187 24188 24189
f 24190 24191 24192
